Event,Campaign,Station,Type,"Date/Time (GPS Navigator, Koden, KGP-920)","Longitude (GPS Navigator, Koden, KGP-920)","Latitude (GPS Navigator, Koden, KGP-920)","Elevation [m a.s.l.] (Echosounder, Elac-Nautik, Hyd...)","Depth water [m] (CTD, Sea-Bird, SBE 25plus; ca...)","Temp [°C] (CTD, Sea-Bird, SBE 25plus; ca...)","Sal (PSU, CTD, Sea-Bird, SBE 25plu...)","Sigma-theta [kg/m**3] (CTD, Sea-Bird, SBE 25plus; ca...)","DO [mg/l] (CTD, Sea-Bird, SBE 25plus; me...)","DO [%] (CTD, Sea-Bird, SBE 25plus; me...)","Fluorescence [mg/m**3] (CTD, Sea-Bird, SBE 25plus; me...)","Turbidity [NTU] (CTD, Sea-Bird, SBE 25plus; me...)","PAR (CTD, Sea-Bird, SBE 25plus; me...)","Press [dbar] (CTD, Sea-Bird, SBE 25plus; ca...)","Cond [mS/cm] (CTD, Sea-Bird, SBE 25plus; me...)","pH (determined in laboratory, pH ...)","Temp [°C] (determined in laboratory, pH ...)","Eh [mV] (determined in laboratory, Red...)",z(SD) [m] (Secchi disc),"[PO4]3- [µmol/l] (determined in laboratory, Aut...)","TP [µmol/l] (determined in laboratory, Aut...)","Si(OH)4 [µmol/l] (determined in laboratory, Aut...)","[NO3]- + [NO2]- [µmol/l] (determined in laboratory, Aut...)","[NH4]+ [µmol/l] (determined in laboratory, Aut...)","TN [µmol/l] (determined in laboratory, Aut...)","Chl a [µg/l] (determined in laboratory, Aut...)","DO [mg/l] (determined in laboratory, Win...)"
2025-09_ASTRA_01_39,2025-09_ASTRA,01_39,C,2025-09-06T06:19:00,29.0376,40.835201,-100,1,23.6065,24.0472,15.4831,7.1709,97.079,0.6945,0.2037,56.839,1.008,36.8708,8.389,22.7,154.1,10.0,0.0979,0.2443,0.6536,0.05,0.5299,7.7064,1.079,7.0961
2025-09_ASTRA_01_39,2025-09_ASTRA,01_39,C,2025-09-06T06:19:00,29.0376,40.835201,-100,2,23.7519,24.1841,15.5457,7.1927,97.704,0.6776,0.2173,46.234,2.016,37.17,,,,,,,,,,,,
2025-09_ASTRA_01_39,2025-09_ASTRA,01_39,C,2025-09-06T06:19:00,29.0376,40.835201,-100,3,24.1816,25.0616,16.0852,7.2061,99.128,0.805,0.2064,38.705,3.023,38.72,,,,,,,,,,,,
2025-09_ASTRA_01_39,2025-09_ASTRA,01_39,C,2025-09-06T06:19:00,29.0376,40.835201,-100,4,24.1399,26.5514,17.2196,7.0077,97.158,1.3087,0.2361,32.676,4.031,40.7495,,,,,,,,,,,,
2025-09_ASTRA_01_39,2025-09_ASTRA,01_39,C,2025-09-06T06:19:00,29.0376,40.835201,-100,5,23.6481,27.0343,17.7234,6.9048,95.168,1.3458,0.248,27.069,5.039,41.0089,,,,,,,,,,,,
2025-09_ASTRA_01_39,2025-09_ASTRA,01_39,C,2025-09-06T06:19:00,29.0376,40.835201,-100,6,23.2643,27.3323,18.0564,6.8214,93.541,1.2643,0.2575,21.979,6.047,41.0958,,,,,,,,,,,,
2025-09_ASTRA_01_39,2025-09_ASTRA,01_39,C,2025-09-06T06:19:00,29.0376,40.835201,-100,7,22.6984,27.6091,18.4209,6.3645,86.554,1.1282,0.2679,18.087,7.055,40.9909,,,,,,,,,,,,
2025-09_ASTRA_01_39,2025-09_ASTRA,01_39,C,2025-09-06T06:19:00,29.0376,40.835201,-100,8,20.7625,28.6171,19.7055,6.2614,82.684,1.0423,0.2854,15.104,8.062,40.672,,,,,,,,,,,,
2025-09_ASTRA_01_39,2025-09_ASTRA,01_39,C,2025-09-06T06:19:00,29.0376,40.835201,-100,9,20.664,30.7725,21.3678,5.7263,76.451,1.1851,0.2824,12.904,9.071,43.2943,,,,,,,,,,,,
2025-09_ASTRA_01_39,2025-09_ASTRA,01_39,C,2025-09-06T06:19:00,29.0376,40.835201,-100,10,18.7533,34.3759,24.6066,5.3249,70.102,0.7086,0.203,10.929,10.078,45.9146,8.155,19.5,157.2,,0.2928,0.3105,6.4087,0.19,0.041,4.0062,0.241,4.9558
2025-09_ASTRA_01_39,2025-09_ASTRA,01_39,C,2025-09-06T06:19:00,29.0376,40.835201,-100,11,17.9113,35.7516,25.8699,5.1147,66.824,0.6655,0.193,9.1367,11.086,46.6909,,,,,,,,,,,,
2025-09_ASTRA_01_39,2025-09_ASTRA,01_39,C,2025-09-06T06:19:00,29.0376,40.835201,-100,12,17.427,36.6622,26.6872,4.8799,63.522,1.0373,0.2151,7.8494,12.094,47.2428,,,,,,,,,,,,
2025-09_ASTRA_01_39,2025-09_ASTRA,01_39,C,2025-09-06T06:19:00,29.0376,40.835201,-100,13,17.1205,37.2045,27.1783,4.8481,62.948,1.2563,0.2392,6.815,13.102,47.5422,,,,,,,,,,,,
2025-09_ASTRA_01_39,2025-09_ASTRA,01_39,C,2025-09-06T06:19:00,29.0376,40.835201,-100,14,16.9133,37.671,27.587,4.8426,62.804,1.0934,0.2126,5.8742,14.11,47.8531,,,,,,,,,,,,
2025-09_ASTRA_01_39,2025-09_ASTRA,01_39,C,2025-09-06T06:19:00,29.0376,40.835201,-100,15,16.8487,38.0678,27.9078,4.7026,61.061,0.607,0.1639,5.0608,15.117,48.2324,,,,,,,,,,,,
2025-09_ASTRA_01_39,2025-09_ASTRA,01_39,C,2025-09-06T06:19:00,29.0376,40.835201,-100,16,16.7976,38.4172,28.189,4.6497,60.443,0.4798,0.1516,4.4086,16.125,48.5711,,,,,,,,,,,,
2025-09_ASTRA_01_39,2025-09_ASTRA,01_39,C,2025-09-06T06:19:00,29.0376,40.835201,-100,17,16.7168,38.4994,28.2717,4.6458,60.329,0.6964,0.1617,3.9133,17.133,48.5766,,,,,,,,,,,,
2025-09_ASTRA_01_39,2025-09_ASTRA,01_39,C,2025-09-06T06:19:00,29.0376,40.835201,-100,18,16.5949,38.5337,28.3274,4.4551,57.731,1.2405,0.1755,3.5129,18.141,48.4837,,,,,,,,,,,,
2025-09_ASTRA_01_39,2025-09_ASTRA,01_39,C,2025-09-06T06:19:00,29.0376,40.835201,-100,19,16.4109,38.5692,28.3989,4.2496,54.885,1.4666,0.1862,3.124,19.149,48.325,,,,,,,,,,,,
2025-09_ASTRA_01_39,2025-09_ASTRA,01_39,C,2025-09-06T06:19:00,29.0376,40.835201,-100,20,16.4244,38.6174,28.4328,4.1006,52.989,1.3014,0.1703,2.741,20.157,48.3936,8.096,18.4,155.2,,0.4415,0.4666,8.7811,1.5,0.404,6.0465,1.344,4.0369
2025-09_ASTRA_01_39,2025-09_ASTRA,01_39,C,2025-09-06T06:19:00,29.0376,40.835201,-100,21,16.4734,38.6839,28.4722,3.8594,49.94,1.0753,0.1637,2.3937,21.165,48.5213,,,,,,,,,,,,
2025-09_ASTRA_01_39,2025-09_ASTRA,01_39,C,2025-09-06T06:19:00,29.0376,40.835201,-100,22,16.3484,38.7011,28.5154,3.4762,44.88,0.9381,0.1562,2.0975,22.173,48.4055,,,,,,,,,,,,
2025-09_ASTRA_01_39,2025-09_ASTRA,01_39,C,2025-09-06T06:19:00,29.0376,40.835201,-100,23,16.2852,38.6996,28.5292,3.2565,41.991,0.8562,0.1479,1.851,23.181,48.336,,,,,,,,,,,,
2025-09_ASTRA_01_39,2025-09_ASTRA,01_39,C,2025-09-06T06:19:00,29.0376,40.835201,-100,24,16.2725,38.6985,28.5315,3.1706,40.872,0.8545,0.1452,1.6566,24.188,48.3215,,,,,,,,,,,,
2025-09_ASTRA_01_39,2025-09_ASTRA,01_39,C,2025-09-06T06:19:00,29.0376,40.835201,-100,25,16.2633,38.6987,28.5338,3.0446,39.24,0.816,0.1414,1.4888,25.197,48.3121,,,,,,,,,,,,
2025-09_ASTRA_01_39,2025-09_ASTRA,01_39,C,2025-09-06T06:19:00,29.0376,40.835201,-100,26,16.2178,38.7097,28.5531,2.7013,34.789,0.7373,0.1399,1.3263,26.204,48.2757,,,,,,,,,,,,
2025-09_ASTRA_01_39,2025-09_ASTRA,01_39,C,2025-09-06T06:19:00,29.0376,40.835201,-100,27,16.1801,38.7209,28.5705,2.4174,31.111,0.6767,0.1401,1.1997,27.212,48.2477,,,,,,,,,,,,
2025-09_ASTRA_01_39,2025-09_ASTRA,01_39,C,2025-09-06T06:19:00,29.0376,40.835201,-100,28,16.1606,38.728,28.5808,2.235,28.755,0.608,0.1466,1.0923,28.22,48.235,,,,,,,,,,,,
2025-09_ASTRA_01_39,2025-09_ASTRA,01_39,C,2025-09-06T06:19:00,29.0376,40.835201,-100,29,16.1362,38.7353,28.5922,2.1352,27.459,0.5561,0.1538,0.9943,29.228,48.2172,,,,,,,,,,,,
2025-09_ASTRA_01_39,2025-09_ASTRA,01_39,C,2025-09-06T06:19:00,29.0376,40.835201,-100,30,16.1242,38.7444,28.602,2.0672,26.58,0.5174,0.1516,0.9027,30.236,48.2147,,,,,,,,,,,,
2025-09_ASTRA_01_39,2025-09_ASTRA,01_39,C,2025-09-06T06:19:00,29.0376,40.835201,-100,31,16.1173,38.7469,28.6055,2.0459,26.303,0.5079,0.1651,0.815,31.244,48.2104,,,,,,,,,,,,
2025-09_ASTRA_01_39,2025-09_ASTRA,01_39,C,2025-09-06T06:19:00,29.0376,40.835201,-100,32,16.1113,38.7526,28.6113,2.1257,27.326,0.4788,0.1486,0.741,32.252,48.2108,,,,,,,,,,,,
2025-09_ASTRA_01_39,2025-09_ASTRA,01_39,C,2025-09-06T06:19:00,29.0376,40.835201,-100,33,16.1275,38.7711,28.6217,2.3709,30.492,0.3889,0.1467,0.6744,33.26,48.2492,,,,,,,,,,,,
2025-09_ASTRA_01_39,2025-09_ASTRA,01_39,C,2025-09-06T06:19:00,29.0376,40.835201,-100,34,16.1099,38.7825,28.6347,2.5041,32.195,0.3422,0.1415,0.6167,34.268,48.2432,,,,,,,,,,,,
2025-09_ASTRA_01_39,2025-09_ASTRA,01_39,C,2025-09-06T06:19:00,29.0376,40.835201,-100,35,16.0726,38.7844,28.645,2.5075,32.217,0.3089,0.1308,0.5657,35.276,48.2055,,,,,,,,,,,,
2025-09_ASTRA_01_39,2025-09_ASTRA,01_39,C,2025-09-06T06:19:00,29.0376,40.835201,-100,36,16.0599,38.7898,28.6521,2.5076,32.212,0.2706,0.1206,0.5176,36.284,48.1981,,,,,,,,,,,,
2025-09_ASTRA_01_39,2025-09_ASTRA,01_39,C,2025-09-06T06:19:00,29.0376,40.835201,-100,37,16.0354,38.791,28.6589,2.344,30.095,0.259,0.1247,0.4765,37.292,48.1734,,,,,,,,,,,,
2025-09_ASTRA_01_39,2025-09_ASTRA,01_39,C,2025-09-06T06:19:00,29.0376,40.835201,-100,38,15.9997,38.7944,28.6699,2.131,27.342,0.2446,0.127,0.4403,38.3,48.139,,,,,,,,,,,,
2025-09_ASTRA_01_39,2025-09_ASTRA,01_39,C,2025-09-06T06:19:00,29.0376,40.835201,-100,39,15.9765,38.7975,28.6777,2.0058,25.724,0.2222,0.1337,0.4071,39.308,48.1177,,,,,,,,,,,,
2025-09_ASTRA_01_39,2025-09_ASTRA,01_39,C,2025-09-06T06:19:00,29.0376,40.835201,-100,40,15.9665,38.7999,28.6819,1.9526,25.038,0.2121,0.1398,0.3757,40.316,48.1101,,,,,,,,,,,,
2025-09_ASTRA_01_39,2025-09_ASTRA,01_39,C,2025-09-06T06:19:00,29.0376,40.835201,-100,41,15.951,38.8037,28.6885,1.8674,23.939,0.2135,0.1484,0.3415,41.324,48.0979,,,,,,,,,,,,
2025-09_ASTRA_01_39,2025-09_ASTRA,01_39,C,2025-09-06T06:19:00,29.0376,40.835201,-100,42,15.9061,38.8079,28.7023,1.7162,21.982,0.2126,0.1649,0.3152,42.332,48.0545,,,,,,,,,,,,
2025-09_ASTRA_01_39,2025-09_ASTRA,01_39,C,2025-09-06T06:19:00,29.0376,40.835201,-100,43,15.8672,38.8128,28.7152,1.6464,21.073,0.1982,0.168,0.2903,43.34,48.0183,,,,,,,,,,,,
2025-09_ASTRA_01_39,2025-09_ASTRA,01_39,C,2025-09-06T06:19:00,29.0376,40.835201,-100,44,15.8416,38.819,28.726,1.6512,21.124,0.1747,0.1495,0.2623,44.348,47.9978,,,,,,,,,,,,
2025-09_ASTRA_01_39,2025-09_ASTRA,01_39,C,2025-09-06T06:19:00,29.0376,40.835201,-100,45,15.8301,38.8224,28.7313,1.677,21.45,0.1567,0.1361,0.2303,45.356,47.9896,,,,,,,,,,,,
2025-09_ASTRA_01_39,2025-09_ASTRA,01_39,C,2025-09-06T06:19:00,29.0376,40.835201,-100,46,15.8123,38.823,28.7359,1.6742,21.407,0.1579,0.1486,0.1745,46.364,47.9715,,,,,,,,,,,,
2025-09_ASTRA_01_39,2025-09_ASTRA,01_39,C,2025-09-06T06:19:00,29.0376,40.835201,-100,47,15.8061,38.8235,28.7378,1.6844,21.535,0.1503,0.146,0.1419,47.372,47.9659,,,,,,,,,,,,
2025-09_ASTRA_01_39,2025-09_ASTRA,01_39,C,2025-09-06T06:19:00,29.0376,40.835201,-100,48,15.7908,38.8275,28.7444,1.8442,23.571,0.1446,0.1345,0.1209,48.38,47.9541,,,,,,,,,,,,
2025-09_ASTRA_01_39,2025-09_ASTRA,01_39,C,2025-09-06T06:19:00,29.0376,40.835201,-100,49,15.8057,38.838,28.749,2.1516,27.51,0.1426,0.1287,0.1112,49.388,47.9823,,,,,,,,,,,,
2025-09_ASTRA_01_39,2025-09_ASTRA,01_39,C,2025-09-06T06:19:00,29.0376,40.835201,-100,50,15.804,38.8396,28.7507,2.1577,27.588,0.1323,0.1371,0.104,50.396,47.9827,,,,,,,,,,,,
2025-09_ASTRA_01_39,2025-09_ASTRA,01_39,C,2025-09-06T06:19:00,29.0376,40.835201,-100,51,15.7674,38.8369,28.7571,1.9798,25.295,0.1112,0.1403,0.1036,51.404,47.9405,,,,,,,,,,,,
2025-09_ASTRA_01_39,2025-09_ASTRA,01_39,C,2025-09-06T06:19:00,29.0376,40.835201,-100,52,15.7457,38.835,28.7608,1.8478,23.599,0.1,0.1419,0.1037,52.412,47.9155,,,,,,,,,,,,
2025-09_ASTRA_01_39,2025-09_ASTRA,01_39,C,2025-09-06T06:19:00,29.0376,40.835201,-100,53,15.7294,38.8328,28.7628,1.7547,22.402,0.0872,0.1433,0.1037,53.42,47.8959,,,,,,,,,,,,
2025-09_ASTRA_01_39,2025-09_ASTRA,01_39,C,2025-09-06T06:19:00,29.0376,40.835201,-100,54,15.724,38.832,28.7635,1.7228,21.992,0.0868,0.1517,0.1037,54.428,47.8897,,,,,,,,,,,,
2025-09_ASTRA_01_39,2025-09_ASTRA,01_39,C,2025-09-06T06:19:00,29.0376,40.835201,-100,55,15.7136,38.8329,28.7666,1.723,21.99,0.0867,0.1526,0.1037,55.436,47.88,,,,,,,,,,,,
2025-09_ASTRA_01_39,2025-09_ASTRA,01_39,C,2025-09-06T06:19:00,29.0376,40.835201,-100,56,15.702,38.834,28.7702,1.7165,21.903,0.0828,0.1574,0.1037,56.444,47.8691,,,,,,,,,,,,
2025-09_ASTRA_01_39,2025-09_ASTRA,01_39,C,2025-09-06T06:19:00,29.0376,40.835201,-100,57,15.69,38.8338,28.7728,1.6809,21.443,0.0822,0.1618,0.1037,57.453,47.8564,,,,,,,,,,,,
2025-09_ASTRA_01_39,2025-09_ASTRA,01_39,C,2025-09-06T06:19:00,29.0376,40.835201,-100,58,15.6836,38.8344,28.7747,1.7447,22.254,0.0772,0.1576,0.1037,58.46,47.8506,,,,,,,,,,,,
2025-09_ASTRA_01_39,2025-09_ASTRA,01_39,C,2025-09-06T06:19:00,29.0376,40.835201,-100,59,15.6921,38.8392,28.7765,1.8507,23.61,0.0761,0.1519,0.1037,59.468,47.8655,,,,,,,,,,,,
2025-09_ASTRA_01_39,2025-09_ASTRA,01_39,C,2025-09-06T06:19:00,29.0376,40.835201,-100,60,15.6805,38.8383,28.7785,1.7603,22.453,0.067,0.1476,0.1037,60.477,47.8524,,,,,,,,,,,,
2025-09_ASTRA_01_39,2025-09_ASTRA,01_39,C,2025-09-06T06:19:00,29.0376,40.835201,-100,61,15.6524,38.8347,28.7822,1.5865,20.225,0.0561,0.1508,0.1037,61.485,47.8187,,,,,,,,,,,,
2025-09_ASTRA_01_39,2025-09_ASTRA,01_39,C,2025-09-06T06:19:00,29.0376,40.835201,-100,62,15.6384,38.832,28.7834,1.5399,19.625,0.0408,0.1566,0.1037,62.493,47.8011,,,,,,,,,,,,
2025-09_ASTRA_01_39,2025-09_ASTRA,01_39,C,2025-09-06T06:19:00,29.0376,40.835201,-100,63,15.643,38.8351,28.7848,1.6408,20.913,0.045,0.1535,0.1037,63.501,47.8099,,,,,,,,,,,,
2025-09_ASTRA_01_39,2025-09_ASTRA,01_39,C,2025-09-06T06:19:00,29.0376,40.835201,-100,64,15.6464,38.8373,28.7856,1.7055,21.739,0.0537,0.1551,0.1037,64.51,47.8164,,,,,,,,,,,,
2025-09_ASTRA_01_39,2025-09_ASTRA,01_39,C,2025-09-06T06:19:00,29.0376,40.835201,-100,65,15.6434,38.8378,28.7868,1.7502,22.307,0.041,0.1553,0.1037,65.517,47.8143,,,,,,,,,,,,
2025-09_ASTRA_01_39,2025-09_ASTRA,01_39,C,2025-09-06T06:19:00,29.0376,40.835201,-100,66,15.6502,38.8414,28.7879,1.8317,23.349,0.0441,0.1632,0.1037,66.526,47.826,,,,,,,,,,,,
2025-09_ASTRA_01_39,2025-09_ASTRA,01_39,C,2025-09-06T06:19:00,29.0376,40.835201,-100,67,15.6492,38.8416,28.7884,1.8134,23.117,0.0465,0.1691,0.1044,67.534,47.8256,,,,,,,,,,,,
2025-09_ASTRA_01_39,2025-09_ASTRA,01_39,C,2025-09-06T06:19:00,29.0376,40.835201,-100,68,15.6297,38.839,28.7908,1.7061,21.741,0.0473,0.1788,0.1057,68.541,47.8021,,,,,,,,,,,,
2025-09_ASTRA_01_39,2025-09_ASTRA,01_39,C,2025-09-06T06:19:00,29.0376,40.835201,-100,69,15.6106,38.8342,28.7916,1.5668,19.958,0.0355,0.187,0.1061,69.55,47.7768,,,,,,,,,,,,
2025-09_ASTRA_01_39,2025-09_ASTRA,01_39,C,2025-09-06T06:19:00,29.0376,40.835201,-100,70,15.5832,38.831,28.7954,1.4463,18.412,0.0365,0.1925,0.106,70.558,47.7441,,,,,,,,,,,,
2025-09_ASTRA_01_39,2025-09_ASTRA,01_39,C,2025-09-06T06:19:00,29.0376,40.835201,-100,71,15.5637,38.8288,28.7983,1.3588,17.292,0.0557,0.1884,0.1061,71.566,47.7211,,,,,,,,,,,,
2025-09_ASTRA_01_39,2025-09_ASTRA,01_39,C,2025-09-06T06:19:00,29.0376,40.835201,-100,72,15.5485,38.8276,28.8009,1.3129,16.702,0.0495,0.1999,0.1062,72.574,47.7039,,,,,,,,,,,,
2025-09_ASTRA_01_39,2025-09_ASTRA,01_39,C,2025-09-06T06:19:00,29.0376,40.835201,-100,73,15.5438,38.8239,28.7991,1.2935,16.452,0.0362,0.2012,0.1062,73.582,47.6952,,,,,,,,,,,,
2025-09_ASTRA_01_39,2025-09_ASTRA,01_39,C,2025-09-06T06:19:00,29.0376,40.835201,-100,74,15.5369,38.8271,28.8031,1.3115,16.681,0.0391,0.1837,0.1062,74.59,47.6918,,,,,,,,,,,,
2025-09_ASTRA_01_39,2025-09_ASTRA,01_39,C,2025-09-06T06:19:00,29.0376,40.835201,-100,75,15.5392,38.8305,28.8052,1.4184,18.041,0.0422,0.1739,0.1062,75.599,47.6985,,,,,,,,,,,,
2025-09_ASTRA_01_39,2025-09_ASTRA,01_39,C,2025-09-06T06:19:00,29.0376,40.835201,-100,76,15.542,38.8325,28.8062,1.477,18.789,0.0537,0.1722,0.1062,76.607,47.7041,,,,,,,,,,,,
2025-09_ASTRA_01_39,2025-09_ASTRA,01_39,C,2025-09-06T06:19:00,29.0376,40.835201,-100,77,15.5365,38.8323,28.8073,1.4743,18.751,0.0453,0.1805,0.1062,77.615,47.6985,,,,,,,,,,,,
2025-09_ASTRA_01_39,2025-09_ASTRA,01_39,C,2025-09-06T06:19:00,29.0376,40.835201,-100,78,15.5335,38.8316,28.8074,1.4375,18.283,0.0368,0.1939,0.1063,78.623,47.695,,,,,,,,,,,,
2025-09_ASTRA_01_39,2025-09_ASTRA,01_39,C,2025-09-06T06:19:00,29.0376,40.835201,-100,79,15.5155,38.8294,28.8099,1.3426,17.07,0.0433,0.1969,0.1063,79.632,47.6736,,,,,,,,,,,,
2025-09_ASTRA_01_39,2025-09_ASTRA,01_39,C,2025-09-06T06:19:00,29.0376,40.835201,-100,80,15.4982,38.827,28.812,1.2719,16.165,0.0418,0.1919,0.1063,80.64,47.6528,,,,,,,,,,,,
2025-09_ASTRA_01_39,2025-09_ASTRA,01_39,C,2025-09-06T06:19:00,29.0376,40.835201,-100,81,15.4966,38.8264,28.812,1.2473,15.851,0.0415,0.1919,0.1063,81.648,47.651,,,,,,,,,,,,
2025-09_ASTRA_01_39,2025-09_ASTRA,01_39,C,2025-09-06T06:19:00,29.0376,40.835201,-100,82,15.4912,38.8253,28.8124,1.2175,15.471,0.0457,0.1934,0.1063,82.656,47.6444,,,,,,,,,,,,
2025-09_ASTRA_01_39,2025-09_ASTRA,01_39,C,2025-09-06T06:19:00,29.0376,40.835201,-100,83,15.4763,38.8246,28.8152,1.1885,15.097,0.0494,0.1942,0.1063,83.664,47.628,,,,,,,,,,,,
2025-09_ASTRA_01_39,2025-09_ASTRA,01_39,C,2025-09-06T06:19:00,29.0376,40.835201,-100,84,15.473,38.8242,28.8157,1.1842,15.042,0.0512,0.1993,0.1063,84.672,47.6245,,,,,,,,,,,,
2025-09_ASTRA_01_39,2025-09_ASTRA,01_39,C,2025-09-06T06:19:00,29.0376,40.835201,-100,85,15.4682,38.8241,28.8168,1.186,15.064,0.0462,0.1946,0.1063,85.681,47.6197,,,,,,,,,,,,
2025-09_ASTRA_01_39,2025-09_ASTRA,01_39,C,2025-09-06T06:19:00,29.0376,40.835201,-100,86,15.4661,38.8239,28.8171,1.1844,15.042,0.045,0.2047,0.1063,86.689,47.6176,,,,,,,,,,,,
2025-09_ASTRA_01_39,2025-09_ASTRA,01_39,C,2025-09-06T06:19:00,29.0376,40.835201,-100,87,15.4652,38.8239,28.8173,1.1936,15.16,0.041,0.2085,0.1063,87.697,47.6173,,,,,,,,,,,,
2025-09_ASTRA_01_39,2025-09_ASTRA,01_39,C,2025-09-06T06:19:00,29.0376,40.835201,-100,88,15.4621,38.8244,28.8184,1.2137,15.414,0.0353,0.1881,0.1063,88.705,47.6149,,,,,,,,,,,,
2025-09_ASTRA_01_39,2025-09_ASTRA,01_39,C,2025-09-06T06:19:00,29.0376,40.835201,-100,89,15.4612,38.8246,28.8187,1.2322,15.649,0.0395,0.1845,0.1062,89.713,47.6145,,,,,,,,,,,,
2025-09_ASTRA_01_39,2025-09_ASTRA,01_39,C,2025-09-06T06:19:00,29.0376,40.835201,-100,90,15.4596,38.8255,28.8198,1.2949,16.444,0.0332,0.1856,0.1062,90.722,47.6143,,,,,,,,,,,,
2025-09_ASTRA_01_39,2025-09_ASTRA,01_39,C,2025-09-06T06:19:00,29.0376,40.835201,-100,91,15.4536,38.8272,28.8225,1.3767,17.481,0.0269,0.1554,0.1063,91.73,47.6102,,,,,,,,,,,,
2025-09_ASTRA_01_39,2025-09_ASTRA,01_39,C,2025-09-06T06:19:00,29.0376,40.835201,-100,92,15.4445,38.8286,28.8256,1.441,18.294,0.0283,0.1471,0.1064,92.739,47.6023,,,,,,,,,,,,
2025-09_ASTRA_01_39,2025-09_ASTRA,01_39,C,2025-09-06T06:19:00,29.0376,40.835201,-100,93,15.4398,38.8284,28.8266,1.457,18.496,0.0372,0.1627,0.1064,93.746,47.5976,,,,,,,,,,,,
2025-09_ASTRA_01_39,2025-09_ASTRA,01_39,C,2025-09-06T06:19:00,29.0376,40.835201,-100,94,15.4362,38.8278,28.827,1.449,18.393,0.0311,0.1456,0.1065,94.755,47.5935,,,,,,,,,,,,
2025-09_ASTRA_01_39,2025-09_ASTRA,01_39,C,2025-09-06T06:19:00,29.0376,40.835201,-100,95,15.4356,38.8278,28.8271,1.445,18.343,0.0226,0.1318,0.1065,95.763,47.5933,,,,,,,,,,,,
2025-09_ASTRA_01_39,2025-09_ASTRA,01_39,C,2025-09-06T06:19:00,29.0376,40.835201,-100,96,15.4199,38.8283,28.8311,1.4163,17.973,0.0311,0.1374,0.1065,96.771,47.5774,,,,,,,,,,,,
2025-09_ASTRA_02_38,2025-09_ASTRA,02_38,C,2025-09-06T09:10:00,28.9382,40.9403,-64,1,24.1426,25.7625,16.6245,7.1667,98.917,0.9572,0.2095,144.29,1.008,39.6603,8.345,23.4,159.3,10.0,0.0316,0.2171,0.1075,0.05,0.1606,4.8418,0.628,7.0814
2025-09_ASTRA_02_38,2025-09_ASTRA,02_38,C,2025-09-06T09:10:00,28.9382,40.9403,-64,2,24.2584,26.2359,16.9481,7.2424,100.438,1.1619,0.2283,113.48,2.015,40.4101,,,,,,,,,,,,
2025-09_ASTRA_02_38,2025-09_ASTRA,02_38,C,2025-09-06T09:10:00,28.9382,40.9403,-64,3,24.3144,26.5183,17.1447,7.2312,100.543,1.2827,0.2372,89.366,3.023,40.8473,,,,,,,,,,,,
2025-09_ASTRA_02_38,2025-09_ASTRA,02_38,C,2025-09-06T09:10:00,28.9382,40.9403,-64,4,24.3577,26.7194,17.2837,7.1871,100.121,1.328,0.2406,71.725,4.031,41.1616,,,,,,,,,,,,
2025-09_ASTRA_02_38,2025-09_ASTRA,02_38,C,2025-09-06T09:10:00,28.9382,40.9403,-64,5,24.3776,26.8,17.3387,7.1627,99.862,1.3946,0.2452,57.675,5.039,41.29,,,,,,,,,,,,
2025-09_ASTRA_02_38,2025-09_ASTRA,02_38,C,2025-09-06T09:10:00,28.9382,40.9403,-64,6,24.3847,26.8223,17.3535,7.188,100.241,1.4213,0.2262,45.938,6.047,41.3271,,,,,,,,,,,,
2025-09_ASTRA_02_38,2025-09_ASTRA,02_38,C,2025-09-06T09:10:00,28.9382,40.9403,-64,7,24.3922,26.8306,17.3576,7.1607,99.877,1.4077,0.2236,37.642,7.055,41.3453,,,,,,,,,,,,
2025-09_ASTRA_02_38,2025-09_ASTRA,02_38,C,2025-09-06T09:10:00,28.9382,40.9403,-64,8,24.3989,26.8404,17.3631,7.1812,100.181,1.5213,0.2297,31.34,8.063,41.3647,,,,,,,,,,,,
2025-09_ASTRA_02_38,2025-09_ASTRA,02_38,C,2025-09-06T09:10:00,28.9382,40.9403,-64,9,24.3659,26.9101,17.425,7.1641,99.924,1.8257,0.261,26.254,9.071,41.4341,,,,,,,,,,,,
2025-09_ASTRA_02_38,2025-09_ASTRA,02_38,C,2025-09-06T09:10:00,28.9382,40.9403,-64,10,24.3119,27.0047,17.5119,6.453,89.966,1.729,0.2464,21.525,10.078,41.5207,8.052,19.3,158.7,,0.5976,0.6297,12.578,2.68,3.2249,7.4178,0.933,2.9811
2025-09_ASTRA_02_38,2025-09_ASTRA,02_38,C,2025-09-06T09:10:00,28.9382,40.9403,-64,11,20.8771,31.9849,22.2263,3.9543,53.358,1.4169,0.2657,17.835,11.086,44.8837,,,,,,,,,,,,
2025-09_ASTRA_02_38,2025-09_ASTRA,02_38,C,2025-09-06T09:10:00,28.9382,40.9403,-64,12,17.197,37.477,27.3717,3.4981,45.521,1.0483,0.2784,14.897,12.094,48.0009,,,,,,,,,,,,
2025-09_ASTRA_02_38,2025-09_ASTRA,02_38,C,2025-09-06T09:10:00,28.9382,40.9403,-64,13,17.1511,37.4848,27.3863,3.3797,43.982,0.9106,0.2704,12.633,13.102,47.8933,,,,,,,,,,,,
2025-09_ASTRA_02_38,2025-09_ASTRA,02_38,C,2025-09-06T09:10:00,28.9382,40.9403,-64,14,16.8074,38.0564,27.909,3.5202,45.668,0.8982,0.219,10.816,14.11,48.1742,,,,,,,,,,,,
2025-09_ASTRA_02_38,2025-09_ASTRA,02_38,C,2025-09-06T09:10:00,28.9382,40.9403,-64,15,16.5611,38.5173,28.3229,3.3732,43.678,0.9225,0.1661,9.2743,15.118,48.4275,,,,,,,,,,,,
2025-09_ASTRA_02_38,2025-09_ASTRA,02_38,C,2025-09-06T09:10:00,28.9382,40.9403,-64,16,16.4866,38.5838,28.3921,2.8328,36.643,0.9805,0.143,8.1227,16.126,48.4217,,,,,,,,,,,,
2025-09_ASTRA_02_38,2025-09_ASTRA,02_38,C,2025-09-06T09:10:00,28.9382,40.9403,-64,17,16.4157,38.6371,28.4501,2.424,31.322,1.0269,0.15,7.1749,17.134,48.4048,,,,,,,,,,,,
2025-09_ASTRA_02_38,2025-09_ASTRA,02_38,C,2025-09-06T09:10:00,28.9382,40.9403,-64,18,16.3648,38.7012,28.5115,2.2787,29.427,0.9878,0.1642,6.3348,18.141,48.4214,,,,,,,,,,,,
2025-09_ASTRA_02_38,2025-09_ASTRA,02_38,C,2025-09-06T09:10:00,28.9382,40.9403,-64,19,16.3382,38.7217,28.5337,2.1772,28.106,0.9368,0.1615,5.6157,19.149,48.416,,,,,,,,,,,,
2025-09_ASTRA_02_38,2025-09_ASTRA,02_38,C,2025-09-06T09:10:00,28.9382,40.9403,-64,20,16.3275,38.7321,28.5443,2.0768,26.806,0.9168,0.1807,4.9926,20.157,48.4163,7.979,17.7,158.4,,0.9023,0.9251,18.3117,5.93,0.2302,6.6988,0.573,1.6677
2025-09_ASTRA_02_38,2025-09_ASTRA,02_38,C,2025-09-06T09:10:00,28.9382,40.9403,-64,21,16.3131,38.7374,28.5518,1.9326,24.938,0.8261,0.2004,4.4568,21.165,48.4071,,,,,,,,,,,,
2025-09_ASTRA_02_38,2025-09_ASTRA,02_38,C,2025-09-06T09:10:00,28.9382,40.9403,-64,22,16.1856,38.7767,28.6123,1.7409,22.416,0.6403,0.2083,3.9837,22.173,48.3131,,,,,,,,,,,,
2025-09_ASTRA_02_38,2025-09_ASTRA,02_38,C,2025-09-06T09:10:00,28.9382,40.9403,-64,23,16.0802,38.8065,28.6602,1.6071,20.653,0.496,0.208,3.5814,23.18,48.2322,,,,,,,,,,,,
2025-09_ASTRA_02_38,2025-09_ASTRA,02_38,C,2025-09-06T09:10:00,28.9382,40.9403,-64,24,16.0744,38.8087,28.6633,1.567,20.137,0.4627,0.1981,3.2452,24.189,48.229,,,,,,,,,,,,
2025-09_ASTRA_02_38,2025-09_ASTRA,02_38,C,2025-09-06T09:10:00,28.9382,40.9403,-64,25,16.0647,38.8132,28.6691,1.5291,19.646,0.4226,0.1969,2.9414,25.197,48.2238,,,,,,,,,,,,
2025-09_ASTRA_02_38,2025-09_ASTRA,02_38,C,2025-09-06T09:10:00,28.9382,40.9403,-64,26,16.0243,38.825,28.6876,1.4493,18.608,0.3778,0.1874,2.6717,26.204,48.1936,,,,,,,,,,,,
2025-09_ASTRA_02_38,2025-09_ASTRA,02_38,C,2025-09-06T09:10:00,28.9382,40.9403,-64,27,15.9753,38.8333,28.7056,1.3364,17.143,0.335,0.1711,2.4409,27.213,48.1501,,,,,,,,,,,,
2025-09_ASTRA_02_38,2025-09_ASTRA,02_38,C,2025-09-06T09:10:00,28.9382,40.9403,-64,28,15.9609,38.8344,28.7099,1.2552,16.097,0.3014,0.165,2.2366,28.22,48.1362,,,,,,,,,,,,
2025-09_ASTRA_02_38,2025-09_ASTRA,02_38,C,2025-09-06T09:10:00,28.9382,40.9403,-64,29,15.949,38.8355,28.7135,1.227,15.733,0.2807,0.1716,2.0615,29.229,48.125,,,,,,,,,,,,
2025-09_ASTRA_02_38,2025-09_ASTRA,02_38,C,2025-09-06T09:10:00,28.9382,40.9403,-64,30,15.9191,38.8368,28.7216,1.2676,16.243,0.2587,0.1948,1.9031,30.236,48.0945,,,,,,,,,,,,
2025-09_ASTRA_02_38,2025-09_ASTRA,02_38,C,2025-09-06T09:10:00,28.9382,40.9403,-64,31,15.864,38.8356,28.7336,1.3343,17.08,0.2376,0.2446,1.7586,31.244,48.0342,,,,,,,,,,,,
2025-09_ASTRA_02_38,2025-09_ASTRA,02_38,C,2025-09-06T09:10:00,28.9382,40.9403,-64,32,15.8117,38.8333,28.744,1.3332,17.047,0.2236,0.3094,1.6347,32.252,47.9754,,,,,,,,,,,,
2025-09_ASTRA_02_38,2025-09_ASTRA,02_38,C,2025-09-06T09:10:00,28.9382,40.9403,-64,33,15.7765,38.8337,28.7526,1.326,16.944,0.2026,0.3512,1.5107,33.26,47.9382,,,,,,,,,,,,
2025-09_ASTRA_02_38,2025-09_ASTRA,02_38,C,2025-09-06T09:10:00,28.9382,40.9403,-64,34,15.7627,38.8332,28.7554,1.3224,16.894,0.191,0.3524,1.3824,34.268,47.9233,,,,,,,,,,,,
2025-09_ASTRA_02_38,2025-09_ASTRA,02_38,C,2025-09-06T09:10:00,28.9382,40.9403,-64,35,15.7555,38.8329,28.7568,1.3196,16.855,0.1885,0.3434,1.2565,35.276,47.9156,,,,,,,,,,,,
2025-09_ASTRA_02_38,2025-09_ASTRA,02_38,C,2025-09-06T09:10:00,28.9382,40.9403,-64,36,15.7496,38.8328,28.7581,1.3195,16.852,0.1934,0.3471,1.1148,36.284,47.9096,,,,,,,,,,,,
2025-09_ASTRA_02_38,2025-09_ASTRA,02_38,C,2025-09-06T09:10:00,28.9382,40.9403,-64,37,15.7452,38.8333,28.7596,1.322,16.883,0.2008,0.3507,0.918,37.293,47.9059,,,,,,,,,,,,
2025-09_ASTRA_02_38,2025-09_ASTRA,02_38,C,2025-09-06T09:10:00,28.9382,40.9403,-64,38,15.7415,38.833,28.7602,1.3229,16.893,0.1913,0.3393,0.8266,38.3,47.9021,,,,,,,,,,,,
2025-09_ASTRA_02_38,2025-09_ASTRA,02_38,C,2025-09-06T09:10:00,28.9382,40.9403,-64,39,15.7358,38.8325,28.7611,1.3162,16.805,0.1954,0.359,0.769,39.309,47.8958,,,,,,,,,,,,
2025-09_ASTRA_02_38,2025-09_ASTRA,02_38,C,2025-09-06T09:10:00,28.9382,40.9403,-64,40,15.7297,38.8328,28.7628,1.3098,16.722,0.1934,0.386,0.7119,40.317,47.89,,,,,,,,,,,,
2025-09_ASTRA_02_38,2025-09_ASTRA,02_38,C,2025-09-06T09:10:00,28.9382,40.9403,-64,41,15.7253,38.8329,28.7639,1.3093,16.715,0.1774,0.3802,0.6512,41.324,47.8859,,,,,,,,,,,,
2025-09_ASTRA_02_38,2025-09_ASTRA,02_38,C,2025-09-06T09:10:00,28.9382,40.9403,-64,42,15.7223,38.8327,28.7644,1.3122,16.75,0.1687,0.3511,0.5924,42.332,47.8828,,,,,,,,,,,,
2025-09_ASTRA_02_38,2025-09_ASTRA,02_38,C,2025-09-06T09:10:00,28.9382,40.9403,-64,43,15.7205,38.832,28.7643,1.3093,16.712,0.1645,0.3562,0.5362,43.34,47.8807,,,,,,,,,,,,
2025-09_ASTRA_02_38,2025-09_ASTRA,02_38,C,2025-09-06T09:10:00,28.9382,40.9403,-64,44,15.7142,38.8323,28.766,1.3111,16.733,0.1577,0.3785,0.4794,44.348,47.8747,,,,,,,,,,,,
2025-09_ASTRA_02_38,2025-09_ASTRA,02_38,C,2025-09-06T09:10:00,28.9382,40.9403,-64,45,15.702,38.8335,28.7698,1.3227,16.878,0.1659,0.3548,0.426,45.356,47.8632,,,,,,,,,,,,
2025-09_ASTRA_02_38,2025-09_ASTRA,02_38,C,2025-09-06T09:10:00,28.9382,40.9403,-64,46,15.696,38.833,28.7708,1.3363,17.049,0.1567,0.3364,0.374,46.365,47.8568,,,,,,,,,,,,
2025-09_ASTRA_02_38,2025-09_ASTRA,02_38,C,2025-09-06T09:10:00,28.9382,40.9403,-64,47,15.6923,38.8323,28.7711,1.3349,17.029,0.1443,0.3671,0.3213,47.373,47.8524,,,,,,,,,,,,
2025-09_ASTRA_02_38,2025-09_ASTRA,02_38,C,2025-09-06T09:10:00,28.9382,40.9403,-64,48,15.673,38.8338,28.7768,1.3189,16.819,0.1222,0.388,0.2705,48.38,47.8337,,,,,,,,,,,,
2025-09_ASTRA_02_38,2025-09_ASTRA,02_38,C,2025-09-06T09:10:00,28.9382,40.9403,-64,49,15.6393,38.835,28.7855,1.2865,16.396,0.0941,0.373,0.2634,49.388,47.799,,,,,,,,,,,,
2025-09_ASTRA_02_38,2025-09_ASTRA,02_38,C,2025-09-06T09:10:00,28.9382,40.9403,-64,50,15.6045,38.8337,28.7926,1.2358,15.74,0.078,0.3503,0.2748,50.397,47.7604,,,,,,,,,,,,
2025-09_ASTRA_02_38,2025-09_ASTRA,02_38,C,2025-09-06T09:10:00,28.9382,40.9403,-64,51,15.5665,38.8304,28.7988,1.1824,15.047,0.0811,0.3827,0.2527,51.405,47.7162,,,,,,,,,,,,
2025-09_ASTRA_02_38,2025-09_ASTRA,02_38,C,2025-09-06T09:10:00,28.9382,40.9403,-64,52,15.5042,38.8318,28.8143,1.1337,14.41,0.0787,0.3987,0.2286,52.413,47.651,,,,,,,,,,,,
2025-09_ASTRA_02_38,2025-09_ASTRA,02_38,C,2025-09-06T09:10:00,28.9382,40.9403,-64,53,15.4669,38.8278,28.8199,1.1054,14.04,0.0751,0.3694,0.2077,53.421,47.6069,,,,,,,,,,,,
2025-09_ASTRA_02_38,2025-09_ASTRA,02_38,C,2025-09-06T09:10:00,28.9382,40.9403,-64,54,15.4441,38.8257,28.8235,1.086,13.786,0.0651,0.3444,0.1881,54.429,47.5804,,,,,,,,,,,,
2025-09_ASTRA_02_38,2025-09_ASTRA,02_38,C,2025-09-06T09:10:00,28.9382,40.9403,-64,55,15.4293,38.8247,28.8262,1.0725,13.612,0.0588,0.3464,0.1704,55.437,47.5639,,,,,,,,,,,,
2025-09_ASTRA_02_38,2025-09_ASTRA,02_38,C,2025-09-06T09:10:00,28.9382,40.9403,-64,56,15.4273,38.8215,28.8242,1.0593,13.444,0.057,0.3647,0.1556,56.445,47.5588,,,,,,,,,,,,
2025-09_ASTRA_03_36,2025-09_ASTRA,03_36,C,2025-09-06T11:41:00,28.6113,40.950199,-47,1,24.3754,27.0314,17.5137,7.0029,97.761,0.5623,0.1645,127.21,1.008,41.6072,8.326,23.2,173.9,,0.0228,0.1689,0.1508,0.05,0.2036,4.4226,0.418,7.047
2025-09_ASTRA_03_36,2025-09_ASTRA,03_36,C,2025-09-06T11:41:00,28.6113,40.950199,-47,2,24.3743,27.0276,17.5111,7.0192,97.983,0.5654,0.165,103.89,2.016,41.6013,,,,,,,,,,,,
2025-09_ASTRA_03_36,2025-09_ASTRA,03_36,C,2025-09-06T11:41:00,28.6113,40.950199,-47,3,24.3753,27.0337,17.5155,7.0363,98.228,0.566,0.1694,85.118,3.024,41.6109,,,,,,,,,,,,
2025-09_ASTRA_03_36,2025-09_ASTRA,03_36,C,2025-09-06T11:41:00,28.6113,40.950199,-47,4,24.3781,27.0383,17.5181,7.0164,97.957,0.5789,0.182,70.805,4.031,41.62,,,,,,,,,,,,
2025-09_ASTRA_03_36,2025-09_ASTRA,03_36,C,2025-09-06T11:41:00,28.6113,40.950199,-47,5,24.3801,27.0403,17.5191,6.9993,97.723,0.5715,0.1754,60.853,5.039,41.6248,,,,,,,,,,,,
2025-09_ASTRA_03_36,2025-09_ASTRA,03_36,C,2025-09-06T11:41:00,28.6113,40.950199,-47,6,24.3789,27.04,17.5191,7.0213,98.028,0.5472,0.1559,52.624,6.047,41.6237,,,,,,,,,,,,
2025-09_ASTRA_03_36,2025-09_ASTRA,03_36,C,2025-09-06T11:41:00,28.6113,40.950199,-47,7,24.3779,27.0432,17.5219,7.0275,98.113,0.5446,0.1597,46.161,7.055,41.6277,,,,,,,,,,,,
2025-09_ASTRA_03_36,2025-09_ASTRA,03_36,C,2025-09-06T11:41:00,28.6113,40.950199,-47,8,24.3717,27.068,17.5423,6.994,97.65,0.5834,0.1678,39.893,8.063,41.6572,,,,,,,,,,,,
2025-09_ASTRA_03_36,2025-09_ASTRA,03_36,C,2025-09-06T11:41:00,28.6113,40.950199,-47,9,24.3361,27.1898,17.6444,6.8956,96.283,0.6218,0.1636,34.803,9.071,41.7962,,,,,,,,,,,,
2025-09_ASTRA_03_36,2025-09_ASTRA,03_36,C,2025-09-06T11:41:00,28.6113,40.950199,-47,10,24.1904,27.4623,17.8918,6.7644,94.358,0.6661,0.1692,29.845,10.078,42.0502,,,,,,,,,,,,
2025-09_ASTRA_03_36,2025-09_ASTRA,03_36,C,2025-09-06T11:41:00,28.6113,40.950199,-47,11,24.0611,27.6576,18.0761,6.01,83.744,0.701,0.18,26.372,11.086,42.2087,,,,,,,,,,,,
2025-09_ASTRA_03_36,2025-09_ASTRA,03_36,C,2025-09-06T11:41:00,28.6113,40.950199,-47,12,21.7801,30.9469,21.2002,4.9552,67.595,0.9159,0.2483,23.025,12.094,44.5336,,,,,,,,,,,,
2025-09_ASTRA_03_36,2025-09_ASTRA,03_36,C,2025-09-06T11:41:00,28.6113,40.950199,-47,13,19.427,34.1789,24.2831,4.657,62.016,1.2124,0.2905,19.931,13.102,46.3236,,,,,,,,,,,,
2025-09_ASTRA_03_36,2025-09_ASTRA,03_36,C,2025-09-06T11:41:00,28.6113,40.950199,-47,14,18.0425,35.9578,25.9955,4.5069,59.103,1.3039,0.2917,17.094,14.11,47.0688,,,,,,,,,,,,
2025-09_ASTRA_03_36,2025-09_ASTRA,03_36,C,2025-09-06T11:41:00,28.6113,40.950199,-47,15,17.7134,36.5209,26.5086,4.195,54.857,1.3355,0.2814,14.437,15.118,47.381,8.07,19.1,182.2,,0.4628,0.5162,10.5675,1.01,1.9146,5.0888,1.069,3.7144
2025-09_ASTRA_03_36,2025-09_ASTRA,03_36,C,2025-09-06T11:41:00,28.6113,40.950199,-47,16,17.1335,37.4659,27.376,4.0575,52.778,1.178,0.2453,12.24,16.126,47.8517,,,,,,,,,,,,
2025-09_ASTRA_03_36,2025-09_ASTRA,03_36,C,2025-09-06T11:41:00,28.6113,40.950199,-47,17,16.7631,38.3508,28.1462,3.9537,51.34,1.039,0.2044,10.361,17.134,48.46,,,,,,,,,,,,
2025-09_ASTRA_03_36,2025-09_ASTRA,03_36,C,2025-09-06T11:41:00,28.6113,40.950199,-47,18,16.6194,38.4697,28.2723,3.4541,44.764,1.0023,0.1984,8.8851,18.141,48.4386,,,,,,,,,,,,
2025-09_ASTRA_03_36,2025-09_ASTRA,03_36,C,2025-09-06T11:41:00,28.6113,40.950199,-47,19,16.5256,38.5395,28.3486,3.224,41.724,0.9753,0.1869,7.7028,19.149,48.4158,,,,,,,,,,,,
2025-09_ASTRA_03_36,2025-09_ASTRA,03_36,C,2025-09-06T11:41:00,28.6113,40.950199,-47,20,16.5095,38.6179,28.4128,2.9776,38.54,0.9641,0.1902,6.706,20.157,48.4863,,,,,,,,,,,,
2025-09_ASTRA_03_36,2025-09_ASTRA,03_36,C,2025-09-06T11:41:00,28.6113,40.950199,-47,21,16.4147,38.6843,28.4866,2.4467,31.625,1.0497,0.2163,5.8919,21.165,48.4582,,,,,,,,,,,,
2025-09_ASTRA_03_36,2025-09_ASTRA,03_36,C,2025-09-06T11:41:00,28.6113,40.950199,-47,22,16.3667,38.7179,28.524,2.3496,30.346,1.139,0.214,5.2068,22.173,48.444,,,,,,,,,,,,
2025-09_ASTRA_03_36,2025-09_ASTRA,03_36,C,2025-09-06T11:41:00,28.6113,40.950199,-47,23,16.3643,38.7459,28.5461,2.2621,29.22,1.3256,0.2008,4.5833,23.181,48.473,,,,,,,,,,,,
2025-09_ASTRA_03_36,2025-09_ASTRA,03_36,C,2025-09-06T11:41:00,28.6113,40.950199,-47,24,16.3588,38.7722,28.5677,2.0764,26.823,1.4279,0.2079,4.0035,24.189,48.4968,,,,,,,,,,,,
2025-09_ASTRA_03_36,2025-09_ASTRA,03_36,C,2025-09-06T11:41:00,28.6113,40.950199,-47,25,16.3246,38.7734,28.5767,2.0641,26.647,1.3797,0.2084,3.5005,25.197,48.4614,7.984,18.1,173.1,,0.853,0.9311,17.0204,7.17,0.1504,7.3789,1.145,1.9947
2025-09_ASTRA_03_36,2025-09_ASTRA,03_36,C,2025-09-06T11:41:00,28.6113,40.950199,-47,26,16.2715,38.7749,28.5906,2.0611,26.582,1.2043,0.1966,3.0651,26.205,48.4061,,,,,,,,,,,,
2025-09_ASTRA_03_36,2025-09_ASTRA,03_36,C,2025-09-06T11:41:00,28.6113,40.950199,-47,27,16.2698,38.7863,28.5997,1.9875,25.634,1.0781,0.1776,2.6798,27.213,48.4174,,,,,,,,,,,,
2025-09_ASTRA_03_36,2025-09_ASTRA,03_36,C,2025-09-06T11:41:00,28.6113,40.950199,-47,28,16.2684,38.7968,28.6082,1.8944,24.434,0.984,0.1674,2.3656,28.221,48.428,,,,,,,,,,,,
2025-09_ASTRA_03_36,2025-09_ASTRA,03_36,C,2025-09-06T11:41:00,28.6113,40.950199,-47,29,16.2316,38.8046,28.6229,1.815,23.395,0.8883,0.1615,2.0989,29.228,48.3972,,,,,,,,,,,,
2025-09_ASTRA_03_36,2025-09_ASTRA,03_36,C,2025-09-06T11:41:00,28.6113,40.950199,-47,30,16.177,38.8072,28.6379,1.7597,22.657,0.7462,0.1418,1.8694,30.236,48.3414,,,,,,,,,,,,
2025-09_ASTRA_03_36,2025-09_ASTRA,03_36,C,2025-09-06T11:41:00,28.6113,40.950199,-47,31,16.1251,38.804,28.6476,1.72,22.123,0.6658,0.1354,1.6542,31.244,48.282,,,,,,,,,,,,
2025-09_ASTRA_03_36,2025-09_ASTRA,03_36,C,2025-09-06T11:41:00,28.6113,40.950199,-47,32,16.1115,38.804,28.6509,1.6832,21.645,0.6421,0.1367,1.4079,32.252,48.2678,,,,,,,,,,,,
2025-09_ASTRA_03_36,2025-09_ASTRA,03_36,C,2025-09-06T11:41:00,28.6113,40.950199,-47,33,16.1054,38.8158,28.6615,1.6213,20.847,0.6491,0.1356,1.2751,33.261,48.2748,,,,,,,,,,,,
2025-09_ASTRA_03_36,2025-09_ASTRA,03_36,C,2025-09-06T11:41:00,28.6113,40.950199,-47,34,16.1053,38.8296,28.6721,1.5703,20.194,0.6489,0.1415,1.2264,34.268,48.2903,,,,,,,,,,,,
2025-09_ASTRA_03_36,2025-09_ASTRA,03_36,C,2025-09-06T11:41:00,28.6113,40.950199,-47,35,16.0897,38.8314,28.6771,1.5538,19.976,0.5935,0.1409,1.1424,35.276,48.2758,,,,,,,,,,,,
2025-09_ASTRA_03_36,2025-09_ASTRA,03_36,C,2025-09-06T11:41:00,28.6113,40.950199,-47,36,16.0912,38.8358,28.6803,1.544,19.85,0.4913,0.1434,1.0492,36.284,48.2828,,,,,,,,,,,,
2025-09_ASTRA_03_36,2025-09_ASTRA,03_36,C,2025-09-06T11:41:00,28.6113,40.950199,-47,37,16.0872,38.8406,28.6849,1.5469,19.887,0.4424,0.1435,0.9633,37.292,48.2843,,,,,,,,,,,,
2025-09_ASTRA_03_36,2025-09_ASTRA,03_36,C,2025-09-06T11:41:00,28.6113,40.950199,-47,38,16.0778,38.8413,28.6876,1.5442,19.849,0.4178,0.138,0.8863,38.301,48.2753,,,,,,,,,,,,
2025-09_ASTRA_03_36,2025-09_ASTRA,03_36,C,2025-09-06T11:41:00,28.6113,40.950199,-47,39,16.0606,38.8425,28.6927,1.5358,19.734,0.3995,0.1486,0.817,39.309,48.2585,,,,,,,,,,,,
2025-09_ASTRA_03_36,2025-09_ASTRA,03_36,C,2025-09-06T11:41:00,28.6113,40.950199,-47,40,16.0314,38.8429,28.6998,1.4847,19.067,0.3798,0.1689,0.7524,40.317,48.2277,,,,,,,,,,,,
2025-09_ASTRA_03_36,2025-09_ASTRA,03_36,C,2025-09-06T11:41:00,28.6113,40.950199,-47,41,16.0109,38.8431,28.7048,1.4419,18.51,0.3608,0.1601,0.668,41.324,48.2062,,,,,,,,,,,,
2025-09_ASTRA_03_36,2025-09_ASTRA,03_36,C,2025-09-06T11:41:00,28.6113,40.950199,-47,42,15.9964,38.839,28.705,1.3736,17.627,0.3345,0.1206,0.6428,42.333,48.1864,,,,,,,,,,,,
2025-09_ASTRA_04_37,2025-09_ASTRA,04_37,C,2025-09-06T13:38:00,28.760201,40.970798,-26,1,24.3444,26.7747,17.3292,7.358,102.51,4.3098,0.4082,50.022,1.008,41.2261,8.342,23.8,165.6,6.0,0.1172,0.2577,0.1489,0.13,0.6059,6.3129,3.379,7.3376
2025-09_ASTRA_04_37,2025-09_ASTRA,04_37,C,2025-09-06T13:38:00,28.760201,40.970798,-26,2,24.3472,26.7816,17.3336,7.3945,103.028,4.1921,0.3724,39.847,2.016,41.2383,,,,,,,,,,,,
2025-09_ASTRA_04_37,2025-09_ASTRA,04_37,C,2025-09-06T13:38:00,28.760201,40.970798,-26,3,24.3474,26.7827,17.3344,7.3648,102.616,4.1773,0.3615,29.58,3.023,41.2405,,,,,,,,,,,,
2025-09_ASTRA_04_37,2025-09_ASTRA,04_37,C,2025-09-06T13:38:00,28.760201,40.970798,-26,4,24.3474,26.7844,17.3357,7.3782,102.803,4.2151,0.3938,21.009,4.031,41.2432,,,,,,,,,,,,
2025-09_ASTRA_04_37,2025-09_ASTRA,04_37,C,2025-09-06T13:38:00,28.760201,40.970798,-26,5,24.3504,26.7893,17.3385,7.3561,102.504,4.1842,0.4054,15.439,5.039,41.2529,8.328,23.6,153.7,,0.1437,0.2638,0.5708,0.22,1.2252,5.5274,4.199,7.0755
2025-09_ASTRA_04_37,2025-09_ASTRA,04_37,C,2025-09-06T13:38:00,28.760201,40.970798,-26,6,24.3532,26.7941,17.3413,7.3479,102.397,4.1058,0.3862,11.51,6.047,41.2621,,,,,,,,,,,,
2025-09_ASTRA_04_37,2025-09_ASTRA,04_37,C,2025-09-06T13:38:00,28.760201,40.970798,-26,7,24.3674,26.8097,17.349,7.271,101.36,3.637,0.3349,9.1708,7.054,41.2958,,,,,,,,,,,,
2025-09_ASTRA_04_37,2025-09_ASTRA,04_37,C,2025-09-06T13:38:00,28.760201,40.970798,-26,8,24.3868,26.8474,17.3718,7.0497,98.328,2.9028,0.3818,7.1346,8.063,41.3644,,,,,,,,,,,,
2025-09_ASTRA_04_37,2025-09_ASTRA,04_37,C,2025-09-06T13:38:00,28.760201,40.970798,-26,9,24.375,27.0572,17.5333,6.6544,92.907,2.2016,0.4423,5.6541,9.07,41.6451,,,,,,,,,,,,
2025-09_ASTRA_04_37,2025-09_ASTRA,04_37,C,2025-09-06T13:38:00,28.760201,40.970798,-26,10,23.9359,27.7851,18.2081,6.1498,85.564,2.2362,0.4502,4.5315,10.078,42.277,,,,,,,,,,,,
2025-09_ASTRA_04_37,2025-09_ASTRA,04_37,C,2025-09-06T13:38:00,28.760201,40.970798,-26,11,22.7896,29.4297,19.7734,4.9276,67.854,2.2493,0.4833,3.8347,11.086,43.4828,,,,,,,,,,,,
2025-09_ASTRA_04_37,2025-09_ASTRA,04_37,C,2025-09-06T13:38:00,28.760201,40.970798,-26,12,20.3787,32.8101,22.9914,3.3933,45.683,1.645,0.6646,3.2664,12.094,45.5677,8.092,20.6,156.7,,0.8138,0.9338,11.3466,2.24,15.0466,17.8606,1.491,3.1582
2025-09_ASTRA_04_37,2025-09_ASTRA,04_37,C,2025-09-06T13:38:00,28.760201,40.970798,-26,13,18.2387,35.6545,25.7131,2.3473,30.869,1.0077,0.9565,2.7298,13.102,46.892,,,,,,,,,,,,
2025-09_ASTRA_04_37,2025-09_ASTRA,04_37,C,2025-09-06T13:38:00,28.760201,40.970798,-26,14,16.6875,37.8256,27.7601,2.0494,26.494,0.6555,0.9908,2.2366,14.11,47.7809,,,,,,,,,,,,
2025-09_ASTRA_04_37,2025-09_ASTRA,04_37,C,2025-09-06T13:38:00,28.760201,40.970798,-26,15,16.4018,38.2782,28.1769,1.1657,15.026,0.5499,0.8876,1.7455,15.118,47.9889,,,,,,,,,,,,
2025-09_ASTRA_04_37,2025-09_ASTRA,04_37,C,2025-09-06T13:38:00,28.760201,40.970798,-26,16,16.3232,38.4161,28.3018,1.3594,17.513,0.5665,0.7589,1.3396,16.125,48.0587,,,,,,,,,,,,
2025-09_ASTRA_04_37,2025-09_ASTRA,04_37,C,2025-09-06T13:38:00,28.760201,40.970798,-26,17,16.3785,38.552,28.3934,2.1246,27.42,0.681,0.4651,1.0065,17.134,48.2699,,,,,,,,,,,,
2025-09_ASTRA_04_37,2025-09_ASTRA,04_37,C,2025-09-06T13:38:00,28.760201,40.970798,-26,18,16.3878,38.6457,28.4634,2.3007,29.714,0.7636,0.3353,0.7796,18.141,48.3848,,,,,,,,,,,,
2025-09_ASTRA_04_37,2025-09_ASTRA,04_37,C,2025-09-06T13:38:00,28.760201,40.970798,-26,19,16.3708,38.687,28.4992,2.0348,26.279,0.7561,0.3056,0.6527,19.149,48.4127,,,,,,,,,,,,
2025-09_ASTRA_04_37,2025-09_ASTRA,04_37,C,2025-09-06T13:38:00,28.760201,40.970798,-26,20,16.3753,38.7047,28.5117,1.8277,23.608,0.8052,0.2736,0.5406,20.157,48.4376,,,,,,,,,,,,
2025-09_ASTRA_04_37,2025-09_ASTRA,04_37,C,2025-09-06T13:38:00,28.760201,40.970798,-26,21,16.3241,38.7594,28.566,1.2928,16.689,0.8781,0.2822,0.4893,21.165,48.4435,,,,,,,,,,,,
2025-09_ASTRA_05_40,2025-09_ASTRA,05_40,C,2025-09-07T05:34:00,29.188801,40.8293,-87,1,23.9401,26.8862,17.529,7.0772,97.964,0.6391,0.1782,356.09,1.008,41.0467,8.323,23.5,181.5,12.0,0.02,0.1206,0.479,0.3,0.2777,5.7051,0.604,6.9295
2025-09_ASTRA_05_40,2025-09_ASTRA,05_40,C,2025-09-07T05:34:00,29.188801,40.8293,-87,2,23.9402,26.8856,17.5285,7.0152,97.106,0.6705,0.1909,316.1,2.015,41.0462,,,,,,,,,,,,
2025-09_ASTRA_05_40,2025-09_ASTRA,05_40,C,2025-09-07T05:34:00,29.188801,40.8293,-87,3,23.941,26.8862,17.5287,6.998,96.869,0.7009,0.1894,274.7,3.023,41.048,,,,,,,,,,,,
2025-09_ASTRA_05_40,2025-09_ASTRA,05_40,C,2025-09-07T05:34:00,29.188801,40.8293,-87,4,23.9419,26.8877,17.5296,6.9813,96.641,0.7375,0.1911,220.76,4.031,41.0512,,,,,,,,,,,,
2025-09_ASTRA_05_40,2025-09_ASTRA,05_40,C,2025-09-07T05:34:00,29.188801,40.8293,-87,5,23.9349,26.921,17.5567,6.9619,96.379,0.7772,0.2028,178.92,5.039,41.0915,,,,,,,,,,,,
2025-09_ASTRA_05_40,2025-09_ASTRA,05_40,C,2025-09-07T05:34:00,29.188801,40.8293,-87,6,23.8514,26.9877,17.6309,6.8041,94.093,0.7947,0.2022,152.08,6.047,41.1144,,,,,,,,,,,,
2025-09_ASTRA_05_40,2025-09_ASTRA,05_40,C,2025-09-07T05:34:00,29.188801,40.8293,-87,7,23.2933,27.561,18.2209,6.6545,91.42,0.885,0.207,129.56,7.055,41.4273,,,,,,,,,,,,
2025-09_ASTRA_05_40,2025-09_ASTRA,05_40,C,2025-09-07T05:34:00,29.188801,40.8293,-87,8,22.85,29.0161,19.4444,6.456,88.743,0.8395,0.1983,106.86,8.063,42.9978,,,,,,,,,,,,
2025-09_ASTRA_05_40,2025-09_ASTRA,05_40,C,2025-09-07T05:34:00,29.188801,40.8293,-87,9,22.3697,29.7453,20.1292,6.1911,84.732,0.7967,0.2134,90.574,9.071,43.5364,,,,,,,,,,,,
2025-09_ASTRA_05_40,2025-09_ASTRA,05_40,C,2025-09-07T05:34:00,29.188801,40.8293,-87,10,21.4203,31.1844,21.4793,5.7361,77.832,0.8048,0.2303,74.23,10.078,44.534,,,,,,,,,,,,
2025-09_ASTRA_05_40,2025-09_ASTRA,05_40,C,2025-09-07T05:34:00,29.188801,40.8293,-87,11,19.9474,33.2945,23.4747,5.1892,69.401,0.8557,0.2349,61.102,11.086,45.777,,,,,,,,,,,,
2025-09_ASTRA_05_40,2025-09_ASTRA,05_40,C,2025-09-07T05:34:00,29.188801,40.8293,-87,12,18.4247,35.3966,25.4698,4.8458,63.795,0.9281,0.2296,50.952,12.094,46.7921,,,,,,,,,,,,
2025-09_ASTRA_05_40,2025-09_ASTRA,05_40,C,2025-09-07T05:34:00,29.188801,40.8293,-87,13,17.7427,36.2881,26.3227,4.6388,60.612,1.0523,0.2168,41.514,13.102,47.1395,,,,,,,,,,,,
2025-09_ASTRA_05_40,2025-09_ASTRA,05_40,C,2025-09-07T05:34:00,29.188801,40.8293,-87,14,17.2288,37.0118,27.0041,4.5258,58.814,1.2971,0.2117,34.458,14.109,47.4383,,,,,,,,,,,,
2025-09_ASTRA_05_40,2025-09_ASTRA,05_40,C,2025-09-07T05:34:00,29.188801,40.8293,-87,15,16.88,37.6533,27.5815,4.4915,58.208,1.4901,0.2128,29.738,15.118,47.7989,,,,,,,,,,,,
2025-09_ASTRA_05_40,2025-09_ASTRA,05_40,C,2025-09-07T05:34:00,29.188801,40.8293,-87,16,16.7682,37.8446,27.7556,4.4183,57.204,1.4979,0.2317,25.893,16.125,47.8958,8.109,18.8,184.1,,0.3429,0.3748,8.9596,0.94,0.3155,3.7675,1.201,4.324
2025-09_ASTRA_05_40,2025-09_ASTRA,05_40,C,2025-09-07T05:34:00,29.188801,40.8293,-87,17,16.6534,38.0677,27.9548,4.4151,57.113,1.4059,0.2576,21.677,17.133,48.0242,,,,,,,,,,,,
2025-09_ASTRA_05_40,2025-09_ASTRA,05_40,C,2025-09-07T05:34:00,29.188801,40.8293,-87,18,16.6886,38.2204,28.0638,4.6524,60.28,1.2312,0.2222,18.46,18.141,48.2337,,,,,,,,,,,,
2025-09_ASTRA_05_40,2025-09_ASTRA,05_40,C,2025-09-07T05:34:00,29.188801,40.8293,-87,19,16.6819,38.3171,28.1398,4.7624,61.732,1.1318,0.1803,15.512,19.149,48.3354,,,,,,,,,,,,
2025-09_ASTRA_05_40,2025-09_ASTRA,05_40,C,2025-09-07T05:34:00,29.188801,40.8293,-87,20,16.633,38.3845,28.2035,4.7407,61.42,1.0939,0.1754,13.201,20.157,48.3588,,,,,,,,,,,,
2025-09_ASTRA_05_40,2025-09_ASTRA,05_40,C,2025-09-07T05:34:00,29.188801,40.8293,-87,21,16.5913,38.4535,28.2667,4.6724,60.512,1.0569,0.1814,11.486,21.165,48.3916,,,,,,,,,,,,
2025-09_ASTRA_05_40,2025-09_ASTRA,05_40,C,2025-09-07T05:34:00,29.188801,40.8293,-87,22,16.5727,38.4998,28.3067,4.5536,58.97,0.9768,0.1857,9.9602,22.172,48.4237,,,,,,,,,,,,
2025-09_ASTRA_05_40,2025-09_ASTRA,05_40,C,2025-09-07T05:34:00,29.188801,40.8293,-87,23,16.5555,38.5451,28.3458,4.4406,57.503,0.9755,0.1702,8.7286,23.181,48.4563,,,,,,,,,,,,
2025-09_ASTRA_05_40,2025-09_ASTRA,05_40,C,2025-09-07T05:34:00,29.188801,40.8293,-87,24,16.5429,38.5964,28.3883,4.4186,57.221,1.0255,0.1682,7.6484,24.188,48.5005,,,,,,,,,,,,
2025-09_ASTRA_05_40,2025-09_ASTRA,05_40,C,2025-09-07T05:34:00,29.188801,40.8293,-87,25,16.562,38.6613,28.4336,4.3488,56.36,1.1047,0.2005,6.7742,25.196,48.594,,,,,,,,,,,,
2025-09_ASTRA_05_40,2025-09_ASTRA,05_40,C,2025-09-07T05:34:00,29.188801,40.8293,-87,26,16.5351,38.6989,28.4691,4.1228,53.416,1.1774,0.2421,6.0337,26.204,48.6073,,,,,,,,,,,,
2025-09_ASTRA_05_40,2025-09_ASTRA,05_40,C,2025-09-07T05:34:00,29.188801,40.8293,-87,27,16.4875,38.7203,28.4969,3.8757,50.176,1.1234,0.2112,5.3177,27.212,48.58,8.082,18.0,172.7,,0.4723,0.547,9.6653,3.27,0.3038,5.8688,1.244,3.6801
2025-09_ASTRA_05_40,2025-09_ASTRA,05_40,C,2025-09-07T05:34:00,29.188801,40.8293,-87,28,16.3971,38.7228,28.5205,3.6231,46.825,1.02,0.1989,4.6683,28.22,48.4853,,,,,,,,,,,,
2025-09_ASTRA_05_40,2025-09_ASTRA,05_40,C,2025-09-07T05:34:00,29.188801,40.8293,-87,29,16.3089,38.7251,28.5433,3.36,43.349,0.9841,0.1928,4.0993,29.228,48.3928,,,,,,,,,,,,
2025-09_ASTRA_05_40,2025-09_ASTRA,05_40,C,2025-09-07T05:34:00,29.188801,40.8293,-87,30,16.2964,38.7568,28.5707,3.0658,39.553,0.8598,0.1974,3.6176,30.236,48.4149,,,,,,,,,,,,
2025-09_ASTRA_05_40,2025-09_ASTRA,05_40,C,2025-09-07T05:34:00,29.188801,40.8293,-87,31,16.2166,38.7726,28.6018,2.8333,36.502,0.7218,0.2044,3.2047,31.244,48.3465,,,,,,,,,,,,
2025-09_ASTRA_05_40,2025-09_ASTRA,05_40,C,2025-09-07T05:34:00,29.188801,40.8293,-87,32,16.1667,38.777,28.6171,2.6514,34.126,0.6058,0.2038,2.8421,32.252,48.2978,,,,,,,,,,,,
2025-09_ASTRA_05_40,2025-09_ASTRA,05_40,C,2025-09-07T05:34:00,29.188801,40.8293,-87,33,16.1088,38.7841,28.6362,2.4682,31.734,0.4756,0.2174,2.5397,33.26,48.2433,,,,,,,,,,,,
2025-09_ASTRA_05_40,2025-09_ASTRA,05_40,C,2025-09-07T05:34:00,29.188801,40.8293,-87,34,16.0204,38.8051,28.6733,2.3147,29.713,0.3658,0.2344,2.2876,34.268,48.1713,,,,,,,,,,,,
2025-09_ASTRA_05_40,2025-09_ASTRA,05_40,C,2025-09-07T05:34:00,29.188801,40.8293,-87,35,15.9683,38.8148,28.693,2.198,28.187,0.3334,0.2266,2.0362,35.276,48.1259,,,,,,,,,,,,
2025-09_ASTRA_05_40,2025-09_ASTRA,05_40,C,2025-09-07T05:34:00,29.188801,40.8293,-87,36,15.9448,38.8133,28.6974,2.0983,26.898,0.3072,0.2298,1.7361,36.284,48.0994,,,,,,,,,,,,
2025-09_ASTRA_05_40,2025-09_ASTRA,05_40,C,2025-09-07T05:34:00,29.188801,40.8293,-87,37,15.9091,38.8181,28.7095,2.0245,25.934,0.3151,0.2398,1.5322,37.292,48.0665,,,,,,,,,,,,
2025-09_ASTRA_05_40,2025-09_ASTRA,05_40,C,2025-09-07T05:34:00,29.188801,40.8293,-87,38,15.8908,38.8203,28.7154,1.9892,25.473,0.2866,0.2473,1.4819,38.3,48.0496,,,,,,,,,,,,
2025-09_ASTRA_05_40,2025-09_ASTRA,05_40,C,2025-09-07T05:34:00,29.188801,40.8293,-87,39,15.8817,38.8219,28.7188,1.9817,25.373,0.2424,0.2486,1.4125,39.308,48.042,,,,,,,,,,,,
2025-09_ASTRA_05_40,2025-09_ASTRA,05_40,C,2025-09-07T05:34:00,29.188801,40.8293,-87,40,15.8766,38.823,28.7209,1.983,25.387,0.2327,0.2489,1.3069,40.316,48.0382,,,,,,,,,,,,
2025-09_ASTRA_05_40,2025-09_ASTRA,05_40,C,2025-09-07T05:34:00,29.188801,40.8293,-87,41,15.8706,38.8254,28.7241,1.9983,25.58,0.2337,0.2491,1.1992,41.324,48.0347,,,,,,,,,,,,
2025-09_ASTRA_05_40,2025-09_ASTRA,05_40,C,2025-09-07T05:34:00,29.188801,40.8293,-87,42,15.8663,38.8264,28.7259,2.0109,25.74,0.2216,0.2486,1.0931,42.332,48.0318,,,,,,,,,,,,
2025-09_ASTRA_05_40,2025-09_ASTRA,05_40,C,2025-09-07T05:34:00,29.188801,40.8293,-87,43,15.8562,38.8296,28.7308,2.0304,25.985,0.2043,0.247,0.9952,43.34,48.0248,,,,,,,,,,,,
2025-09_ASTRA_05_40,2025-09_ASTRA,05_40,C,2025-09-07T05:34:00,29.188801,40.8293,-87,44,15.8396,38.8347,28.7386,2.0761,26.562,0.1964,0.2429,0.9074,44.348,48.0129,,,,,,,,,,,,
2025-09_ASTRA_05_40,2025-09_ASTRA,05_40,C,2025-09-07T05:34:00,29.188801,40.8293,-87,45,15.8265,38.8387,28.7448,2.1354,27.315,0.19,0.2387,0.8273,45.356,48.0036,,,,,,,,,,,,
2025-09_ASTRA_05_40,2025-09_ASTRA,05_40,C,2025-09-07T05:34:00,29.188801,40.8293,-87,46,15.8075,38.8444,28.7536,2.1868,27.962,0.1848,0.2271,0.7546,46.364,47.9898,,,,,,,,,,,,
2025-09_ASTRA_05_40,2025-09_ASTRA,05_40,C,2025-09-07T05:34:00,29.188801,40.8293,-87,47,15.8029,38.8463,28.7561,2.2262,28.464,0.1757,0.2181,0.6882,47.372,47.9874,,,,,,,,,,,,
2025-09_ASTRA_05_40,2025-09_ASTRA,05_40,C,2025-09-07T05:34:00,29.188801,40.8293,-87,48,15.798,38.8483,28.7588,2.2457,28.712,0.169,0.2186,0.6266,48.379,47.9847,,,,,,,,,,,,
2025-09_ASTRA_05_40,2025-09_ASTRA,05_40,C,2025-09-07T05:34:00,29.188801,40.8293,-87,49,15.7841,38.8497,28.7631,2.2422,28.659,0.1671,0.223,0.5712,49.388,47.9717,,,,,,,,,,,,
2025-09_ASTRA_05_40,2025-09_ASTRA,05_40,C,2025-09-07T05:34:00,29.188801,40.8293,-87,50,15.775,38.85,28.7655,2.2287,28.482,0.1486,0.218,0.5105,50.396,47.9627,,,,,,,,,,,,
2025-09_ASTRA_05_40,2025-09_ASTRA,05_40,C,2025-09-07T05:34:00,29.188801,40.8293,-87,51,15.7725,38.8495,28.7657,2.2143,28.296,0.1362,0.2158,0.4485,51.404,47.9599,,,,,,,,,,,,
2025-09_ASTRA_05_40,2025-09_ASTRA,05_40,C,2025-09-07T05:34:00,29.188801,40.8293,-87,52,15.7618,38.8495,28.7681,2.1898,27.978,0.1331,0.2168,0.3941,52.412,47.9488,,,,,,,,,,,,
2025-09_ASTRA_05_40,2025-09_ASTRA,05_40,C,2025-09-07T05:34:00,29.188801,40.8293,-87,53,15.7493,38.8493,28.7709,2.1579,27.562,0.1342,0.222,0.3725,53.42,47.9356,,,,,,,,,,,,
2025-09_ASTRA_05_40,2025-09_ASTRA,05_40,C,2025-09-07T05:34:00,29.188801,40.8293,-87,54,15.7451,38.8488,28.7716,2.1432,27.373,0.1363,0.2316,0.3684,54.428,47.9309,,,,,,,,,,,,
2025-09_ASTRA_05_40,2025-09_ASTRA,05_40,C,2025-09-07T05:34:00,29.188801,40.8293,-87,55,15.7287,38.8495,28.7759,2.1476,27.42,0.1206,0.241,0.3446,55.436,47.9145,,,,,,,,,,,,
2025-09_ASTRA_05_40,2025-09_ASTRA,05_40,C,2025-09-07T05:34:00,29.188801,40.8293,-87,56,15.6993,38.8528,28.7853,2.1481,27.411,0.1083,0.2416,0.3116,56.444,47.8868,,,,,,,,,,,,
2025-09_ASTRA_05_40,2025-09_ASTRA,05_40,C,2025-09-07T05:34:00,29.188801,40.8293,-87,57,15.7026,38.8503,28.7826,2.153,27.475,0.1083,0.2377,0.2832,57.452,47.888,,,,,,,,,,,,
2025-09_ASTRA_05_40,2025-09_ASTRA,05_40,C,2025-09-07T05:34:00,29.188801,40.8293,-87,58,15.6987,38.8507,28.7838,2.1539,27.484,0.1089,0.2442,0.2625,58.461,47.8848,,,,,,,,,,,,
2025-09_ASTRA_05_40,2025-09_ASTRA,05_40,C,2025-09-07T05:34:00,29.188801,40.8293,-87,59,15.6929,38.85,28.7847,2.1462,27.384,0.1129,0.2524,0.2382,59.469,47.8782,,,,,,,,,,,,
2025-09_ASTRA_05_40,2025-09_ASTRA,05_40,C,2025-09-07T05:34:00,29.188801,40.8293,-87,60,15.6912,38.8497,28.7847,2.1423,27.331,0.1098,0.2551,0.2151,60.477,47.8764,,,,,,,,,,,,
2025-09_ASTRA_05_40,2025-09_ASTRA,05_40,C,2025-09-07T05:34:00,29.188801,40.8293,-87,61,15.6922,38.8499,28.7846,2.1456,27.375,0.107,0.2723,0.1992,61.485,47.8784,,,,,,,,,,,,
2025-09_ASTRA_05_40,2025-09_ASTRA,05_40,C,2025-09-07T05:34:00,29.188801,40.8293,-87,62,15.6957,38.8495,28.7836,2.1396,27.301,0.1132,0.2855,0.1828,62.493,47.8821,,,,,,,,,,,,
2025-09_ASTRA_05_40,2025-09_ASTRA,05_40,C,2025-09-07T05:34:00,29.188801,40.8293,-87,63,15.6898,38.8492,28.7848,2.1198,27.045,0.1011,0.2776,0.1671,63.501,47.876,,,,,,,,,,,,
2025-09_ASTRA_05_40,2025-09_ASTRA,05_40,C,2025-09-07T05:34:00,29.188801,40.8293,-87,64,15.6805,38.849,28.7868,2.1111,26.929,0.0966,0.2881,0.1537,64.509,47.8662,,,,,,,,,,,,
2025-09_ASTRA_05_40,2025-09_ASTRA,05_40,C,2025-09-07T05:34:00,29.188801,40.8293,-87,65,15.6828,38.8482,28.7856,2.1054,26.857,0.113,0.281,0.142,65.517,47.8682,,,,,,,,,,,,
2025-09_ASTRA_05_40,2025-09_ASTRA,05_40,C,2025-09-07T05:34:00,29.188801,40.8293,-87,66,15.6803,38.8482,28.7862,2.0984,26.767,0.1041,0.2784,0.1273,66.526,47.866,,,,,,,,,,,,
2025-09_ASTRA_05_40,2025-09_ASTRA,05_40,C,2025-09-07T05:34:00,29.188801,40.8293,-87,67,15.6801,38.848,28.7861,2.0998,26.784,0.0916,0.2908,0.1158,67.534,47.866,,,,,,,,,,,,
2025-09_ASTRA_05_40,2025-09_ASTRA,05_40,C,2025-09-07T05:34:00,29.188801,40.8293,-87,68,15.68,38.848,28.786,2.0946,26.718,0.0989,0.2851,0.1081,68.542,47.8664,,,,,,,,,,,,
2025-09_ASTRA_05_40,2025-09_ASTRA,05_40,C,2025-09-07T05:34:00,29.188801,40.8293,-87,69,15.6793,38.8472,28.7856,2.0908,26.668,0.0908,0.3034,0.1063,69.55,47.8652,,,,,,,,,,,,
2025-09_ASTRA_05_40,2025-09_ASTRA,05_40,C,2025-09-07T05:34:00,29.188801,40.8293,-87,70,15.6776,38.847,28.7859,2.0908,26.669,0.0924,0.2979,0.1064,70.558,47.8637,,,,,,,,,,,,
2025-09_ASTRA_05_40,2025-09_ASTRA,05_40,C,2025-09-07T05:34:00,29.188801,40.8293,-87,71,15.6766,38.8469,28.786,2.0739,26.452,0.0959,0.294,0.1064,71.566,47.863,,,,,,,,,,,,
2025-09_ASTRA_05_40,2025-09_ASTRA,05_40,C,2025-09-07T05:34:00,29.188801,40.8293,-87,72,15.6736,38.8465,28.7864,2.0525,26.178,0.0956,0.2852,0.1064,72.574,47.8597,,,,,,,,,,,,
2025-09_ASTRA_05_40,2025-09_ASTRA,05_40,C,2025-09-07T05:34:00,29.188801,40.8293,-87,73,15.6697,38.8463,28.7872,2.0444,26.072,0.0945,0.2689,0.1064,73.582,47.8558,,,,,,,,,,,,
2025-09_ASTRA_05_40,2025-09_ASTRA,05_40,C,2025-09-07T05:34:00,29.188801,40.8293,-87,74,15.6712,38.8459,28.7865,2.0471,26.107,0.0903,0.2868,0.1064,74.59,47.8575,,,,,,,,,,,,
2025-09_ASTRA_05_40,2025-09_ASTRA,05_40,C,2025-09-07T05:34:00,29.188801,40.8293,-87,75,15.6708,38.8461,28.7868,2.0455,26.086,0.0961,0.3008,0.1063,75.598,47.8577,,,,,,,,,,,,
2025-09_ASTRA_05_40,2025-09_ASTRA,05_40,C,2025-09-07T05:34:00,29.188801,40.8293,-87,76,15.6663,38.8453,28.7872,2.0204,25.764,0.1004,0.3011,0.1064,76.606,47.8524,,,,,,,,,,,,
2025-09_ASTRA_05_40,2025-09_ASTRA,05_40,C,2025-09-07T05:34:00,29.188801,40.8293,-87,77,15.6537,38.8452,28.79,1.9818,25.266,0.0899,0.3095,0.1064,77.614,47.8391,,,,,,,,,,,,
2025-09_ASTRA_05_40,2025-09_ASTRA,05_40,C,2025-09-07T05:34:00,29.188801,40.8293,-87,78,15.6496,38.8445,28.7905,1.9732,25.154,0.0859,0.3082,0.1064,78.623,47.8346,,,,,,,,,,,,
2025-09_ASTRA_05_40,2025-09_ASTRA,05_40,C,2025-09-07T05:34:00,29.188801,40.8293,-87,79,15.6484,38.8443,28.7906,1.9705,25.118,0.0906,0.3004,0.1064,79.631,47.8335,,,,,,,,,,,,
2025-09_ASTRA_05_40,2025-09_ASTRA,05_40,C,2025-09-07T05:34:00,29.188801,40.8293,-87,80,15.644,38.8442,28.7915,1.962,25.009,0.0965,0.2865,0.1063,80.64,47.8291,,,,,,,,,,,,
2025-09_ASTRA_05_40,2025-09_ASTRA,05_40,C,2025-09-07T05:34:00,29.188801,40.8293,-87,81,15.6436,38.8434,28.791,1.9584,24.962,0.0842,0.2842,0.1062,81.647,47.8283,,,,,,,,,,,,
2025-09_ASTRA_06_41,2025-09_ASTRA,06_41,C,2025-09-07T07:44:00,29.347799,40.7323,-310,1,22.8848,29.2451,19.6079,7.0211,96.697,0.8795,0.3086,1041.1,1.008,43.3313,8.267,23.3,180.0,8.0,0.0415,0.1679,1.2864,0.08,0.4202,5.6273,0.726,7.0063
2025-09_ASTRA_06_41,2025-09_ASTRA,06_41,C,2025-09-07T07:44:00,29.347799,40.7323,-310,2,22.8225,29.2865,19.6565,7.0054,96.396,0.9769,0.3218,556.6,2.016,43.3314,,,,,,,,,,,,
2025-09_ASTRA_06_41,2025-09_ASTRA,06_41,C,2025-09-07T07:44:00,29.347799,40.7323,-310,3,22.7737,29.3833,19.7434,6.9691,95.868,1.0037,0.3013,449.68,3.023,43.4171,,,,,,,,,,,,
2025-09_ASTRA_06_41,2025-09_ASTRA,06_41,C,2025-09-07T07:44:00,29.347799,40.7323,-310,4,22.7249,29.5937,19.9161,6.9071,95.048,1.0216,0.2995,319.95,4.031,43.6525,,,,,,,,,,,,
2025-09_ASTRA_06_41,2025-09_ASTRA,06_41,C,2025-09-07T07:44:00,29.347799,40.7323,-310,5,22.6026,29.9227,20.1991,6.7821,93.304,1.0489,0.3112,193.77,5.039,43.9774,,,,,,,,,,,,
2025-09_ASTRA_06_41,2025-09_ASTRA,06_41,C,2025-09-07T07:44:00,29.347799,40.7323,-310,6,22.4632,30.1407,20.4028,6.6046,90.751,1.0629,0.2958,132.07,6.047,44.1387,,,,,,,,,,,,
2025-09_ASTRA_06_41,2025-09_ASTRA,06_41,C,2025-09-07T07:44:00,29.347799,40.7323,-310,7,22.0072,30.6542,20.9174,6.35,86.805,0.9892,0.2695,104.08,7.055,44.392,8.22,22.3,174.9,,0.0835,0.1696,2.3963,0.07,0.2309,5.3636,0.877,6.4099
2025-09_ASTRA_06_41,2025-09_ASTRA,06_41,C,2025-09-07T07:44:00,29.347799,40.7323,-310,8,21.4365,31.3535,21.6032,6.1634,83.734,0.8963,0.2562,84.737,8.063,44.765,,,,,,,,,,,,
2025-09_ASTRA_06_41,2025-09_ASTRA,06_41,C,2025-09-07T07:44:00,29.347799,40.7323,-310,9,20.9152,32.005,22.2382,5.9988,81.039,0.8103,0.2396,70.309,9.07,45.1042,,,,,,,,,,,,
2025-09_ASTRA_06_41,2025-09_ASTRA,06_41,C,2025-09-07T07:44:00,29.347799,40.7323,-310,10,20.4507,32.6017,22.8153,5.8034,78.011,0.7487,0.2235,59.732,10.078,45.4103,,,,,,,,,,,,
2025-09_ASTRA_06_41,2025-09_ASTRA,06_41,C,2025-09-07T07:44:00,29.347799,40.7323,-310,11,19.6551,33.658,23.828,5.6362,75.133,0.7238,0.2116,51.356,11.086,45.9389,,,,,,,,,,,,
2025-09_ASTRA_06_41,2025-09_ASTRA,06_41,C,2025-09-07T07:44:00,29.347799,40.7323,-310,12,18.9623,34.6833,24.7887,5.4769,72.517,0.7642,0.2122,44.612,12.094,46.4928,,,,,,,,,,,,
2025-09_ASTRA_06_41,2025-09_ASTRA,06_41,C,2025-09-07T07:44:00,29.347799,40.7323,-310,13,18.5366,35.2921,25.3619,5.4242,71.509,0.8238,0.2084,39.192,13.102,46.7883,,,,,,,,,,,,
2025-09_ASTRA_06_41,2025-09_ASTRA,06_41,C,2025-09-07T07:44:00,29.347799,40.7323,-310,14,18.1429,35.9949,25.9988,5.4469,71.581,0.8319,0.1931,34.645,14.11,47.2127,,,,,,,,,,,,
2025-09_ASTRA_06_41,2025-09_ASTRA,06_41,C,2025-09-07T07:44:00,29.347799,40.7323,-310,15,17.9399,36.3492,26.3208,5.3929,70.752,0.8543,0.1963,30.84,15.117,47.4167,,,,,,,,,,,,
2025-09_ASTRA_06_41,2025-09_ASTRA,06_41,C,2025-09-07T07:44:00,29.347799,40.7323,-310,16,17.726,36.713,26.6529,5.3102,69.537,0.9001,0.2317,27.487,16.125,47.6157,,,,,,,,,,,,
2025-09_ASTRA_06_41,2025-09_ASTRA,06_41,C,2025-09-07T07:44:00,29.347799,40.7323,-310,17,17.5678,36.9515,26.8748,5.163,67.505,0.9142,0.2487,23.874,17.133,47.7256,,,,,,,,,,,,
2025-09_ASTRA_06_41,2025-09_ASTRA,06_41,C,2025-09-07T07:44:00,29.347799,40.7323,-310,18,17.4848,37.0278,26.9538,4.9064,64.078,0.9706,0.2024,20.187,18.141,47.7266,,,,,,,,,,,,
2025-09_ASTRA_06_41,2025-09_ASTRA,06_41,C,2025-09-07T07:44:00,29.347799,40.7323,-310,19,17.3455,37.0987,27.0423,4.5231,58.944,1.139,0.1941,16.977,19.149,47.6619,,,,,,,,,,,,
2025-09_ASTRA_06_41,2025-09_ASTRA,06_41,C,2025-09-07T07:44:00,29.347799,40.7323,-310,20,17.0832,37.3139,27.2715,4.2086,54.642,1.4093,0.21,14.741,20.157,47.6313,,,,,,,,,,,,
2025-09_ASTRA_06_41,2025-09_ASTRA,06_41,C,2025-09-07T07:44:00,29.347799,40.7323,-310,21,16.9128,37.5339,27.4818,4.0259,52.17,1.5668,0.2251,13.281,21.164,47.701,,,,,,,,,,,,
2025-09_ASTRA_06_41,2025-09_ASTRA,06_41,C,2025-09-07T07:44:00,29.347799,40.7323,-310,22,16.8234,37.6585,27.5992,3.9009,50.501,1.6269,0.2265,11.948,22.172,47.7476,,,,,,,,,,,,
2025-09_ASTRA_06_41,2025-09_ASTRA,06_41,C,2025-09-07T07:44:00,29.347799,40.7323,-310,23,16.7777,37.7388,27.6719,3.8283,49.542,1.6559,0.2295,10.431,23.181,47.7901,,,,,,,,,,,,
2025-09_ASTRA_06_41,2025-09_ASTRA,06_41,C,2025-09-07T07:44:00,29.347799,40.7323,-310,24,16.7409,37.8013,27.7288,3.861,49.949,1.6405,0.2259,8.731,24.189,47.8217,,,,,,,,,,,,
2025-09_ASTRA_06_41,2025-09_ASTRA,06_41,C,2025-09-07T07:44:00,29.347799,40.7323,-310,25,16.714,37.9167,27.824,3.9774,51.465,1.5075,0.211,7.0274,25.196,47.9233,8.084,18.4,159.8,,0.4309,0.4737,10.8778,1.63,0.3948,5.2804,1.01,3.8837
2025-09_ASTRA_06_41,2025-09_ASTRA,06_41,C,2025-09-07T07:44:00,29.347799,40.7323,-310,26,16.6918,38.0496,27.9316,4.0237,52.082,1.3182,0.1977,5.5668,26.204,48.0494,,,,,,,,,,,,
2025-09_ASTRA_06_41,2025-09_ASTRA,06_41,C,2025-09-07T07:44:00,29.347799,40.7323,-310,27,16.642,38.1524,28.0227,3.926,50.801,1.1979,0.1952,4.4907,27.212,48.1118,,,,,,,,,,,,
2025-09_ASTRA_06_41,2025-09_ASTRA,06_41,C,2025-09-07T07:44:00,29.347799,40.7323,-310,28,16.554,38.29,28.1497,3.7889,48.986,1.0893,0.1956,3.9369,28.22,48.1719,,,,,,,,,,,,
2025-09_ASTRA_06_41,2025-09_ASTRA,06_41,C,2025-09-07T07:44:00,29.347799,40.7323,-310,29,16.5277,38.3417,28.1958,3.7767,48.818,1.0177,0.1991,3.6036,29.228,48.2019,,,,,,,,,,,,
2025-09_ASTRA_06_41,2025-09_ASTRA,06_41,C,2025-09-07T07:44:00,29.347799,40.7323,-310,30,16.5254,38.3654,28.2146,3.8127,49.289,0.9828,0.1955,3.3342,30.236,48.2264,,,,,,,,,,,,
2025-09_ASTRA_06_41,2025-09_ASTRA,06_41,C,2025-09-07T07:44:00,29.347799,40.7323,-310,31,16.5209,38.3868,28.2322,3.8413,49.662,0.984,0.1835,3.0471,31.244,48.246,,,,,,,,,,,,
2025-09_ASTRA_06_41,2025-09_ASTRA,06_41,C,2025-09-07T07:44:00,29.347799,40.7323,-310,32,16.5199,38.4032,28.2451,3.8826,50.2,0.9881,0.1767,2.6967,32.252,48.2637,,,,,,,,,,,,
2025-09_ASTRA_06_41,2025-09_ASTRA,06_41,C,2025-09-07T07:44:00,29.347799,40.7323,-310,33,16.519,38.4211,28.259,3.9275,50.784,0.9745,0.1781,2.3205,33.26,48.2831,,,,,,,,,,,,
2025-09_ASTRA_06_41,2025-09_ASTRA,06_41,C,2025-09-07T07:44:00,29.347799,40.7323,-310,34,16.5086,38.461,28.2922,3.9377,50.917,0.9423,0.1734,1.9826,34.268,48.317,,,,,,,,,,,,
2025-09_ASTRA_06_41,2025-09_ASTRA,06_41,C,2025-09-07T07:44:00,29.347799,40.7323,-310,35,16.4892,38.5036,28.3296,3.8849,50.229,0.9282,0.1725,1.6702,35.276,48.3441,,,,,,,,,,,,
2025-09_ASTRA_06_41,2025-09_ASTRA,06_41,C,2025-09-07T07:44:00,29.347799,40.7323,-310,36,16.4632,38.546,28.3686,3.7666,48.689,0.9095,0.1656,1.3887,36.284,48.3638,,,,,,,,,,,,
2025-09_ASTRA_06_41,2025-09_ASTRA,06_41,C,2025-09-07T07:44:00,29.347799,40.7323,-310,37,16.4173,38.5919,28.4148,3.6531,47.193,0.8429,0.1742,1.1635,37.291,48.3658,,,,,,,,,,,,
2025-09_ASTRA_06_41,2025-09_ASTRA,06_41,C,2025-09-07T07:44:00,29.347799,40.7323,-310,38,16.3993,38.6122,28.4347,3.6033,46.54,0.7811,0.1821,0.9765,38.3,48.3694,,,,,,,,,,,,
2025-09_ASTRA_06_41,2025-09_ASTRA,06_41,C,2025-09-07T07:44:00,29.347799,40.7323,-310,39,16.3946,38.6162,28.4389,3.5773,46.2,0.7868,0.1869,0.8245,39.308,48.3692,,,,,,,,,,,,
2025-09_ASTRA_06_41,2025-09_ASTRA,06_41,C,2025-09-07T07:44:00,29.347799,40.7323,-310,40,16.3887,38.6255,28.4475,3.5711,46.117,0.7914,0.1925,0.7191,40.315,48.3737,,,,,,,,,,,,
2025-09_ASTRA_06_41,2025-09_ASTRA,06_41,C,2025-09-07T07:44:00,29.347799,40.7323,-310,41,16.3769,38.6342,28.457,3.5603,45.971,0.7571,0.1772,0.6346,41.323,48.3711,,,,,,,,,,,,
2025-09_ASTRA_06_41,2025-09_ASTRA,06_41,C,2025-09-07T07:44:00,29.347799,40.7323,-310,42,16.369,38.6371,28.4611,3.5381,45.677,0.7474,0.1699,0.5664,42.332,48.3663,,,,,,,,,,,,
2025-09_ASTRA_06_41,2025-09_ASTRA,06_41,C,2025-09-07T07:44:00,29.347799,40.7323,-310,43,16.3635,38.6416,28.4659,3.5261,45.518,0.7458,0.17,0.507,43.339,48.3658,,,,,,,,,,,,
2025-09_ASTRA_06_41,2025-09_ASTRA,06_41,C,2025-09-07T07:44:00,29.347799,40.7323,-310,44,16.3582,38.648,28.4722,3.5267,45.524,0.7377,0.162,0.4605,44.348,48.3677,,,,,,,,,,,,
2025-09_ASTRA_06_41,2025-09_ASTRA,06_41,C,2025-09-07T07:44:00,29.347799,40.7323,-310,45,16.3532,38.6512,28.4758,3.5116,45.325,0.7207,0.164,0.4212,45.356,48.3663,,,,,,,,,,,,
2025-09_ASTRA_06_41,2025-09_ASTRA,06_41,C,2025-09-07T07:44:00,29.347799,40.7323,-310,46,16.3514,38.6544,28.4787,3.4878,45.018,0.6883,0.1599,0.3879,46.364,48.3684,,,,,,,,,,,,
2025-09_ASTRA_06_41,2025-09_ASTRA,06_41,C,2025-09-07T07:44:00,29.347799,40.7323,-310,47,16.3464,38.6625,28.4861,3.456,44.605,0.6705,0.1654,0.3563,47.372,48.3725,,,,,,,,,,,,
2025-09_ASTRA_06_41,2025-09_ASTRA,06_41,C,2025-09-07T07:44:00,29.347799,40.7323,-310,48,16.3436,38.6696,28.4922,3.4358,44.344,0.6671,0.1671,0.3283,48.379,48.3778,,,,,,,,,,,,
2025-09_ASTRA_06_41,2025-09_ASTRA,06_41,C,2025-09-07T07:44:00,29.347799,40.7323,-310,49,16.3443,38.6798,28.5,3.4609,44.672,0.6735,0.1611,0.3026,49.387,48.3905,,,,,,,,,,,,
2025-09_ASTRA_06_41,2025-09_ASTRA,06_41,C,2025-09-07T07:44:00,29.347799,40.7323,-310,50,16.3543,38.6969,28.5108,3.4878,45.031,0.6946,0.1585,0.2704,50.395,48.4208,,,,,,,,,,,,
2025-09_ASTRA_06_41,2025-09_ASTRA,06_41,C,2025-09-07T07:44:00,29.347799,40.7323,-310,51,16.355,38.7249,28.5321,3.4428,44.458,0.7609,0.1699,0.2405,51.403,48.453,,,,,,,,,,,,
2025-09_ASTRA_06_41,2025-09_ASTRA,06_41,C,2025-09-07T07:44:00,29.347799,40.7323,-310,52,16.3321,38.7475,28.555,3.3695,43.499,0.8172,0.1842,0.2247,52.412,48.4538,,,,,,,,,,,,
2025-09_ASTRA_06_41,2025-09_ASTRA,06_41,C,2025-09-07T07:44:00,29.347799,40.7323,-310,53,16.3362,38.7587,28.5627,3.2535,42.007,0.7918,0.1873,0.2085,53.42,48.4713,,,,,,,,,,,,
2025-09_ASTRA_06_41,2025-09_ASTRA,06_41,C,2025-09-07T07:44:00,29.347799,40.7323,-310,54,16.3005,38.7662,28.5769,2.9994,38.702,0.7076,0.1838,0.1868,54.428,48.4412,,,,,,,,,,,,
2025-09_ASTRA_06_41,2025-09_ASTRA,06_41,C,2025-09-07T07:44:00,29.347799,40.7323,-310,55,16.2134,38.7548,28.5888,2.859,36.826,0.6468,0.1914,0.1665,55.436,48.3347,,,,,,,,,,,,
2025-09_ASTRA_06_41,2025-09_ASTRA,06_41,C,2025-09-07T07:44:00,29.347799,40.7323,-310,56,16.2284,38.7603,28.5896,2.9996,38.65,0.6065,0.1917,0.1513,56.444,48.3576,,,,,,,,,,,,
2025-09_ASTRA_06_41,2025-09_ASTRA,06_41,C,2025-09-07T07:44:00,29.347799,40.7323,-310,57,16.2952,38.7905,28.5969,3.1239,40.31,0.5657,0.1712,0.1357,57.452,48.464,,,,,,,,,,,,
2025-09_ASTRA_06_41,2025-09_ASTRA,06_41,C,2025-09-07T07:44:00,29.347799,40.7323,-310,58,16.2773,38.7962,28.6056,3.0955,39.932,0.5496,0.1626,0.1211,58.46,48.4514,,,,,,,,,,,,
2025-09_ASTRA_06_41,2025-09_ASTRA,06_41,C,2025-09-07T07:44:00,29.347799,40.7323,-310,59,16.228,38.8066,28.6253,3.0561,39.388,0.5121,0.1555,0.1107,59.468,48.41,,,,,,,,,,,,
2025-09_ASTRA_06_41,2025-09_ASTRA,06_41,C,2025-09-07T07:44:00,29.347799,40.7323,-310,60,16.2164,38.8054,28.6271,3.0797,39.684,0.4781,0.1531,0.1065,60.476,48.3965,,,,,,,,,,,,
2025-09_ASTRA_06_41,2025-09_ASTRA,06_41,C,2025-09-07T07:44:00,29.347799,40.7323,-310,61,16.2124,38.8119,28.6331,3.1043,39.998,0.4252,0.1519,0.1064,61.484,48.3998,,,,,,,,,,,,
2025-09_ASTRA_06_41,2025-09_ASTRA,06_41,C,2025-09-07T07:44:00,29.347799,40.7323,-310,62,16.2076,38.8145,28.6362,3.1114,40.087,0.4162,0.1571,0.1065,62.492,48.3979,,,,,,,,,,,,
2025-09_ASTRA_06_41,2025-09_ASTRA,06_41,C,2025-09-07T07:44:00,29.347799,40.7323,-310,63,16.2071,38.8159,28.6374,3.1046,40.0,0.4354,0.1544,0.1065,63.5,48.3995,,,,,,,,,,,,
2025-09_ASTRA_06_41,2025-09_ASTRA,06_41,C,2025-09-07T07:44:00,29.347799,40.7323,-310,64,16.2036,38.8169,28.6391,3.0845,39.737,0.4194,0.1496,0.1064,64.509,48.3973,,,,,,,,,,,,
2025-09_ASTRA_06_41,2025-09_ASTRA,06_41,C,2025-09-07T07:44:00,29.347799,40.7323,-310,65,16.2182,38.7987,28.6216,3.0635,39.474,0.3963,0.1474,0.1064,65.517,48.3935,,,,,,,,,,,,
2025-09_ASTRA_06_41,2025-09_ASTRA,06_41,C,2025-09-07T07:44:00,29.347799,40.7323,-310,66,16.1895,38.8223,28.6465,3.0441,39.208,0.404,0.1443,0.1064,66.525,48.3889,,,,,,,,,,,,
2025-09_ASTRA_06_41,2025-09_ASTRA,06_41,C,2025-09-07T07:44:00,29.347799,40.7323,-310,67,16.1887,38.8225,28.6469,3.0281,39.002,0.4075,0.1419,0.1064,67.533,48.3887,,,,,,,,,,,,
2025-09_ASTRA_06_41,2025-09_ASTRA,06_41,C,2025-09-07T07:44:00,29.347799,40.7323,-310,68,16.1844,38.8239,28.6489,2.9881,38.483,0.3982,0.1393,0.1064,68.541,48.3861,,,,,,,,,,,,
2025-09_ASTRA_06_41,2025-09_ASTRA,06_41,C,2025-09-07T07:44:00,29.347799,40.7323,-310,69,16.1497,38.833,28.6643,2.938,37.816,0.3647,0.1392,0.1064,69.549,48.3591,,,,,,,,,,,,
2025-09_ASTRA_06_41,2025-09_ASTRA,06_41,C,2025-09-07T07:44:00,29.347799,40.7323,-310,70,16.1345,38.8326,28.6675,2.915,37.508,0.342,0.1375,0.1064,70.557,48.3426,,,,,,,,,,,,
2025-09_ASTRA_06_41,2025-09_ASTRA,06_41,C,2025-09-07T07:44:00,29.347799,40.7323,-310,71,16.1249,38.8325,28.6697,2.9089,37.423,0.3458,0.1413,0.1064,71.565,48.3326,,,,,,,,,,,,
2025-09_ASTRA_06_41,2025-09_ASTRA,06_41,C,2025-09-07T07:44:00,29.347799,40.7323,-310,72,16.1124,38.8319,28.6722,2.8957,37.244,0.3322,0.1446,0.1064,72.574,48.3188,,,,,,,,,,,,
2025-09_ASTRA_06_41,2025-09_ASTRA,06_41,C,2025-09-07T07:44:00,29.347799,40.7323,-310,73,16.091,38.8293,28.6753,2.8713,36.914,0.2998,0.1384,0.1064,73.582,48.2933,,,,,,,,,,,,
2025-09_ASTRA_06_41,2025-09_ASTRA,06_41,C,2025-09-07T07:44:00,29.347799,40.7323,-310,74,16.0762,38.8261,28.6762,2.8531,36.669,0.2808,0.139,0.1064,74.59,48.2741,,,,,,,,,,,,
2025-09_ASTRA_06_41,2025-09_ASTRA,06_41,C,2025-09-07T07:44:00,29.347799,40.7323,-310,75,16.0655,38.8245,28.6776,2.836,36.441,0.2775,0.1441,0.1063,75.598,48.2612,,,,,,,,,,,,
2025-09_ASTRA_06_41,2025-09_ASTRA,06_41,C,2025-09-07T07:44:00,29.347799,40.7323,-310,76,16.0569,38.8245,28.6796,2.8211,36.244,0.2643,0.1437,0.1063,76.606,48.2523,,,,,,,,,,,,
2025-09_ASTRA_06_41,2025-09_ASTRA,06_41,C,2025-09-07T07:44:00,29.347799,40.7323,-310,77,16.0542,38.8245,28.6803,2.8098,36.097,0.2472,0.1315,0.1064,77.615,48.25,,,,,,,,,,,,
2025-09_ASTRA_06_41,2025-09_ASTRA,06_41,C,2025-09-07T07:44:00,29.347799,40.7323,-310,78,16.0518,38.8256,28.6818,2.8034,36.013,0.2489,0.1285,0.1064,78.623,48.2491,,,,,,,,,,,,
2025-09_ASTRA_06_41,2025-09_ASTRA,06_41,C,2025-09-07T07:44:00,29.347799,40.7323,-310,79,16.0506,38.8261,28.6824,2.794,35.891,0.2585,0.1277,0.1064,79.631,48.2489,,,,,,,,,,,,
2025-09_ASTRA_06_41,2025-09_ASTRA,06_41,C,2025-09-07T07:44:00,29.347799,40.7323,-310,80,16.0481,38.8267,28.6833,2.7647,35.513,0.2658,0.1328,0.1064,80.639,48.2472,,,,,,,,,,,,
2025-09_ASTRA_06_41,2025-09_ASTRA,06_41,C,2025-09-07T07:44:00,29.347799,40.7323,-310,81,16.0423,38.8278,28.6856,2.7346,35.124,0.2632,0.1347,0.1064,81.647,48.2427,,,,,,,,,,,,
2025-09_ASTRA_06_41,2025-09_ASTRA,06_41,C,2025-09-07T07:44:00,29.347799,40.7323,-310,82,16.039,38.8286,28.687,2.712,34.83,0.2619,0.1317,0.1064,82.656,48.2404,,,,,,,,,,,,
2025-09_ASTRA_06_41,2025-09_ASTRA,06_41,C,2025-09-07T07:44:00,29.347799,40.7323,-310,83,16.0366,38.83,28.6887,2.692,34.573,0.2666,0.1297,0.1064,83.663,48.2398,,,,,,,,,,,,
2025-09_ASTRA_06_41,2025-09_ASTRA,06_41,C,2025-09-07T07:44:00,29.347799,40.7323,-310,84,16.0353,38.8311,28.6898,2.6776,34.387,0.2659,0.1407,0.1064,84.671,48.2401,,,,,,,,,,,,
2025-09_ASTRA_06_41,2025-09_ASTRA,06_41,C,2025-09-07T07:44:00,29.347799,40.7323,-310,85,16.033,38.8351,28.6935,2.6639,34.21,0.2472,0.1688,0.1064,85.68,48.2427,,,,,,,,,,,,
2025-09_ASTRA_06_41,2025-09_ASTRA,06_41,C,2025-09-07T07:44:00,29.347799,40.7323,-310,86,16.0219,38.8393,28.6993,2.6362,33.848,0.2338,0.1636,0.1064,86.688,48.2356,,,,,,,,,,,,
2025-09_ASTRA_06_41,2025-09_ASTRA,06_41,C,2025-09-07T07:44:00,29.347799,40.7323,-310,87,16.0055,38.8418,28.7051,2.616,33.579,0.2354,0.1358,0.1064,87.696,48.2211,,,,,,,,,,,,
2025-09_ASTRA_06_41,2025-09_ASTRA,06_41,C,2025-09-07T07:44:00,29.347799,40.7323,-310,88,15.9974,38.8452,28.7096,2.6156,33.569,0.2395,0.1307,0.1064,88.704,48.2166,,,,,,,,,,,,
2025-09_ASTRA_06_41,2025-09_ASTRA,06_41,C,2025-09-07T07:44:00,29.347799,40.7323,-310,89,15.9994,38.8473,28.7107,2.6389,33.87,0.2353,0.1323,0.1063,89.713,48.2215,,,,,,,,,,,,
2025-09_ASTRA_06_41,2025-09_ASTRA,06_41,C,2025-09-07T07:44:00,29.347799,40.7323,-310,90,16.006,38.8512,28.7122,2.6879,34.504,0.2232,0.1302,0.1063,90.721,48.2334,,,,,,,,,,,,
2025-09_ASTRA_06_41,2025-09_ASTRA,06_41,C,2025-09-07T07:44:00,29.347799,40.7323,-310,91,16.0043,38.855,28.7156,2.754,35.352,0.214,0.1231,0.1063,91.73,48.2363,,,,,,,,,,,,
2025-09_ASTRA_06_41,2025-09_ASTRA,06_41,C,2025-09-07T07:44:00,29.347799,40.7323,-310,92,15.995,38.8591,28.7209,2.8228,36.229,0.2057,0.1302,0.1063,92.737,48.2312,,,,,,,,,,,,
2025-09_ASTRA_06_41,2025-09_ASTRA,06_41,C,2025-09-07T07:44:00,29.347799,40.7323,-310,93,15.9963,38.8621,28.7229,2.8846,37.024,0.1987,0.14,0.1064,93.745,48.2365,,,,,,,,,,,,
2025-09_ASTRA_06_41,2025-09_ASTRA,06_41,C,2025-09-07T07:44:00,29.347799,40.7323,-310,94,15.9983,38.8643,28.7241,2.9229,37.518,0.1942,0.1412,0.1065,94.754,48.2415,,,,,,,,,,,,
2025-09_ASTRA_06_41,2025-09_ASTRA,06_41,C,2025-09-07T07:44:00,29.347799,40.7323,-310,95,15.9862,38.8655,28.7279,2.9072,37.308,0.194,0.1353,0.1064,95.762,48.2301,,,,,,,,,,,,
2025-09_ASTRA_06_41,2025-09_ASTRA,06_41,C,2025-09-07T07:44:00,29.347799,40.7323,-310,96,15.9602,38.8613,28.7308,2.8498,36.553,0.1988,0.1277,0.1065,96.77,48.1979,,,,,,,,,,,,
2025-09_ASTRA_06_41,2025-09_ASTRA,06_41,C,2025-09-07T07:44:00,29.347799,40.7323,-310,97,15.948,38.8594,28.7322,2.8243,36.216,0.1943,0.1272,0.1065,97.779,48.1829,,,,,,,,,,,,
2025-09_ASTRA_06_41,2025-09_ASTRA,06_41,C,2025-09-07T07:44:00,29.347799,40.7323,-310,98,15.9413,38.8597,28.734,2.8089,36.014,0.1866,0.1362,0.1064,98.787,48.1765,,,,,,,,,,,,
2025-09_ASTRA_06_41,2025-09_ASTRA,06_41,C,2025-09-07T07:44:00,29.347799,40.7323,-310,99,15.9357,38.8596,28.7352,2.7981,35.872,0.1793,0.1429,0.1064,99.795,48.1709,,,,,,,,,,,,
2025-09_ASTRA_06_41,2025-09_ASTRA,06_41,C,2025-09-07T07:44:00,29.347799,40.7323,-310,100,15.9237,38.8607,28.7389,2.8017,35.91,0.1764,0.1459,0.1064,100.804,48.1596,,,,,,,,,,,,
2025-09_ASTRA_06_41,2025-09_ASTRA,06_41,C,2025-09-07T07:44:00,29.347799,40.7323,-310,101,15.9198,38.8603,28.7395,2.8015,35.905,0.1759,0.1483,0.1064,101.812,48.1553,,,,,,,,,,,,
2025-09_ASTRA_06_41,2025-09_ASTRA,06_41,C,2025-09-07T07:44:00,29.347799,40.7323,-310,102,15.9169,38.8597,28.7397,2.7959,35.83,0.1755,0.16,0.1064,102.82,48.152,,,,,,,,,,,,
2025-09_ASTRA_06_41,2025-09_ASTRA,06_41,C,2025-09-07T07:44:00,29.347799,40.7323,-310,103,15.9125,38.8593,28.7405,2.7758,35.569,0.1744,0.1614,0.1063,103.828,48.1474,,,,,,,,,,,,
2025-09_ASTRA_06_41,2025-09_ASTRA,06_41,C,2025-09-07T07:44:00,29.347799,40.7323,-310,104,15.9086,38.8591,28.7412,2.772,35.518,0.1651,0.1643,0.1063,104.837,48.1434,,,,,,,,,,,,
2025-09_ASTRA_06_41,2025-09_ASTRA,06_41,C,2025-09-07T07:44:00,29.347799,40.7323,-310,105,15.9071,38.8602,28.7424,2.7883,35.726,0.1659,0.1629,0.1063,105.845,48.1434,,,,,,,,,,,,
2025-09_ASTRA_06_41,2025-09_ASTRA,06_41,C,2025-09-07T07:44:00,29.347799,40.7323,-310,106,15.9036,38.8613,28.7441,2.796,35.823,0.1739,0.159,0.1063,106.853,48.1413,,,,,,,,,,,,
2025-09_ASTRA_06_41,2025-09_ASTRA,06_41,C,2025-09-07T07:44:00,29.347799,40.7323,-310,107,15.9022,38.8614,28.7445,2.7974,35.839,0.1793,0.1567,0.1064,107.861,48.1404,,,,,,,,,,,,
2025-09_ASTRA_06_41,2025-09_ASTRA,06_41,C,2025-09-07T07:44:00,29.347799,40.7323,-310,108,15.8988,38.8611,28.745,2.788,35.717,0.1734,0.1726,0.1064,108.87,48.1368,,,,,,,,,,,,
2025-09_ASTRA_06_41,2025-09_ASTRA,06_41,C,2025-09-07T07:44:00,29.347799,40.7323,-310,109,15.8955,38.861,28.7457,2.7772,35.576,0.1713,0.1975,0.1064,109.878,48.1336,,,,,,,,,,,,
2025-09_ASTRA_06_41,2025-09_ASTRA,06_41,C,2025-09-07T07:44:00,29.347799,40.7323,-310,110,15.8936,38.8604,28.7458,2.7714,35.501,0.1664,0.1852,0.1064,110.887,48.1314,,,,,,,,,,,,
2025-09_ASTRA_06_41,2025-09_ASTRA,06_41,C,2025-09-07T07:44:00,29.347799,40.7323,-310,111,15.8911,38.86,28.7461,2.7589,35.339,0.1681,0.1821,0.1064,111.895,48.1288,,,,,,,,,,,,
2025-09_ASTRA_06_41,2025-09_ASTRA,06_41,C,2025-09-07T07:44:00,29.347799,40.7323,-310,112,15.8899,38.8597,28.7461,2.7469,35.184,0.1687,0.188,0.1064,112.903,48.1277,,,,,,,,,,,,
2025-09_ASTRA_06_41,2025-09_ASTRA,06_41,C,2025-09-07T07:44:00,29.347799,40.7323,-310,113,15.8902,38.8595,28.7458,2.7345,35.026,0.1805,0.1916,0.1064,113.912,48.1282,,,,,,,,,,,,
2025-09_ASTRA_06_41,2025-09_ASTRA,06_41,C,2025-09-07T07:44:00,29.347799,40.7323,-310,114,15.8857,38.8584,28.746,2.7033,34.622,0.1711,0.1982,0.1065,114.92,48.1225,,,,,,,,,,,,
2025-09_ASTRA_06_41,2025-09_ASTRA,06_41,C,2025-09-07T07:44:00,29.347799,40.7323,-310,115,15.8755,38.8561,28.7467,2.6435,33.85,0.1584,0.2228,0.1065,115.928,48.1095,,,,,,,,,,,,
2025-09_ASTRA_06_41,2025-09_ASTRA,06_41,C,2025-09-07T07:44:00,29.347799,40.7323,-310,116,15.8559,38.8526,28.7486,2.5412,32.527,0.1554,0.2673,0.1065,116.937,48.0849,,,,,,,,,,,,
2025-09_ASTRA_06_41,2025-09_ASTRA,06_41,C,2025-09-07T07:44:00,29.347799,40.7323,-310,117,15.8368,38.848,28.7494,2.4661,31.553,0.1503,0.3142,0.1065,117.945,48.0596,,,,,,,,,,,,
2025-09_ASTRA_06_41,2025-09_ASTRA,06_41,C,2025-09-07T07:44:00,29.347799,40.7323,-310,118,15.8313,38.8467,28.7498,2.432,31.113,0.1506,0.336,0.1065,118.953,48.0527,,,,,,,,,,,,
2025-09_ASTRA_06_41,2025-09_ASTRA,06_41,C,2025-09-07T07:44:00,29.347799,40.7323,-310,119,15.826,38.8476,28.7517,2.4431,31.252,0.144,0.3304,0.1064,119.962,48.0484,,,,,,,,,,,,
2025-09_ASTRA_06_41,2025-09_ASTRA,06_41,C,2025-09-07T07:44:00,29.347799,40.7323,-310,120,15.8219,38.848,28.753,2.4396,31.204,0.1411,0.3578,0.1065,120.97,48.045,,,,,,,,,,,,
2025-09_ASTRA_06_41,2025-09_ASTRA,06_41,C,2025-09-07T07:44:00,29.347799,40.7323,-310,121,15.8186,38.8473,28.7532,2.4206,30.96,0.1537,0.3807,0.1065,121.978,48.041,,,,,,,,,,,,
2025-09_ASTRA_06_41,2025-09_ASTRA,06_41,C,2025-09-07T07:44:00,29.347799,40.7323,-310,122,15.8162,38.8479,28.7542,2.4359,31.152,0.1479,0.3423,0.1064,122.987,48.0396,,,,,,,,,,,,
2025-09_ASTRA_06_41,2025-09_ASTRA,06_41,C,2025-09-07T07:44:00,29.347799,40.7323,-310,123,15.8192,38.8498,28.755,2.4681,31.568,0.1406,0.3633,0.1064,123.995,48.0454,,,,,,,,,,,,
2025-09_ASTRA_06_41,2025-09_ASTRA,06_41,C,2025-09-07T07:44:00,29.347799,40.7323,-310,124,15.8245,38.8521,28.7555,2.5343,32.418,0.1374,0.3355,0.1065,125.004,48.0542,,,,,,,,,,,,
2025-09_ASTRA_06_41,2025-09_ASTRA,06_41,C,2025-09-07T07:44:00,29.347799,40.7323,-310,125,15.8331,38.8561,28.7566,2.6021,33.293,0.1529,0.2924,0.1065,126.012,48.0684,,,,,,,,,,,,
2025-09_ASTRA_06_41,2025-09_ASTRA,06_41,C,2025-09-07T07:44:00,29.347799,40.7323,-310,126,15.8361,38.8572,28.7567,2.619,33.51,0.1494,0.253,0.1065,127.02,48.0733,,,,,,,,,,,,
2025-09_ASTRA_06_41,2025-09_ASTRA,06_41,C,2025-09-07T07:44:00,29.347799,40.7323,-310,127,15.832,38.8571,28.7577,2.5904,33.141,0.139,0.2536,0.1065,128.029,48.0692,,,,,,,,,,,,
2025-09_ASTRA_06_41,2025-09_ASTRA,06_41,C,2025-09-07T07:44:00,29.347799,40.7323,-310,128,15.8216,38.856,28.7592,2.5383,32.469,0.1296,0.298,0.1065,129.037,48.0571,,,,,,,,,,,,
2025-09_ASTRA_06_41,2025-09_ASTRA,06_41,C,2025-09-07T07:44:00,29.347799,40.7323,-310,129,15.8138,38.8529,28.7586,2.5089,32.087,0.1219,0.3328,0.1065,130.046,48.0458,,,,,,,,,,,,
2025-09_ASTRA_06_41,2025-09_ASTRA,06_41,C,2025-09-07T07:44:00,29.347799,40.7323,-310,130,15.8102,38.8527,28.7594,2.4987,31.953,0.1242,0.3184,0.1064,131.054,48.0423,,,,,,,,,,,,
2025-09_ASTRA_06_41,2025-09_ASTRA,06_41,C,2025-09-07T07:44:00,29.347799,40.7323,-310,131,15.8068,38.8521,28.7597,2.4607,31.466,0.1236,0.3053,0.1065,132.063,48.0384,,,,,,,,,,,,
2025-09_ASTRA_06_41,2025-09_ASTRA,06_41,C,2025-09-07T07:44:00,29.347799,40.7323,-310,132,15.7836,38.8504,28.7638,2.3902,30.55,0.1194,0.3332,0.1065,133.071,48.0119,,,,,,,,,,,,
2025-09_ASTRA_06_41,2025-09_ASTRA,06_41,C,2025-09-07T07:44:00,29.347799,40.7323,-310,133,15.7779,38.8489,28.7639,2.3716,30.308,0.1155,0.3423,0.1065,134.08,48.0046,,,,,,,,,,,,
2025-09_ASTRA_06_41,2025-09_ASTRA,06_41,C,2025-09-07T07:44:00,29.347799,40.7323,-310,134,15.7762,38.8485,28.764,2.3697,30.284,0.109,0.3447,0.1065,135.088,48.0028,,,,,,,,,,,,
2025-09_ASTRA_06_41,2025-09_ASTRA,06_41,C,2025-09-07T07:44:00,29.347799,40.7323,-310,135,15.7758,38.8483,28.7639,2.3566,30.116,0.1148,0.3689,0.1065,136.096,48.0025,,,,,,,,,,,,
2025-09_ASTRA_06_41,2025-09_ASTRA,06_41,C,2025-09-07T07:44:00,29.347799,40.7323,-310,136,15.7737,38.8481,28.7643,2.3499,30.03,0.1189,0.3524,0.1065,137.105,48.0006,,,,,,,,,,,,
2025-09_ASTRA_06_41,2025-09_ASTRA,06_41,C,2025-09-07T07:44:00,29.347799,40.7323,-310,137,15.7728,38.8481,28.7645,2.3551,30.095,0.1157,0.3578,0.1065,138.113,48.0001,,,,,,,,,,,,
2025-09_ASTRA_06_41,2025-09_ASTRA,06_41,C,2025-09-07T07:44:00,29.347799,40.7323,-310,138,15.7713,38.8481,28.7649,2.3544,30.085,0.1128,0.3653,0.1065,139.122,47.999,,,,,,,,,,,,
2025-09_ASTRA_06_41,2025-09_ASTRA,06_41,C,2025-09-07T07:44:00,29.347799,40.7323,-310,139,15.7709,38.8484,28.7652,2.3523,30.057,0.1056,0.3657,0.1064,140.13,47.9993,,,,,,,,,,,,
2025-09_ASTRA_06_41,2025-09_ASTRA,06_41,C,2025-09-07T07:44:00,29.347799,40.7323,-310,140,15.7717,38.8481,28.7648,2.3481,30.005,0.1121,0.3976,0.1063,141.139,48.0003,,,,,,,,,,,,
2025-09_ASTRA_06_41,2025-09_ASTRA,06_41,C,2025-09-07T07:44:00,29.347799,40.7323,-310,141,15.7716,38.8483,28.7649,2.3472,29.994,0.1275,0.3627,0.1064,142.147,48.0008,,,,,,,,,,,,
2025-09_ASTRA_06_41,2025-09_ASTRA,06_41,C,2025-09-07T07:44:00,29.347799,40.7323,-310,142,15.7712,38.8482,28.765,2.3443,29.956,0.1131,0.3621,0.1063,143.155,48.0008,,,,,,,,,,,,
2025-09_ASTRA_06_41,2025-09_ASTRA,06_41,C,2025-09-07T07:44:00,29.347799,40.7323,-310,143,15.7662,38.8486,28.7665,2.3431,29.938,0.1232,0.3738,0.1061,144.164,47.9964,,,,,,,,,,,,
2025-09_ASTRA_06_41,2025-09_ASTRA,06_41,C,2025-09-07T07:44:00,29.347799,40.7323,-310,144,15.7631,38.8488,28.7673,2.3427,29.931,0.1295,0.3663,0.1062,145.173,47.9937,,,,,,,,,,,,
2025-09_ASTRA_06_41,2025-09_ASTRA,06_41,C,2025-09-07T07:44:00,29.347799,40.7323,-310,145,15.7631,38.8487,28.7672,2.3406,29.904,0.1173,0.3443,0.1063,146.181,47.994,,,,,,,,,,,,
2025-09_ASTRA_06_41,2025-09_ASTRA,06_41,C,2025-09-07T07:44:00,29.347799,40.7323,-310,146,15.7608,38.8492,28.7681,2.3484,30.001,0.1093,0.3263,0.1064,147.19,47.9927,,,,,,,,,,,,
2025-09_ASTRA_06_41,2025-09_ASTRA,06_41,C,2025-09-07T07:44:00,29.347799,40.7323,-310,147,15.7592,38.8495,28.7688,2.3597,30.146,0.1089,0.334,0.1064,148.198,47.9917,,,,,,,,,,,,
2025-09_ASTRA_06_41,2025-09_ASTRA,06_41,C,2025-09-07T07:44:00,29.347799,40.7323,-310,148,15.7566,38.85,28.7698,2.3648,30.21,0.1137,0.3633,0.1064,149.207,47.9899,,,,,,,,,,,,
2025-09_ASTRA_06_41,2025-09_ASTRA,06_41,C,2025-09-07T07:44:00,29.347799,40.7323,-310,149,15.7484,38.8512,28.7726,2.3606,30.152,0.1174,0.3746,0.1065,150.215,47.9828,,,,,,,,,,,,
2025-09_ASTRA_06_41,2025-09_ASTRA,06_41,C,2025-09-07T07:44:00,29.347799,40.7323,-310,150,15.7446,38.8519,28.774,2.36,30.142,0.1127,0.3503,0.1064,151.224,47.98,,,,,,,,,,,,
2025-09_ASTRA_06_41,2025-09_ASTRA,06_41,C,2025-09-07T07:44:00,29.347799,40.7323,-310,151,15.739,38.8521,28.7755,2.3769,30.354,0.1021,0.344,0.1063,152.232,47.9746,,,,,,,,,,,,
2025-09_ASTRA_06_41,2025-09_ASTRA,06_41,C,2025-09-07T07:44:00,29.347799,40.7323,-310,152,15.7342,38.8522,28.7768,2.3832,30.431,0.0914,0.3426,0.1063,153.241,47.97,,,,,,,,,,,,
2025-09_ASTRA_06_41,2025-09_ASTRA,06_41,C,2025-09-07T07:44:00,29.347799,40.7323,-310,153,15.734,38.8521,28.7767,2.3773,30.356,0.0862,0.3108,0.1063,154.249,47.9701,,,,,,,,,,,,
2025-09_ASTRA_06_41,2025-09_ASTRA,06_41,C,2025-09-07T07:44:00,29.347799,40.7323,-310,154,15.734,38.852,28.7766,2.3659,30.21,0.0946,0.3118,0.1064,155.258,47.9706,,,,,,,,,,,,
2025-09_ASTRA_06_41,2025-09_ASTRA,06_41,C,2025-09-07T07:44:00,29.347799,40.7323,-310,155,15.734,38.8519,28.7765,2.3523,30.037,0.1019,0.3394,0.1064,156.266,47.9708,,,,,,,,,,,,
2025-09_ASTRA_06_41,2025-09_ASTRA,06_41,C,2025-09-07T07:44:00,29.347799,40.7323,-310,156,15.7342,38.8519,28.7764,2.3498,30.005,0.0851,0.3449,0.1064,157.275,47.9715,,,,,,,,,,,,
2025-09_ASTRA_06_41,2025-09_ASTRA,06_41,C,2025-09-07T07:44:00,29.347799,40.7323,-310,157,15.7339,38.852,28.7766,2.3585,30.117,0.0737,0.3307,0.1064,158.283,47.9718,,,,,,,,,,,,
2025-09_ASTRA_06_41,2025-09_ASTRA,06_41,C,2025-09-07T07:44:00,29.347799,40.7323,-310,158,15.7338,38.8517,28.7764,2.3614,30.154,0.0756,0.3453,0.1064,159.292,47.9719,,,,,,,,,,,,
2025-09_ASTRA_06_41,2025-09_ASTRA,06_41,C,2025-09-07T07:44:00,29.347799,40.7323,-310,159,15.7319,38.8518,28.7769,2.3519,30.03,0.0849,0.3516,0.1064,160.3,47.9704,,,,,,,,,,,,
2025-09_ASTRA_06_41,2025-09_ASTRA,06_41,C,2025-09-07T07:44:00,29.347799,40.7323,-310,160,15.7282,38.852,28.778,2.3512,30.02,0.0779,0.338,0.1064,161.31,47.9671,,,,,,,,,,,,
2025-09_ASTRA_06_41,2025-09_ASTRA,06_41,C,2025-09-07T07:44:00,29.347799,40.7323,-310,161,15.7265,38.852,28.7783,2.35,30.004,0.0777,0.3379,0.1064,162.318,47.9658,,,,,,,,,,,,
2025-09_ASTRA_06_41,2025-09_ASTRA,06_41,C,2025-09-07T07:44:00,29.347799,40.7323,-310,162,15.7216,38.8522,28.7795,2.3546,30.06,0.0737,0.3092,0.1064,163.326,47.9611,,,,,,,,,,,,
2025-09_ASTRA_06_41,2025-09_ASTRA,06_41,C,2025-09-07T07:44:00,29.347799,40.7323,-310,163,15.7183,38.8522,28.7805,2.3705,30.261,0.0702,0.2689,0.1063,164.334,47.9581,,,,,,,,,,,,
2025-09_ASTRA_06_41,2025-09_ASTRA,06_41,C,2025-09-07T07:44:00,29.347799,40.7323,-310,164,15.7055,38.854,28.7848,2.3782,30.351,0.069,0.2394,0.1063,165.344,47.9467,,,,,,,,,,,,
2025-09_ASTRA_06_41,2025-09_ASTRA,06_41,C,2025-09-07T07:44:00,29.347799,40.7323,-310,165,15.7045,38.8532,28.7844,2.3718,30.269,0.0662,0.2445,0.1064,166.352,47.9452,,,,,,,,,,,,
2025-09_ASTRA_06_41,2025-09_ASTRA,06_41,C,2025-09-07T07:44:00,29.347799,40.7323,-310,166,15.697,38.8536,28.7865,2.3592,30.104,0.0734,0.211,0.1064,167.361,47.9381,,,,,,,,,,,,
2025-09_ASTRA_06_41,2025-09_ASTRA,06_41,C,2025-09-07T07:44:00,29.347799,40.7323,-310,167,15.6927,38.8531,28.7871,2.3416,29.876,0.0705,0.1939,0.1065,168.369,47.9333,,,,,,,,,,,,
2025-09_ASTRA_06_41,2025-09_ASTRA,06_41,C,2025-09-07T07:44:00,29.347799,40.7323,-310,168,15.6743,38.8534,28.7916,2.3233,29.633,0.062,0.1865,0.1065,169.378,47.9142,,,,,,,,,,,,
2025-09_ASTRA_06_41,2025-09_ASTRA,06_41,C,2025-09-07T07:44:00,29.347799,40.7323,-310,169,15.6633,38.8526,28.7935,2.3116,29.477,0.0583,0.1966,0.1065,170.386,47.9019,,,,,,,,,,,,
2025-09_ASTRA_06_41,2025-09_ASTRA,06_41,C,2025-09-07T07:44:00,29.347799,40.7323,-310,170,15.661,38.8522,28.7938,2.3119,29.48,0.0565,0.1874,0.1065,171.395,47.8994,,,,,,,,,,,,
2025-09_ASTRA_06_41,2025-09_ASTRA,06_41,C,2025-09-07T07:44:00,29.347799,40.7323,-310,171,15.6598,38.8522,28.794,2.3049,29.39,0.0514,0.195,0.1065,172.404,47.8987,,,,,,,,,,,,
2025-09_ASTRA_06_41,2025-09_ASTRA,06_41,C,2025-09-07T07:44:00,29.347799,40.7323,-310,172,15.6559,38.8514,28.7944,2.2804,29.074,0.0555,0.186,0.1065,173.412,47.8941,,,,,,,,,,,,
2025-09_ASTRA_06_41,2025-09_ASTRA,06_41,C,2025-09-07T07:44:00,29.347799,40.7323,-310,173,15.6307,38.8511,28.7999,2.2167,28.249,0.0595,0.1748,0.1065,174.421,47.8669,,,,,,,,,,,,
2025-09_ASTRA_06_41,2025-09_ASTRA,06_41,C,2025-09-07T07:44:00,29.347799,40.7323,-310,174,15.6027,38.8488,28.8047,2.0938,26.668,0.0438,0.1844,0.1065,175.43,47.8347,,,,,,,,,,,,
2025-09_ASTRA_06_41,2025-09_ASTRA,06_41,C,2025-09-07T07:44:00,29.347799,40.7323,-310,175,15.5577,38.8446,28.8119,1.9525,24.845,0.0341,0.1928,0.1065,176.438,47.7818,,,,,,,,,,,,
2025-09_ASTRA_06_41,2025-09_ASTRA,06_41,C,2025-09-07T07:44:00,29.347799,40.7323,-310,176,15.5299,38.8402,28.8149,1.8469,23.488,0.0315,0.2202,0.1065,177.447,47.7475,,,,,,,,,,,,
2025-09_ASTRA_06_41,2025-09_ASTRA,06_41,C,2025-09-07T07:44:00,29.347799,40.7323,-310,177,15.5143,38.8375,28.8164,1.7676,22.472,0.0447,0.2628,0.1065,178.455,47.7283,,,,,,,,,,,,
2025-09_ASTRA_06_41,2025-09_ASTRA,06_41,C,2025-09-07T07:44:00,29.347799,40.7323,-310,178,15.4923,38.8357,28.8201,1.6647,21.155,0.0445,0.2554,0.1065,179.464,47.703,,,,,,,,,,,,
2025-09_ASTRA_06_41,2025-09_ASTRA,06_41,C,2025-09-07T07:44:00,29.347799,40.7323,-310,179,15.4622,38.8316,28.8239,1.5557,19.758,0.0519,0.2406,0.1064,180.473,47.6665,,,,,,,,,,,,
2025-09_ASTRA_06_41,2025-09_ASTRA,06_41,C,2025-09-07T07:44:00,29.347799,40.7323,-310,180,15.4458,38.8285,28.8253,1.4944,18.973,0.0485,0.2249,0.1065,181.482,47.6458,,,,,,,,,,,,
2025-09_ASTRA_06_41,2025-09_ASTRA,06_41,C,2025-09-07T07:44:00,29.347799,40.7323,-310,181,15.4371,38.8275,28.8265,1.4688,18.645,0.0349,0.2304,0.1065,182.49,47.6359,,,,,,,,,,,,
2025-09_ASTRA_06_41,2025-09_ASTRA,06_41,C,2025-09-07T07:44:00,29.347799,40.7323,-310,182,15.4287,38.8263,28.8275,1.4509,18.414,0.0426,0.2406,0.1065,183.499,47.626,,,,,,,,,,,,
2025-09_ASTRA_06_41,2025-09_ASTRA,06_41,C,2025-09-07T07:44:00,29.347799,40.7323,-310,183,15.4207,38.8253,28.8287,1.4371,18.235,0.0469,0.26,0.1065,184.507,47.6168,,,,,,,,,,,,
2025-09_ASTRA_06_41,2025-09_ASTRA,06_41,C,2025-09-07T07:44:00,29.347799,40.7323,-310,184,15.4195,38.8251,28.8287,1.4311,18.16,0.046,0.2577,0.1065,185.517,47.6158,,,,,,,,,,,,
2025-09_ASTRA_06_41,2025-09_ASTRA,06_41,C,2025-09-07T07:44:00,29.347799,40.7323,-310,185,15.4202,38.8251,28.8286,1.4308,18.157,0.0422,0.2461,0.1065,186.525,47.617,,,,,,,,,,,,
2025-09_ASTRA_06_41,2025-09_ASTRA,06_41,C,2025-09-07T07:44:00,29.347799,40.7323,-310,186,15.4207,38.8253,28.8286,1.4324,18.176,0.0407,0.239,0.1065,187.534,47.6182,,,,,,,,,,,,
2025-09_ASTRA_06_41,2025-09_ASTRA,06_41,C,2025-09-07T07:44:00,29.347799,40.7323,-310,187,15.4211,38.8254,28.8286,1.4265,18.103,0.0527,0.2375,0.1065,188.542,47.6192,,,,,,,,,,,,
2025-09_ASTRA_06_41,2025-09_ASTRA,06_41,C,2025-09-07T07:44:00,29.347799,40.7323,-310,188,15.4193,38.8253,28.8289,1.4127,17.927,0.0561,0.2478,0.1065,189.551,47.6176,,,,,,,,,,,,
2025-09_ASTRA_06_41,2025-09_ASTRA,06_41,C,2025-09-07T07:44:00,29.347799,40.7323,-310,189,15.4145,38.8247,28.8296,1.3939,17.686,0.0435,0.2727,0.1065,190.56,47.6123,,,,,,,,,,,,
2025-09_ASTRA_06_41,2025-09_ASTRA,06_41,C,2025-09-07T07:44:00,29.347799,40.7323,-310,190,15.4065,38.8243,28.8311,1.3696,17.375,0.041,0.2855,0.1065,191.569,47.6037,,,,,,,,,,,,
2025-09_ASTRA_06_41,2025-09_ASTRA,06_41,C,2025-09-07T07:44:00,29.347799,40.7323,-310,191,15.3938,38.8225,28.8326,1.3316,16.888,0.045,0.2819,0.1065,192.577,47.5886,,,,,,,,,,,,
2025-09_ASTRA_06_41,2025-09_ASTRA,06_41,C,2025-09-07T07:44:00,29.347799,40.7323,-310,192,15.3717,38.821,28.8366,1.2851,16.292,0.0407,0.2731,0.1065,193.586,47.5635,,,,,,,,,,,,
2025-09_ASTRA_06_41,2025-09_ASTRA,06_41,C,2025-09-07T07:44:00,29.347799,40.7323,-310,193,15.3639,38.8196,28.8373,1.253,15.882,0.0422,0.2595,0.1065,194.595,47.5542,,,,,,,,,,,,
2025-09_ASTRA_06_41,2025-09_ASTRA,06_41,C,2025-09-07T07:44:00,29.347799,40.7323,-310,194,15.3566,38.819,28.8385,1.2317,15.61,0.0451,0.2545,0.1065,195.604,47.546,,,,,,,,,,,,
2025-09_ASTRA_06_41,2025-09_ASTRA,06_41,C,2025-09-07T07:44:00,29.347799,40.7323,-310,195,15.3533,38.8185,28.8388,1.2182,15.437,0.045,0.2576,0.1065,196.612,47.5424,,,,,,,,,,,,
2025-09_ASTRA_06_41,2025-09_ASTRA,06_41,C,2025-09-07T07:44:00,29.347799,40.7323,-310,196,15.3524,38.8184,28.8391,1.2135,15.378,0.0399,0.2527,0.1065,197.621,47.5419,,,,,,,,,,,,
2025-09_ASTRA_06_41,2025-09_ASTRA,06_41,C,2025-09-07T07:44:00,29.347799,40.7323,-310,197,15.3522,38.8183,28.839,1.2079,15.306,0.0424,0.2478,0.1065,198.629,47.542,,,,,,,,,,,,
2025-09_ASTRA_06_41,2025-09_ASTRA,06_41,C,2025-09-07T07:44:00,29.347799,40.7323,-310,198,15.3519,38.8184,28.8391,1.1952,15.146,0.0414,0.251,0.1065,199.639,47.5422,,,,,,,,,,,,
2025-09_ASTRA_06_41,2025-09_ASTRA,06_41,C,2025-09-07T07:44:00,29.347799,40.7323,-310,199,15.352,38.8185,28.8392,1.1778,14.925,0.0328,0.2492,0.1065,200.647,47.543,,,,,,,,,,,,
2025-09_ASTRA_06_41,2025-09_ASTRA,06_41,C,2025-09-07T07:44:00,29.347799,40.7323,-310,200,15.3505,38.8182,28.8393,1.1452,14.511,0.0438,0.2351,0.1065,201.656,47.5415,,,,,,,,,,,,
2025-09_ASTRA_06_41,2025-09_ASTRA,06_41,C,2025-09-07T07:44:00,29.347799,40.7323,-310,201,15.3331,38.8165,28.842,1.0803,13.685,0.0483,0.2382,0.1065,202.665,47.5214,,,,,,,,,,,,
2025-09_ASTRA_06_41,2025-09_ASTRA,06_41,C,2025-09-07T07:44:00,29.347799,40.7323,-310,202,15.3012,38.8147,28.8479,0.9929,12.57,0.0448,0.2257,0.1065,203.673,47.4855,,,,,,,,,,,,
2025-09_ASTRA_06_41,2025-09_ASTRA,06_41,C,2025-09-07T07:44:00,29.347799,40.7323,-310,203,15.2828,38.8119,28.85,0.9214,11.66,0.0508,0.2081,0.1065,204.682,47.4631,,,,,,,,,,,,
2025-09_ASTRA_06_41,2025-09_ASTRA,06_41,C,2025-09-07T07:44:00,29.347799,40.7323,-310,204,15.263,38.8091,28.8524,0.8589,10.865,0.053,0.1985,0.1065,205.691,47.4392,,,,,,,,,,,,
2025-09_ASTRA_06_41,2025-09_ASTRA,06_41,C,2025-09-07T07:44:00,29.347799,40.7323,-310,205,15.2287,38.8062,28.8579,0.7909,9.998,0.057,0.2074,0.1065,206.7,47.3997,,,,,,,,,,,,
2025-09_ASTRA_06_41,2025-09_ASTRA,06_41,C,2025-09-07T07:44:00,29.347799,40.7323,-310,206,15.1632,38.8007,28.8687,0.7042,8.891,0.051,0.234,0.1065,207.709,47.3236,,,,,,,,,,,,
2025-09_ASTRA_06_41,2025-09_ASTRA,06_41,C,2025-09-07T07:44:00,29.347799,40.7323,-310,207,15.0906,38.7932,28.8794,0.6308,7.952,0.0485,0.2351,0.1065,208.718,47.2378,,,,,,,,,,,,
2025-09_ASTRA_06_41,2025-09_ASTRA,06_41,C,2025-09-07T07:44:00,29.347799,40.7323,-310,208,15.0645,38.788,28.8813,0.5804,7.312,0.0514,0.2184,0.1065,209.726,47.2046,,,,,,,,,,,,
2025-09_ASTRA_06_41,2025-09_ASTRA,06_41,C,2025-09-07T07:44:00,29.347799,40.7323,-310,209,15.0292,38.7847,28.8868,0.5337,6.718,0.0458,0.2178,0.1065,210.735,47.1636,,,,,,,,,,,,
2025-09_ASTRA_06_41,2025-09_ASTRA,06_41,C,2025-09-07T07:44:00,29.347799,40.7323,-310,210,14.9842,38.7801,28.8935,0.4812,6.054,0.0536,0.2217,0.1065,211.744,47.1108,,,,,,,,,,,,
2025-09_ASTRA_06_41,2025-09_ASTRA,06_41,C,2025-09-07T07:44:00,29.347799,40.7323,-310,211,14.9286,38.7747,28.9019,0.434,5.452,0.0551,0.2147,0.1065,212.753,47.0457,,,,,,,,,,,,
2025-09_ASTRA_06_41,2025-09_ASTRA,06_41,C,2025-09-07T07:44:00,29.347799,40.7323,-310,212,14.9096,38.7704,28.9028,0.4033,5.064,0.0558,0.2084,0.1065,213.762,47.0211,,,,,,,,,,,,
2025-09_ASTRA_06_41,2025-09_ASTRA,06_41,C,2025-09-07T07:44:00,29.347799,40.7323,-310,213,14.8838,38.7683,28.9071,0.3743,4.699,0.0569,0.1988,0.1065,214.771,46.9917,,,,,,,,,,,,
2025-09_ASTRA_06_41,2025-09_ASTRA,06_41,C,2025-09-07T07:44:00,29.347799,40.7323,-310,214,14.8649,38.7657,28.9093,0.3524,4.421,0.0475,0.1904,0.1065,215.779,46.9691,,,,,,,,,,,,
2025-09_ASTRA_06_41,2025-09_ASTRA,06_41,C,2025-09-07T07:44:00,29.347799,40.7323,-310,215,14.8531,38.7646,28.9111,0.3382,4.243,0.054,0.2014,0.1065,216.788,46.9556,,,,,,,,,,,,
2025-09_ASTRA_06_41,2025-09_ASTRA,06_41,C,2025-09-07T07:44:00,29.347799,40.7323,-310,216,14.8482,38.7637,28.9114,0.3305,4.146,0.0627,0.1738,0.1065,217.797,46.95,,,,,,,,,,,,
2025-09_ASTRA_06_41,2025-09_ASTRA,06_41,C,2025-09-07T07:44:00,29.347799,40.7323,-310,217,14.8424,38.7626,28.912,0.3138,3.935,0.0551,0.1627,0.1065,218.806,46.9431,,,,,,,,,,,,
2025-09_ASTRA_06_41,2025-09_ASTRA,06_41,C,2025-09-07T07:44:00,29.347799,40.7323,-310,218,14.8195,38.7616,28.9163,0.2954,3.703,0.0566,0.1713,0.1065,219.815,46.9178,,,,,,,,,,,,
2025-09_ASTRA_06_41,2025-09_ASTRA,06_41,C,2025-09-07T07:44:00,29.347799,40.7323,-310,219,14.8096,38.7594,28.9168,0.2847,3.568,0.0606,0.1752,0.1065,220.824,46.9053,,,,,,,,,,,,
2025-09_ASTRA_06_41,2025-09_ASTRA,06_41,C,2025-09-07T07:44:00,29.347799,40.7323,-310,220,14.81,38.7593,28.9166,0.2809,3.52,0.0605,0.1752,0.1065,221.833,46.9062,,,,,,,,,,,,
2025-09_ASTRA_06_41,2025-09_ASTRA,06_41,C,2025-09-07T07:44:00,29.347799,40.7323,-310,221,14.8105,38.7592,28.9165,0.2776,3.48,0.0535,0.1836,0.1065,222.841,46.9071,,,,,,,,,,,,
2025-09_ASTRA_06_41,2025-09_ASTRA,06_41,C,2025-09-07T07:44:00,29.347799,40.7323,-310,222,14.8096,38.7593,28.9168,0.2768,3.469,0.0575,0.1821,0.1065,223.85,46.9067,,,,,,,,,,,,
2025-09_ASTRA_06_41,2025-09_ASTRA,06_41,C,2025-09-07T07:44:00,29.347799,40.7323,-310,223,14.8095,38.7594,28.9168,0.2748,3.444,0.0585,0.1822,0.1065,224.859,46.9072,,,,,,,,,,,,
2025-09_ASTRA_06_41,2025-09_ASTRA,06_41,C,2025-09-07T07:44:00,29.347799,40.7323,-310,224,14.8078,38.7594,28.9172,0.2715,3.403,0.0562,0.1956,0.1065,225.868,46.9058,,,,,,,,,,,,
2025-09_ASTRA_06_41,2025-09_ASTRA,06_41,C,2025-09-07T07:44:00,29.347799,40.7323,-310,225,14.8072,38.7593,28.9173,0.2684,3.363,0.0542,0.2029,0.1065,226.877,46.9056,,,,,,,,,,,,
2025-09_ASTRA_06_41,2025-09_ASTRA,06_41,C,2025-09-07T07:44:00,29.347799,40.7323,-310,226,14.8056,38.7591,28.9175,0.2663,3.337,0.0576,0.1835,0.1065,227.886,46.9041,,,,,,,,,,,,
2025-09_ASTRA_06_41,2025-09_ASTRA,06_41,C,2025-09-07T07:44:00,29.347799,40.7323,-310,227,14.8036,38.759,28.9179,0.2636,3.303,0.0439,0.1791,0.1065,228.895,46.9023,,,,,,,,,,,,
2025-09_ASTRA_06_41,2025-09_ASTRA,06_41,C,2025-09-07T07:44:00,29.347799,40.7323,-310,228,14.8034,38.7588,28.9178,0.2626,3.289,0.0516,0.1724,0.1065,229.903,46.9025,,,,,,,,,,,,
2025-09_ASTRA_06_41,2025-09_ASTRA,06_41,C,2025-09-07T07:44:00,29.347799,40.7323,-310,229,14.8031,38.7588,28.9178,0.2603,3.262,0.0572,0.1986,0.1065,230.913,46.9026,,,,,,,,,,,,
2025-09_ASTRA_06_41,2025-09_ASTRA,06_41,C,2025-09-07T07:44:00,29.347799,40.7323,-310,230,14.8015,38.7587,28.9181,0.261,3.271,0.0569,0.1956,0.1065,231.922,46.9011,,,,,,,,,,,,
2025-09_ASTRA_06_41,2025-09_ASTRA,06_41,C,2025-09-07T07:44:00,29.347799,40.7323,-310,231,14.8082,38.7593,28.9171,0.2665,3.34,0.0555,0.1783,0.1065,232.93,46.9095,,,,,,,,,,,,
2025-09_ASTRA_06_41,2025-09_ASTRA,06_41,C,2025-09-07T07:44:00,29.347799,40.7323,-310,232,14.8136,38.76,28.9163,0.2711,3.399,0.0665,0.1856,0.1065,233.939,46.9164,,,,,,,,,,,,
2025-09_ASTRA_06_41,2025-09_ASTRA,06_41,C,2025-09-07T07:44:00,29.347799,40.7323,-310,233,14.8154,38.7603,28.9162,0.2716,3.404,0.0575,0.2014,0.1065,234.948,46.9192,,,,,,,,,,,,
2025-09_ASTRA_06_41,2025-09_ASTRA,06_41,C,2025-09-07T07:44:00,29.347799,40.7323,-310,234,14.8154,38.7603,28.9162,0.2725,3.415,0.0492,0.2041,0.1065,235.957,46.9196,,,,,,,,,,,,
2025-09_ASTRA_06_41,2025-09_ASTRA,06_41,C,2025-09-07T07:44:00,29.347799,40.7323,-310,235,14.8152,38.7603,28.9163,0.2806,3.517,0.0559,0.2127,0.1065,236.966,46.9199,,,,,,,,,,,,
2025-09_ASTRA_06_41,2025-09_ASTRA,06_41,C,2025-09-07T07:44:00,29.347799,40.7323,-310,236,14.8195,38.7604,28.9153,0.2809,3.521,0.0538,0.2332,0.1064,237.975,46.9251,,,,,,,,,,,,
2025-09_ASTRA_06_41,2025-09_ASTRA,06_41,C,2025-09-07T07:44:00,29.347799,40.7323,-310,237,14.8228,38.7608,28.915,0.2771,3.474,0.0619,0.2196,0.1064,238.984,46.9296,,,,,,,,,,,,
2025-09_ASTRA_06_41,2025-09_ASTRA,06_41,C,2025-09-07T07:44:00,29.347799,40.7323,-310,238,14.8227,38.761,28.9151,0.2792,3.501,0.0602,0.2247,0.1064,239.993,46.9302,,,,,,,,,,,,
2025-09_ASTRA_06_41,2025-09_ASTRA,06_41,C,2025-09-07T07:44:00,29.347799,40.7323,-310,239,14.8231,38.761,28.915,0.2794,3.502,0.059,0.2276,0.1064,241.002,46.9311,,,,,,,,,,,,
2025-09_ASTRA_06_41,2025-09_ASTRA,06_41,C,2025-09-07T07:44:00,29.347799,40.7323,-310,240,14.8233,38.7608,28.9148,0.2795,3.504,0.0589,0.2202,0.1065,242.011,46.9316,,,,,,,,,,,,
2025-09_ASTRA_06_41,2025-09_ASTRA,06_41,C,2025-09-07T07:44:00,29.347799,40.7323,-310,241,14.823,38.7608,28.9149,0.2783,3.489,0.0588,0.223,0.1064,243.02,46.9317,,,,,,,,,,,,
2025-09_ASTRA_06_41,2025-09_ASTRA,06_41,C,2025-09-07T07:44:00,29.347799,40.7323,-310,242,14.8233,38.7608,28.9148,0.2784,3.489,0.0592,0.2281,0.1064,244.029,46.9324,,,,,,,,,,,,
2025-09_ASTRA_06_41,2025-09_ASTRA,06_41,C,2025-09-07T07:44:00,29.347799,40.7323,-310,243,14.8234,38.7607,28.9147,0.2776,3.48,0.0628,0.2282,0.1064,245.038,46.9329,,,,,,,,,,,,
2025-09_ASTRA_06_41,2025-09_ASTRA,06_41,C,2025-09-07T07:44:00,29.347799,40.7323,-310,244,14.8235,38.7606,28.9146,0.2764,3.466,0.0671,0.2209,0.1064,246.047,46.9335,,,,,,,,,,,,
2025-09_ASTRA_06_41,2025-09_ASTRA,06_41,C,2025-09-07T07:44:00,29.347799,40.7323,-310,245,14.8193,38.7599,28.915,0.2686,3.368,0.0515,0.2327,0.1064,247.056,46.9286,,,,,,,,,,,,
2025-09_ASTRA_06_41,2025-09_ASTRA,06_41,C,2025-09-07T07:44:00,29.347799,40.7323,-310,246,14.7965,38.7574,28.9182,0.2408,3.018,0.0516,0.2514,0.1064,248.065,46.902,,,,,,,,,,,,
2025-09_ASTRA_06_41,2025-09_ASTRA,06_41,C,2025-09-07T07:44:00,29.347799,40.7323,-310,247,14.7752,38.754,28.9203,0.2188,2.74,0.0469,0.2517,0.1064,249.074,46.876,,,,,,,,,,,,
2025-09_ASTRA_06_41,2025-09_ASTRA,06_41,C,2025-09-07T07:44:00,29.347799,40.7323,-310,248,14.7642,38.7527,28.9219,0.2062,2.582,0.0494,0.2419,0.1064,250.083,46.8633,,,,,,,,,,,,
2025-09_ASTRA_06_41,2025-09_ASTRA,06_41,C,2025-09-07T07:44:00,29.347799,40.7323,-310,249,14.7627,38.7521,28.9218,0.2043,2.558,0.0648,0.2352,0.1064,251.092,46.8616,,,,,,,,,,,,
2025-09_ASTRA_06_41,2025-09_ASTRA,06_41,C,2025-09-07T07:44:00,29.347799,40.7323,-310,250,14.7545,38.7512,28.9229,0.1945,2.435,0.0704,0.1901,0.1061,252.101,46.8523,,,,,,,,,,,,
2025-09_ASTRA_07_42,2025-09_ASTRA,07_42,C,2025-09-07T10:01:00,29.6208,40.720001,-155,1,23.4139,28.9861,19.2632,7.4487,103.395,1.3302,0.3771,399.98,1.009,43.4516,8.276,23.1,188.1,6.0,0.0363,0.158,1.1856,0.18,0.1548,5.0999,1.969,7.1796
2025-09_ASTRA_07_42,2025-09_ASTRA,07_42,C,2025-09-07T10:01:00,29.6208,40.720001,-155,2,23.3237,29.0999,19.3747,7.3715,102.23,1.3634,0.4286,304.67,2.015,43.5246,,,,,,,,,,,,
2025-09_ASTRA_07_42,2025-09_ASTRA,07_42,C,2025-09-07T10:01:00,29.6208,40.720001,-155,3,23.0352,29.5128,19.7681,7.1868,99.397,1.6189,0.4874,219.96,3.024,43.8216,,,,,,,,,,,,
2025-09_ASTRA_07_42,2025-09_ASTRA,07_42,C,2025-09-07T10:01:00,29.6208,40.720001,-155,4,22.7089,29.8928,20.1469,7.1115,98.003,1.6561,0.5141,167.89,4.031,44.0333,,,,,,,,,,,,
2025-09_ASTRA_07_42,2025-09_ASTRA,07_42,C,2025-09-07T10:01:00,29.6208,40.720001,-155,5,22.5329,30.0581,20.321,7.041,96.82,1.681,0.5173,128.92,5.039,44.0927,,,,,,,,,,,,
2025-09_ASTRA_07_42,2025-09_ASTRA,07_42,C,2025-09-07T10:01:00,29.6208,40.720001,-155,6,22.4912,30.101,20.365,6.8012,93.477,1.7166,0.5215,99.279,6.047,44.1119,,,,,,,,,,,,
2025-09_ASTRA_07_42,2025-09_ASTRA,07_42,C,2025-09-07T10:01:00,29.6208,40.720001,-155,7,22.1005,30.6713,20.9047,6.4794,88.733,1.7707,0.5177,77.68,7.055,44.498,,,,,,,,,,,,
2025-09_ASTRA_07_42,2025-09_ASTRA,07_42,C,2025-09-07T10:01:00,29.6208,40.720001,-155,8,21.5556,31.4713,21.6604,6.1326,83.552,1.8693,0.5066,61.152,8.063,45.0269,,,,,,,,,,,,
2025-09_ASTRA_07_42,2025-09_ASTRA,07_42,C,2025-09-07T10:01:00,29.6208,40.720001,-155,9,21.2509,31.9109,22.0767,5.578,75.776,1.9128,0.4944,48.543,9.071,45.3028,,,,,,,,,,,,
2025-09_ASTRA_07_42,2025-09_ASTRA,07_42,C,2025-09-07T10:01:00,29.6208,40.720001,-155,10,20.1174,33.3708,23.4879,4.9552,66.529,1.8462,0.4547,38.658,10.078,46.0261,8.124,20.6,178.3,,0.3492,0.3996,8.5838,0.66,0.5253,5.6829,1.983,4.6823
2025-09_ASTRA_07_42,2025-09_ASTRA,07_42,C,2025-09-07T10:01:00,29.6208,40.720001,-155,11,18.7824,35.0874,25.1427,4.4912,59.425,1.7968,0.3931,30.727,11.086,46.7826,,,,,,,,,,,,
2025-09_ASTRA_07_42,2025-09_ASTRA,07_42,C,2025-09-07T10:01:00,29.6208,40.720001,-155,12,18.2217,35.787,25.8198,4.1171,54.122,1.8471,0.3499,24.459,12.093,47.049,,,,,,,,,,,,
2025-09_ASTRA_07_42,2025-09_ASTRA,07_42,C,2025-09-07T10:01:00,29.6208,40.720001,-155,13,17.846,36.2483,26.2667,3.7292,48.814,1.9343,0.3153,19.667,13.101,47.2002,,,,,,,,,,,,
2025-09_ASTRA_07_42,2025-09_ASTRA,07_42,C,2025-09-07T10:01:00,29.6208,40.720001,-155,14,17.3496,36.8864,26.8783,3.3541,43.662,1.9818,0.2807,16.033,14.109,47.419,,,,,,,,,,,,
2025-09_ASTRA_07_42,2025-09_ASTRA,07_42,C,2025-09-07T10:01:00,29.6208,40.720001,-155,15,17.0036,37.3302,27.3033,3.0066,38.983,1.9813,0.2647,13.173,15.117,47.563,,,,,,,,,,,,
2025-09_ASTRA_07_42,2025-09_ASTRA,07_42,C,2025-09-07T10:01:00,29.6208,40.720001,-155,16,16.7348,37.6786,27.6359,2.688,34.746,1.9508,0.2502,10.929,16.125,47.673,7.995,18.5,181.4,,0.7627,0.8498,17.9659,3.85,0.3346,4.6141,1.205,2.0221
2025-09_ASTRA_07_42,2025-09_ASTRA,07_42,C,2025-09-07T10:01:00,29.6208,40.720001,-155,17,16.5674,37.9021,27.848,2.3774,30.673,1.8221,0.2415,9.1266,17.133,47.7468,,,,,,,,,,,,
2025-09_ASTRA_07_42,2025-09_ASTRA,07_42,C,2025-09-07T10:01:00,29.6208,40.720001,-155,18,16.4612,38.0478,27.9854,2.1007,27.072,1.6917,0.2525,7.6883,18.141,47.7971,,,,,,,,,,,,
2025-09_ASTRA_07_42,2025-09_ASTRA,07_42,C,2025-09-07T10:01:00,29.6208,40.720001,-155,19,16.3926,38.1611,28.089,1.9048,24.531,1.514,0.2558,6.5414,19.149,47.8506,,,,,,,,,,,,
2025-09_ASTRA_07_42,2025-09_ASTRA,07_42,C,2025-09-07T10:01:00,29.6208,40.720001,-155,20,16.3329,38.2679,28.1855,1.7664,22.737,1.2866,0.2582,5.5836,20.157,47.9061,,,,,,,,,,,,
2025-09_ASTRA_07_42,2025-09_ASTRA,07_42,C,2025-09-07T10:01:00,29.6208,40.720001,-155,21,16.2945,38.33,28.2424,1.6428,21.138,1.1162,0.2625,4.7794,21.165,47.9346,,,,,,,,,,,,
2025-09_ASTRA_07_42,2025-09_ASTRA,07_42,C,2025-09-07T10:01:00,29.6208,40.720001,-155,22,16.2386,38.427,28.3303,1.5798,20.318,0.946,0.2566,4.1074,22.172,47.9825,,,,,,,,,,,,
2025-09_ASTRA_07_42,2025-09_ASTRA,07_42,C,2025-09-07T10:01:00,29.6208,40.720001,-155,23,16.1971,38.5023,28.3982,1.5631,20.096,0.8007,0.2534,3.5541,23.18,48.022,,,,,,,,,,,,
2025-09_ASTRA_07_42,2025-09_ASTRA,07_42,C,2025-09-07T10:01:00,29.6208,40.720001,-155,24,16.1779,38.5354,28.4283,1.5594,20.046,0.7028,0.2496,3.0984,24.188,48.0385,,,,,,,,,,,,
2025-09_ASTRA_07_42,2025-09_ASTRA,07_42,C,2025-09-07T10:01:00,29.6208,40.720001,-155,25,16.1567,38.5695,28.4596,1.5616,20.07,0.6226,0.2377,2.7127,25.196,48.0539,,,,,,,,,,,,
2025-09_ASTRA_07_42,2025-09_ASTRA,07_42,C,2025-09-07T10:01:00,29.6208,40.720001,-155,26,16.1361,38.5989,28.487,1.5679,20.147,0.5636,0.2262,2.3896,26.205,48.0647,,,,,,,,,,,,
2025-09_ASTRA_07_42,2025-09_ASTRA,07_42,C,2025-09-07T10:01:00,29.6208,40.720001,-155,27,16.13,38.6078,28.4954,1.5656,20.115,0.5229,0.2181,2.1204,27.212,48.0685,,,,,,,,,,,,
2025-09_ASTRA_07_42,2025-09_ASTRA,07_42,C,2025-09-07T10:01:00,29.6208,40.720001,-155,28,16.1094,38.6357,28.5217,1.5358,19.729,0.4472,0.216,1.8847,28.22,48.0775,,,,,,,,,,,,
2025-09_ASTRA_07_42,2025-09_ASTRA,07_42,C,2025-09-07T10:01:00,29.6208,40.720001,-155,29,16.0694,38.6866,28.5704,1.5082,19.364,0.3552,0.2187,1.6745,29.228,48.0911,,,,,,,,,,,,
2025-09_ASTRA_07_42,2025-09_ASTRA,07_42,C,2025-09-07T10:01:00,29.6208,40.720001,-155,30,16.0532,38.7064,28.5895,1.4973,19.22,0.3133,0.2218,1.4917,30.235,48.096,,,,,,,,,,,,
2025-09_ASTRA_07_42,2025-09_ASTRA,07_42,C,2025-09-07T10:01:00,29.6208,40.720001,-155,31,16.0413,38.7199,28.6026,1.4955,19.196,0.2957,0.2332,1.3325,31.243,48.0984,,,,,,,,,,,,
2025-09_ASTRA_07_42,2025-09_ASTRA,07_42,C,2025-09-07T10:01:00,29.6208,40.720001,-155,32,16.0332,38.728,28.6109,1.495,19.186,0.281,0.2447,1.1966,32.251,48.0991,,,,,,,,,,,,
2025-09_ASTRA_07_42,2025-09_ASTRA,07_42,C,2025-09-07T10:01:00,29.6208,40.720001,-155,33,16.0266,38.7347,28.6176,1.497,19.21,0.266,0.2413,1.0715,33.259,48.0998,,,,,,,,,,,,
2025-09_ASTRA_07_42,2025-09_ASTRA,07_42,C,2025-09-07T10:01:00,29.6208,40.720001,-155,34,16.0216,38.7397,28.6226,1.4997,19.245,0.2562,0.2307,0.9566,34.267,48.1005,,,,,,,,,,,,
2025-09_ASTRA_07_42,2025-09_ASTRA,07_42,C,2025-09-07T10:01:00,29.6208,40.720001,-155,35,16.0121,38.7485,28.6316,1.5042,19.299,0.2386,0.232,0.8562,35.275,48.1004,,,,,,,,,,,,
2025-09_ASTRA_07_42,2025-09_ASTRA,07_42,C,2025-09-07T10:01:00,29.6208,40.720001,-155,36,16.0046,38.7553,28.6386,1.5106,19.379,0.2172,0.2365,0.7658,36.283,48.1002,,,,,,,,,,,,
2025-09_ASTRA_07_42,2025-09_ASTRA,07_42,C,2025-09-07T10:01:00,29.6208,40.720001,-155,37,16.0016,38.7577,28.6411,1.5117,19.392,0.203,0.2424,0.6828,37.291,48.1001,,,,,,,,,,,,
2025-09_ASTRA_07_42,2025-09_ASTRA,07_42,C,2025-09-07T10:01:00,29.6208,40.720001,-155,38,15.9999,38.759,28.6425,1.5077,19.342,0.2081,0.236,0.6085,38.299,48.1002,,,,,,,,,,,,
2025-09_ASTRA_07_42,2025-09_ASTRA,07_42,C,2025-09-07T10:01:00,29.6208,40.720001,-155,39,15.9982,38.7606,28.6442,1.5079,19.344,0.2032,0.2298,0.5429,39.307,48.1006,,,,,,,,,,,,
2025-09_ASTRA_07_42,2025-09_ASTRA,07_42,C,2025-09-07T10:01:00,29.6208,40.720001,-155,40,15.9959,38.763,28.6466,1.5109,19.381,0.2015,0.2291,0.4883,40.315,48.1012,,,,,,,,,,,,
2025-09_ASTRA_07_42,2025-09_ASTRA,07_42,C,2025-09-07T10:01:00,29.6208,40.720001,-155,41,15.9903,38.768,28.6517,1.5077,19.339,0.1965,0.2321,0.4397,41.323,48.1011,,,,,,,,,,,,
2025-09_ASTRA_07_42,2025-09_ASTRA,07_42,C,2025-09-07T10:01:00,29.6208,40.720001,-155,42,15.987,38.7711,28.6549,1.4942,19.164,0.1844,0.2386,0.3902,42.331,48.1015,,,,,,,,,,,,
2025-09_ASTRA_07_42,2025-09_ASTRA,07_42,C,2025-09-07T10:01:00,29.6208,40.720001,-155,43,15.9856,38.7728,28.6566,1.4765,18.937,0.1794,0.2403,0.3432,43.339,48.1024,,,,,,,,,,,,
2025-09_ASTRA_07_42,2025-09_ASTRA,07_42,C,2025-09-07T10:01:00,29.6208,40.720001,-155,44,15.9834,38.7753,28.659,1.46,18.726,0.1893,0.2435,0.3027,44.348,48.1031,,,,,,,,,,,,
2025-09_ASTRA_07_42,2025-09_ASTRA,07_42,C,2025-09-07T10:01:00,29.6208,40.720001,-155,45,15.9821,38.7767,28.6604,1.4382,18.446,0.187,0.2391,0.2688,45.355,48.1038,,,,,,,,,,,,
2025-09_ASTRA_07_42,2025-09_ASTRA,07_42,C,2025-09-07T10:01:00,29.6208,40.720001,-155,46,15.9803,38.779,28.6626,1.3996,17.949,0.1632,0.2356,0.2358,46.363,48.1048,,,,,,,,,,,,
2025-09_ASTRA_07_42,2025-09_ASTRA,07_42,C,2025-09-07T10:01:00,29.6208,40.720001,-155,47,15.9771,38.783,28.6664,1.3789,17.683,0.1503,0.2356,0.2062,47.371,48.1062,,,,,,,,,,,,
2025-09_ASTRA_07_42,2025-09_ASTRA,07_42,C,2025-09-07T10:01:00,29.6208,40.720001,-155,48,15.9713,38.7863,28.6704,1.3836,17.743,0.1448,0.2324,0.1787,48.379,48.1041,,,,,,,,,,,,
2025-09_ASTRA_07_42,2025-09_ASTRA,07_42,C,2025-09-07T10:01:00,29.6208,40.720001,-155,49,15.9688,38.788,28.6723,1.3849,17.758,0.1454,0.2342,0.1574,49.388,48.1038,,,,,,,,,,,,
2025-09_ASTRA_07_42,2025-09_ASTRA,07_42,C,2025-09-07T10:01:00,29.6208,40.720001,-155,50,15.9679,38.7879,28.6724,1.3895,17.816,0.152,0.2382,0.1425,50.396,48.1033,,,,,,,,,,,,
2025-09_ASTRA_07_42,2025-09_ASTRA,07_42,C,2025-09-07T10:01:00,29.6208,40.720001,-155,51,15.966,38.7896,28.6741,1.3474,17.277,0.1526,0.2451,0.1246,51.404,48.1035,,,,,,,,,,,,
2025-09_ASTRA_07_42,2025-09_ASTRA,07_42,C,2025-09-07T10:01:00,29.6208,40.720001,-155,52,15.9661,38.7932,28.6769,1.2566,16.112,0.1407,0.258,0.1103,52.412,48.1079,,,,,,,,,,,,
2025-09_ASTRA_07_42,2025-09_ASTRA,07_42,C,2025-09-07T10:01:00,29.6208,40.720001,-155,53,15.968,38.795,28.6778,1.1793,15.122,0.1207,0.2461,0.1069,53.419,48.1125,,,,,,,,,,,,
2025-09_ASTRA_07_42,2025-09_ASTRA,07_42,C,2025-09-07T10:01:00,29.6208,40.720001,-155,54,15.9678,38.7959,28.6786,1.1211,14.376,0.1097,0.2515,0.1065,54.427,48.1138,,,,,,,,,,,,
2025-09_ASTRA_07_42,2025-09_ASTRA,07_42,C,2025-09-07T10:01:00,29.6208,40.720001,-155,55,15.9699,38.797,28.6789,1.0605,13.6,0.1033,0.2573,0.1064,55.435,48.1178,,,,,,,,,,,,
2025-09_ASTRA_07_42,2025-09_ASTRA,07_42,C,2025-09-07T10:01:00,29.6208,40.720001,-155,56,15.9703,38.798,28.6796,1.0225,13.112,0.0954,0.2428,0.1065,56.444,48.1198,,,,,,,,,,,,
2025-09_ASTRA_07_42,2025-09_ASTRA,07_42,C,2025-09-07T10:01:00,29.6208,40.720001,-155,57,15.9714,38.7987,28.6798,0.9727,12.475,0.084,0.238,0.1065,57.452,48.1222,,,,,,,,,,,,
2025-09_ASTRA_07_42,2025-09_ASTRA,07_42,C,2025-09-07T10:01:00,29.6208,40.720001,-155,58,15.9728,38.8004,28.6808,0.92,11.799,0.0768,0.243,0.1064,58.46,48.1261,,,,,,,,,,,,
2025-09_ASTRA_07_42,2025-09_ASTRA,07_42,C,2025-09-07T10:01:00,29.6208,40.720001,-155,59,15.9723,38.8012,28.6816,0.9047,11.602,0.0681,0.2436,0.1064,59.468,48.1269,,,,,,,,,,,,
2025-09_ASTRA_07_42,2025-09_ASTRA,07_42,C,2025-09-07T10:01:00,29.6208,40.720001,-155,60,15.9705,38.8015,28.6822,0.9202,11.8,0.0645,0.2346,0.1064,60.476,48.1258,,,,,,,,,,,,
2025-09_ASTRA_07_42,2025-09_ASTRA,07_42,C,2025-09-07T10:01:00,29.6208,40.720001,-155,61,15.9688,38.8008,28.6821,0.9681,12.414,0.0814,0.2363,0.1064,61.484,48.1237,,,,,,,,,,,,
2025-09_ASTRA_07_42,2025-09_ASTRA,07_42,C,2025-09-07T10:01:00,29.6208,40.720001,-155,62,15.9653,38.7999,28.6822,1.0393,13.327,0.1082,0.2395,0.1063,62.492,48.1193,,,,,,,,,,,,
2025-09_ASTRA_07_42,2025-09_ASTRA,07_42,C,2025-09-07T10:01:00,29.6208,40.720001,-155,63,15.9613,38.7991,28.6826,1.0628,13.627,0.1041,0.2371,0.1056,63.5,48.1146,,,,,,,,,,,,
2025-09_ASTRA_07_42,2025-09_ASTRA,07_42,C,2025-09-07T10:01:00,29.6208,40.720001,-155,64,15.9598,38.8,28.6836,1.04,13.335,0.091,0.2318,0.1046,64.508,48.1145,,,,,,,,,,,,
2025-09_ASTRA_07_42,2025-09_ASTRA,07_42,C,2025-09-07T10:01:00,29.6208,40.720001,-155,65,15.9598,38.7999,28.6835,1.0249,13.141,0.0938,0.2348,0.1037,65.516,48.1148,,,,,,,,,,,,
2025-09_ASTRA_07_42,2025-09_ASTRA,07_42,C,2025-09-07T10:01:00,29.6208,40.720001,-155,66,15.959,38.8001,28.6838,1.0347,13.265,0.0905,0.2389,0.1037,66.525,48.1147,,,,,,,,,,,,
2025-09_ASTRA_07_42,2025-09_ASTRA,07_42,C,2025-09-07T10:01:00,29.6208,40.720001,-155,67,15.956,38.8004,28.6848,1.066,13.667,0.0804,0.2382,0.1037,67.533,48.1123,,,,,,,,,,,,
2025-09_ASTRA_07_42,2025-09_ASTRA,07_42,C,2025-09-07T10:01:00,29.6208,40.720001,-155,68,15.9532,38.8012,28.6861,1.0503,13.463,0.0789,0.2419,0.1037,68.541,48.1106,,,,,,,,,,,,
2025-09_ASTRA_07_42,2025-09_ASTRA,07_42,C,2025-09-07T10:01:00,29.6208,40.720001,-155,69,15.9536,38.8019,28.6866,1.0221,13.103,0.095,0.2448,0.1037,69.549,48.1122,,,,,,,,,,,,
2025-09_ASTRA_07_42,2025-09_ASTRA,07_42,C,2025-09-07T10:01:00,29.6208,40.720001,-155,70,15.9538,38.8017,28.6863,1.0129,12.985,0.1002,0.2437,0.1037,70.557,48.1128,,,,,,,,,,,,
2025-09_ASTRA_07_42,2025-09_ASTRA,07_42,C,2025-09-07T10:01:00,29.6208,40.720001,-155,71,15.954,38.8016,28.6862,1.005,12.884,0.0781,0.244,0.1037,71.565,48.1133,,,,,,,,,,,,
2025-09_ASTRA_07_42,2025-09_ASTRA,07_42,C,2025-09-07T10:01:00,29.6208,40.720001,-155,72,15.9539,38.8018,28.6864,0.9937,12.739,0.0724,0.2511,0.1037,72.573,48.1139,,,,,,,,,,,,
2025-09_ASTRA_07_42,2025-09_ASTRA,07_42,C,2025-09-07T10:01:00,29.6208,40.720001,-155,73,15.9537,38.802,28.6866,0.986,12.64,0.0821,0.2435,0.1037,73.581,48.1144,,,,,,,,,,,,
2025-09_ASTRA_07_42,2025-09_ASTRA,07_42,C,2025-09-07T10:01:00,29.6208,40.720001,-155,74,15.9538,38.802,28.6865,0.9799,12.563,0.078,0.2397,0.1037,74.59,48.115,,,,,,,,,,,,
2025-09_ASTRA_07_42,2025-09_ASTRA,07_42,C,2025-09-07T10:01:00,29.6208,40.720001,-155,75,15.9539,38.8018,28.6863,0.9772,12.528,0.0771,0.2521,0.1037,75.598,48.1153,,,,,,,,,,,,
2025-09_ASTRA_07_42,2025-09_ASTRA,07_42,C,2025-09-07T10:01:00,29.6208,40.720001,-155,76,15.954,38.8016,28.6862,0.9708,12.446,0.0859,0.2496,0.1037,76.606,48.1157,,,,,,,,,,,,
2025-09_ASTRA_07_42,2025-09_ASTRA,07_42,C,2025-09-07T10:01:00,29.6208,40.720001,-155,77,15.954,38.8017,28.6863,0.958,12.282,0.0859,0.2561,0.1041,77.614,48.1163,,,,,,,,,,,,
2025-09_ASTRA_07_42,2025-09_ASTRA,07_42,C,2025-09-07T10:01:00,29.6208,40.720001,-155,78,15.9541,38.8015,28.6861,0.9414,12.068,0.0795,0.248,0.1059,78.622,48.1167,,,,,,,,,,,,
2025-09_ASTRA_07_42,2025-09_ASTRA,07_42,C,2025-09-07T10:01:00,29.6208,40.720001,-155,79,15.9536,38.8022,28.6868,0.9045,11.595,0.0775,0.2454,0.1065,79.63,48.1175,,,,,,,,,,,,
2025-09_ASTRA_07_42,2025-09_ASTRA,07_42,C,2025-09-07T10:01:00,29.6208,40.720001,-155,80,15.9535,38.8025,28.687,0.8812,11.297,0.0733,0.236,0.1065,80.639,48.1181,,,,,,,,,,,,
2025-09_ASTRA_07_42,2025-09_ASTRA,07_42,C,2025-09-07T10:01:00,29.6208,40.720001,-155,81,15.9536,38.8024,28.6869,0.8685,11.134,0.0707,0.2358,0.1065,81.647,48.1186,,,,,,,,,,,,
2025-09_ASTRA_07_42,2025-09_ASTRA,07_42,C,2025-09-07T10:01:00,29.6208,40.720001,-155,82,15.9535,38.8028,28.6873,0.8484,10.877,0.068,0.257,0.1062,82.655,48.1194,,,,,,,,,,,,
2025-09_ASTRA_07_42,2025-09_ASTRA,07_42,C,2025-09-07T10:01:00,29.6208,40.720001,-155,83,15.9534,38.803,28.6874,0.8334,10.684,0.0611,0.2383,0.1053,83.663,48.12,,,,,,,,,,,,
2025-09_ASTRA_07_42,2025-09_ASTRA,07_42,C,2025-09-07T10:01:00,29.6208,40.720001,-155,84,15.9536,38.8029,28.6873,0.8235,10.558,0.0766,0.2443,0.1056,84.671,48.1206,,,,,,,,,,,,
2025-09_ASTRA_07_42,2025-09_ASTRA,07_42,C,2025-09-07T10:01:00,29.6208,40.720001,-155,85,15.9535,38.8033,28.6876,0.8017,10.278,0.0759,0.2642,0.1061,85.68,48.1213,,,,,,,,,,,,
2025-09_ASTRA_07_42,2025-09_ASTRA,07_42,C,2025-09-07T10:01:00,29.6208,40.720001,-155,86,15.9533,38.8035,28.6879,0.7842,10.053,0.0688,0.2614,0.1063,86.688,48.1219,,,,,,,,,,,,
2025-09_ASTRA_07_42,2025-09_ASTRA,07_42,C,2025-09-07T10:01:00,29.6208,40.720001,-155,87,15.9533,38.8037,28.688,0.7639,9.793,0.0696,0.2404,0.1063,87.696,48.1225,,,,,,,,,,,,
2025-09_ASTRA_07_42,2025-09_ASTRA,07_42,C,2025-09-07T10:01:00,29.6208,40.720001,-155,88,15.9529,38.8041,28.6884,0.7382,9.464,0.0679,0.2372,0.1063,88.704,48.123,,,,,,,,,,,,
2025-09_ASTRA_07_42,2025-09_ASTRA,07_42,C,2025-09-07T10:01:00,29.6208,40.720001,-155,89,15.9527,38.8043,28.6886,0.7246,9.289,0.0735,0.2404,0.1063,89.713,48.1236,,,,,,,,,,,,
2025-09_ASTRA_07_42,2025-09_ASTRA,07_42,C,2025-09-07T10:01:00,29.6208,40.720001,-155,90,15.9526,38.8045,28.6887,0.7095,9.095,0.0586,0.2473,0.1062,90.721,48.1241,,,,,,,,,,,,
2025-09_ASTRA_07_42,2025-09_ASTRA,07_42,C,2025-09-07T10:01:00,29.6208,40.720001,-155,91,15.9523,38.8048,28.6891,0.6998,8.971,0.0506,0.2561,0.1063,91.729,48.1246,,,,,,,,,,,,
2025-09_ASTRA_07_42,2025-09_ASTRA,07_42,C,2025-09-07T10:01:00,29.6208,40.720001,-155,92,15.952,38.8047,28.6891,0.6983,8.951,0.0468,0.2452,0.1063,92.737,48.1246,,,,,,,,,,,,
2025-09_ASTRA_07_42,2025-09_ASTRA,07_42,C,2025-09-07T10:01:00,29.6208,40.720001,-155,93,15.9514,38.8049,28.6894,0.6866,8.802,0.0511,0.2538,0.1063,93.746,48.1248,,,,,,,,,,,,
2025-09_ASTRA_07_42,2025-09_ASTRA,07_42,C,2025-09-07T10:01:00,29.6208,40.720001,-155,94,15.9508,38.8052,28.6897,0.6655,8.532,0.052,0.2678,0.1064,94.754,48.1249,,,,,,,,,,,,
2025-09_ASTRA_07_42,2025-09_ASTRA,07_42,C,2025-09-07T10:01:00,29.6208,40.720001,-155,95,15.9502,38.8056,28.6902,0.6485,8.313,0.0468,0.2784,0.1064,95.762,48.1251,,,,,,,,,,,,
2025-09_ASTRA_07_42,2025-09_ASTRA,07_42,C,2025-09-07T10:01:00,29.6208,40.720001,-155,96,15.9501,38.8056,28.6902,0.6429,8.241,0.0562,0.2936,0.1064,96.77,48.1255,,,,,,,,,,,,
2025-09_ASTRA_07_42,2025-09_ASTRA,07_42,C,2025-09-07T10:01:00,29.6208,40.720001,-155,97,15.9502,38.8055,28.6901,0.6312,8.092,0.0575,0.2751,0.1064,97.779,48.126,,,,,,,,,,,,
2025-09_ASTRA_07_42,2025-09_ASTRA,07_42,C,2025-09-07T10:01:00,29.6208,40.720001,-155,98,15.9501,38.8059,28.6904,0.6152,7.887,0.0485,0.2776,0.1064,98.787,48.1269,,,,,,,,,,,,
2025-09_ASTRA_07_42,2025-09_ASTRA,07_42,C,2025-09-07T10:01:00,29.6208,40.720001,-155,99,15.95,38.8061,28.6906,0.6001,7.693,0.0547,0.2731,0.1064,99.795,48.1274,,,,,,,,,,,,
2025-09_ASTRA_07_42,2025-09_ASTRA,07_42,C,2025-09-07T10:01:00,29.6208,40.720001,-155,100,15.9489,38.8063,28.691,0.5898,7.56,0.0518,0.2838,0.1065,100.803,48.1268,,,,,,,,,,,,
2025-09_ASTRA_07_42,2025-09_ASTRA,07_42,C,2025-09-07T10:01:00,29.6208,40.720001,-155,101,15.9485,38.8065,28.6913,0.5836,7.481,0.0471,0.2925,0.1065,101.812,48.1272,,,,,,,,,,,,
2025-09_ASTRA_07_42,2025-09_ASTRA,07_42,C,2025-09-07T10:01:00,29.6208,40.720001,-155,102,15.9484,38.8066,28.6914,0.5786,7.416,0.0542,0.2829,0.1069,102.82,48.1276,,,,,,,,,,,,
2025-09_ASTRA_07_42,2025-09_ASTRA,07_42,C,2025-09-07T10:01:00,29.6208,40.720001,-155,103,15.9481,38.8069,28.6916,0.571,7.32,0.0618,0.289,0.1072,103.828,48.1281,,,,,,,,,,,,
2025-09_ASTRA_07_42,2025-09_ASTRA,07_42,C,2025-09-07T10:01:00,29.6208,40.720001,-155,104,15.9471,38.807,28.692,0.5577,7.148,0.0484,0.2989,0.1072,104.837,48.1277,,,,,,,,,,,,
2025-09_ASTRA_07_42,2025-09_ASTRA,07_42,C,2025-09-07T10:01:00,29.6208,40.720001,-155,105,15.9468,38.807,28.6921,0.544,6.974,0.0453,0.2997,0.1071,105.845,48.1278,,,,,,,,,,,,
2025-09_ASTRA_07_42,2025-09_ASTRA,07_42,C,2025-09-07T10:01:00,29.6208,40.720001,-155,106,15.9456,38.8073,28.6925,0.5425,6.953,0.0588,0.2997,0.1068,106.853,48.1273,,,,,,,,,,,,
2025-09_ASTRA_07_42,2025-09_ASTRA,07_42,C,2025-09-07T10:01:00,29.6208,40.720001,-155,107,15.9441,38.8074,28.693,0.5542,7.104,0.0572,0.3075,0.1067,107.862,48.1264,,,,,,,,,,,,
2025-09_ASTRA_07_42,2025-09_ASTRA,07_42,C,2025-09-07T10:01:00,29.6208,40.720001,-155,108,15.9431,38.8075,28.6933,0.564,7.229,0.048,0.3121,0.1066,108.87,48.1258,,,,,,,,,,,,
2025-09_ASTRA_07_42,2025-09_ASTRA,07_42,C,2025-09-07T10:01:00,29.6208,40.720001,-155,109,15.9427,38.8076,28.6935,0.5689,7.292,0.0519,0.3073,0.1065,109.878,48.126,,,,,,,,,,,,
2025-09_ASTRA_07_42,2025-09_ASTRA,07_42,C,2025-09-07T10:01:00,29.6208,40.720001,-155,110,15.9424,38.8077,28.6936,0.5672,7.27,0.0514,0.3044,0.1065,110.886,48.1263,,,,,,,,,,,,
2025-09_ASTRA_07_42,2025-09_ASTRA,07_42,C,2025-09-07T10:01:00,29.6208,40.720001,-155,111,15.9423,38.8076,28.6936,0.5698,7.303,0.0486,0.3039,0.1064,111.895,48.1265,,,,,,,,,,,,
2025-09_ASTRA_07_42,2025-09_ASTRA,07_42,C,2025-09-07T10:01:00,29.6208,40.720001,-155,112,15.9419,38.8076,28.6937,0.5717,7.328,0.0517,0.3059,0.1063,112.903,48.1266,,,,,,,,,,,,
2025-09_ASTRA_07_42,2025-09_ASTRA,07_42,C,2025-09-07T10:01:00,29.6208,40.720001,-155,113,15.941,38.8079,28.6942,0.5735,7.351,0.0508,0.3121,0.1063,113.911,48.1264,,,,,,,,,,,,
2025-09_ASTRA_07_42,2025-09_ASTRA,07_42,C,2025-09-07T10:01:00,29.6208,40.720001,-155,114,15.9407,38.808,28.6942,0.5732,7.347,0.046,0.3117,0.1063,114.92,48.1266,,,,,,,,,,,,
2025-09_ASTRA_07_42,2025-09_ASTRA,07_42,C,2025-09-07T10:01:00,29.6208,40.720001,-155,115,15.9409,38.8077,28.694,0.5728,7.342,0.0413,0.3082,0.1063,115.928,48.127,,,,,,,,,,,,
2025-09_ASTRA_07_42,2025-09_ASTRA,07_42,C,2025-09-07T10:01:00,29.6208,40.720001,-155,116,15.9406,38.8078,28.6942,0.5727,7.341,0.05,0.3138,0.1063,116.936,48.1273,,,,,,,,,,,,
2025-09_ASTRA_07_42,2025-09_ASTRA,07_42,C,2025-09-07T10:01:00,29.6208,40.720001,-155,117,15.9399,38.808,28.6945,0.5754,7.375,0.0569,0.3168,0.1063,117.945,48.1271,,,,,,,,,,,,
2025-09_ASTRA_07_42,2025-09_ASTRA,07_42,C,2025-09-07T10:01:00,29.6208,40.720001,-155,118,15.9389,38.8081,28.6948,0.5801,7.435,0.0568,0.3288,0.1063,118.953,48.1268,,,,,,,,,,,,
2025-09_ASTRA_07_42,2025-09_ASTRA,07_42,C,2025-09-07T10:01:00,29.6208,40.720001,-155,119,15.9387,38.8079,28.6947,0.5798,7.432,0.0505,0.3566,0.1063,119.961,48.1268,,,,,,,,,,,,
2025-09_ASTRA_07_42,2025-09_ASTRA,07_42,C,2025-09-07T10:01:00,29.6208,40.720001,-155,120,15.9385,38.808,28.6948,0.5796,7.429,0.0446,0.3414,0.1064,120.97,48.1271,,,,,,,,,,,,
2025-09_ASTRA_07_42,2025-09_ASTRA,07_42,C,2025-09-07T10:01:00,29.6208,40.720001,-155,121,15.9385,38.808,28.6948,0.5825,7.466,0.0402,0.3218,0.1064,121.978,48.1277,,,,,,,,,,,,
2025-09_ASTRA_07_42,2025-09_ASTRA,07_42,C,2025-09-07T10:01:00,29.6208,40.720001,-155,122,15.9384,38.8081,28.6948,0.5886,7.544,0.0447,0.3211,0.1064,122.987,48.128,,,,,,,,,,,,
2025-09_ASTRA_07_42,2025-09_ASTRA,07_42,C,2025-09-07T10:01:00,29.6208,40.720001,-155,123,15.9379,38.808,28.6949,0.591,7.575,0.047,0.3257,0.1064,123.995,48.1279,,,,,,,,,,,,
2025-09_ASTRA_07_42,2025-09_ASTRA,07_42,C,2025-09-07T10:01:00,29.6208,40.720001,-155,124,15.9377,38.8082,28.6951,0.6003,7.694,0.0518,0.3408,0.1064,125.004,48.1284,,,,,,,,,,,,
2025-09_ASTRA_07_42,2025-09_ASTRA,07_42,C,2025-09-07T10:01:00,29.6208,40.720001,-155,125,15.9372,38.8083,28.6953,0.6126,7.851,0.0554,0.333,0.1064,126.012,48.1284,,,,,,,,,,,,
2025-09_ASTRA_07_42,2025-09_ASTRA,07_42,C,2025-09-07T10:01:00,29.6208,40.720001,-155,126,15.9362,38.8082,28.6955,0.6223,7.975,0.044,0.326,0.1064,127.02,48.1278,,,,,,,,,,,,
2025-09_ASTRA_07_42,2025-09_ASTRA,07_42,C,2025-09-07T10:01:00,29.6208,40.720001,-155,127,15.9357,38.8082,28.6955,0.6333,8.116,0.0462,0.3267,0.1065,128.029,48.1277,,,,,,,,,,,,
2025-09_ASTRA_07_42,2025-09_ASTRA,07_42,C,2025-09-07T10:01:00,29.6208,40.720001,-155,128,15.9348,38.8083,28.6959,0.6419,8.227,0.054,0.3296,0.1065,129.037,48.1272,,,,,,,,,,,,
2025-09_ASTRA_07_42,2025-09_ASTRA,07_42,C,2025-09-07T10:01:00,29.6208,40.720001,-155,129,15.9343,38.8084,28.696,0.6511,8.344,0.0582,0.3312,0.1064,130.046,48.1273,,,,,,,,,,,,
2025-09_ASTRA_07_42,2025-09_ASTRA,07_42,C,2025-09-07T10:01:00,29.6208,40.720001,-155,130,15.9334,38.8083,28.6962,0.6612,8.473,0.0606,0.3331,0.1064,131.054,48.1268,,,,,,,,,,,,
2025-09_ASTRA_07_42,2025-09_ASTRA,07_42,C,2025-09-07T10:01:00,29.6208,40.720001,-155,131,15.9331,38.8082,28.6962,0.6676,8.555,0.0667,0.3384,0.1063,132.062,48.1268,,,,,,,,,,,,
2025-09_ASTRA_07_42,2025-09_ASTRA,07_42,C,2025-09-07T10:01:00,29.6208,40.720001,-155,132,15.9328,38.8082,28.6963,0.6706,8.594,0.0699,0.3401,0.1063,133.071,48.127,,,,,,,,,,,,
2025-09_ASTRA_07_42,2025-09_ASTRA,07_42,C,2025-09-07T10:01:00,29.6208,40.720001,-155,133,15.9328,38.8083,28.6964,0.6729,8.624,0.0706,0.3436,0.1064,134.079,48.1275,,,,,,,,,,,,
2025-09_ASTRA_07_42,2025-09_ASTRA,07_42,C,2025-09-07T10:01:00,29.6208,40.720001,-155,134,15.9323,38.8083,28.6964,0.6773,8.68,0.0706,0.3516,0.1064,135.087,48.1275,,,,,,,,,,,,
2025-09_ASTRA_07_42,2025-09_ASTRA,07_42,C,2025-09-07T10:01:00,29.6208,40.720001,-155,135,15.9319,38.8083,28.6966,0.6824,8.744,0.0706,0.3523,0.1064,136.096,48.1275,,,,,,,,,,,,
2025-09_ASTRA_07_42,2025-09_ASTRA,07_42,C,2025-09-07T10:01:00,29.6208,40.720001,-155,136,15.9313,38.8083,28.6968,0.6863,8.795,0.0708,0.3476,0.1065,137.105,48.1274,,,,,,,,,,,,
2025-09_ASTRA_07_42,2025-09_ASTRA,07_42,C,2025-09-07T10:01:00,29.6208,40.720001,-155,137,15.9309,38.8084,28.6968,0.6963,8.922,0.0707,0.3573,0.1065,138.113,48.1274,,,,,,,,,,,,
2025-09_ASTRA_07_42,2025-09_ASTRA,07_42,C,2025-09-07T10:01:00,29.6208,40.720001,-155,138,15.9303,38.8083,28.6969,0.7075,9.066,0.0698,0.3726,0.1064,139.122,48.1273,,,,,,,,,,,,
2025-09_ASTRA_07_42,2025-09_ASTRA,07_42,C,2025-09-07T10:01:00,29.6208,40.720001,-155,139,15.9294,38.8084,28.6972,0.7094,9.091,0.0613,0.3613,0.1065,140.13,48.1269,,,,,,,,,,,,
2025-09_ASTRA_07_42,2025-09_ASTRA,07_42,C,2025-09-07T10:01:00,29.6208,40.720001,-155,140,15.9307,38.8082,28.6968,0.753,9.65,0.0717,0.3585,0.1065,141.138,48.1285,,,,,,,,,,,,
2025-09_ASTRA_08_43,2025-09_ASTRA,08_43,C,2025-09-07T12:18:00,29.8894,40.7393,-28,1,23.393,29.3429,19.5389,7.6368,106.183,3.8576,0.9745,294.38,1.008,43.9137,8.273,22.7,181.4,2.0,0.2923,0.4573,3.1191,0.2,2.9493,8.145,4.079,7.5887
2025-09_ASTRA_08_43,2025-09_ASTRA,08_43,C,2025-09-07T12:18:00,29.8894,40.7393,-28,2,22.8381,30.1421,20.2994,7.089,98.059,3.1625,0.743,194.94,2.016,44.4787,,,,,,,,,,,,
2025-09_ASTRA_08_43,2025-09_ASTRA,08_43,C,2025-09-07T12:18:00,29.8894,40.7393,-28,3,22.7892,30.2969,20.4303,6.9839,96.608,3.0813,0.8202,126.86,3.023,44.6389,,,,,,,,,,,,
2025-09_ASTRA_08_43,2025-09_ASTRA,08_43,C,2025-09-07T12:18:00,29.8894,40.7393,-28,4,22.4659,30.8281,20.9227,6.726,92.793,2.5502,0.778,85.947,4.031,45.0404,,,,,,,,,,,,
2025-09_ASTRA_08_43,2025-09_ASTRA,08_43,C,2025-09-07T12:18:00,29.8894,40.7393,-28,5,22.1286,31.2838,21.3615,6.438,88.52,2.0511,0.6324,60.24,5.039,45.3216,,,,,,,,,,,,
2025-09_ASTRA_08_43,2025-09_ASTRA,08_43,C,2025-09-07T12:18:00,29.8894,40.7393,-28,6,21.5356,31.9616,22.0381,5.913,80.763,2.0697,0.5225,42.947,6.047,45.6355,,,,,,,,,,,,
2025-09_ASTRA_08_43,2025-09_ASTRA,08_43,C,2025-09-07T12:18:00,29.8894,40.7393,-28,7,20.9907,32.5619,22.6414,5.3885,73.134,2.238,0.5078,31.515,7.055,45.8779,,,,,,,,,,,,
2025-09_ASTRA_08_43,2025-09_ASTRA,08_43,C,2025-09-07T12:18:00,29.8894,40.7393,-28,8,20.495,33.1243,23.2014,4.9706,67.078,2.1387,0.4852,23.561,8.063,46.1028,8.058,20.1,181.2,,0.531,0.5663,13.0888,1.81,0.4403,5.9576,1.562,3.3968
2025-09_ASTRA_08_43,2025-09_ASTRA,08_43,C,2025-09-07T12:18:00,29.8894,40.7393,-28,9,19.9256,33.726,23.8095,4.4782,60.028,1.8133,0.4014,17.759,9.07,46.288,,,,,,,,,,,,
2025-09_ASTRA_08_43,2025-09_ASTRA,08_43,C,2025-09-07T12:18:00,29.8894,40.7393,-28,10,19.2468,34.4302,24.5226,3.7771,50.204,1.4734,0.3381,13.546,10.078,46.4731,,,,,,,,,,,,
2025-09_ASTRA_08_43,2025-09_ASTRA,08_43,C,2025-09-07T12:18:00,29.8894,40.7393,-28,11,18.3146,35.47,25.5538,2.9379,38.616,1.2483,0.3094,10.627,11.086,46.7703,,,,,,,,,,,,
2025-09_ASTRA_08_43,2025-09_ASTRA,08_43,C,2025-09-07T12:18:00,29.8894,40.7393,-28,12,17.4803,36.5726,26.6053,2.3057,30.032,1.031,0.2597,8.5399,12.094,47.1947,,,,,,,,,,,,
2025-09_ASTRA_08_43,2025-09_ASTRA,08_43,C,2025-09-07T12:18:00,29.8894,40.7393,-28,13,16.89,37.4409,27.4157,1.9166,24.814,1.0645,0.2489,7.0233,13.101,47.5669,,,,,,,,,,,,
2025-09_ASTRA_08_43,2025-09_ASTRA,08_43,C,2025-09-07T12:18:00,29.8894,40.7393,-28,14,16.6556,37.763,27.7198,1.7309,22.351,1.2119,0.2612,5.8429,14.109,47.6832,,,,,,,,,,,,
2025-09_ASTRA_08_43,2025-09_ASTRA,08_43,C,2025-09-07T12:18:00,29.8894,40.7393,-28,15,16.4981,38.001,27.9406,1.6721,21.557,1.2387,0.2629,4.94,15.118,47.7827,7.969,18.2,176.6,,0.8447,0.8645,19.8274,4.3,0.3524,5.4059,1.096,1.5344
2025-09_ASTRA_08_43,2025-09_ASTRA,08_43,C,2025-09-07T12:18:00,29.8894,40.7393,-28,16,16.4146,38.1261,28.0568,1.2398,15.97,1.0444,0.2684,4.1644,16.125,47.8337,,,,,,,,,,,,
2025-09_ASTRA_08_43,2025-09_ASTRA,08_43,C,2025-09-07T12:18:00,29.8894,40.7393,-28,17,16.3323,38.2806,28.1953,0.9834,12.66,0.8223,0.2538,3.51,17.133,47.9181,,,,,,,,,,,,
2025-09_ASTRA_08_43,2025-09_ASTRA,08_43,C,2025-09-07T12:18:00,29.8894,40.7393,-28,18,16.258,38.3696,28.2816,1.0289,13.233,0.8016,0.2469,2.9589,18.141,47.9378,,,,,,,,,,,,
2025-09_ASTRA_08_43,2025-09_ASTRA,08_43,C,2025-09-07T12:18:00,29.8894,40.7393,-28,19,16.2404,38.4003,28.3093,1.0043,12.915,0.7949,0.2541,2.5094,19.149,47.9536,,,,,,,,,,,,
2025-09_ASTRA_08_43,2025-09_ASTRA,08_43,C,2025-09-07T12:18:00,29.8894,40.7393,-28,20,16.2265,38.4257,28.3322,0.941,12.099,0.7462,0.2575,2.1377,20.157,47.9672,,,,,,,,,,,,
2025-09_ASTRA_08_43,2025-09_ASTRA,08_43,C,2025-09-07T12:18:00,29.8894,40.7393,-28,21,16.204,38.4639,28.3669,0.8567,11.013,0.6464,0.236,1.8434,21.165,47.9859,,,,,,,,,,,,
2025-09_ASTRA_08_43,2025-09_ASTRA,08_43,C,2025-09-07T12:18:00,29.8894,40.7393,-28,22,16.1927,38.4846,28.3856,0.7946,10.213,0.6,0.2382,1.5771,22.173,47.9971,,,,,,,,,,,,
2025-09_ASTRA_08_43,2025-09_ASTRA,08_43,C,2025-09-07T12:18:00,29.8894,40.7393,-28,23,16.1812,38.5086,28.4068,0.7289,9.368,0.5116,0.2371,1.3632,23.181,48.0119,,,,,,,,,,,,
2025-09_ASTRA_08_43,2025-09_ASTRA,08_43,C,2025-09-07T12:18:00,29.8894,40.7393,-28,24,16.1899,38.5164,28.4108,0.6948,8.933,0.5024,0.2385,1.1717,24.188,48.0303,,,,,,,,,,,,
2025-09_ASTRA_09_01,2025-09_ASTRA,09_01,C,2025-09-09T05:25:00,29.1436,41.232498,-66,1,24.5081,18.8904,11.354,7.3642,98.357,0.187,0.1495,318.31,2.016,30.1727,8.426,24.1,195.4,15.0,0.02,0.0794,0.0827,0.05,0.1454,5.0028,0.21,7.8165
2025-09_ASTRA_09_01,2025-09_ASTRA,09_01,C,2025-09-09T05:25:00,29.1436,41.232498,-66,2,24.5081,18.8904,11.354,7.3642,98.357,0.187,0.1495,318.31,2.016,30.1727,,,,,,,,,,,,
2025-09_ASTRA_09_01,2025-09_ASTRA,09_01,C,2025-09-09T05:25:00,29.1436,41.232498,-66,3,24.507,18.8907,11.3545,7.404,98.887,0.1881,0.1413,255.71,3.024,30.1727,,,,,,,,,,,,
2025-09_ASTRA_09_01,2025-09_ASTRA,09_01,C,2025-09-09T05:25:00,29.1436,41.232498,-66,4,24.507,18.8907,11.3545,7.3592,98.289,0.2125,0.1531,207.9,4.032,30.1729,,,,,,,,,,,,
2025-09_ASTRA_09_01,2025-09_ASTRA,09_01,C,2025-09-09T05:25:00,29.1436,41.232498,-66,5,24.5052,18.8906,11.355,7.3568,98.254,0.2362,0.1444,149.37,5.039,30.172,,,,,,,,,,,,
2025-09_ASTRA_09_01,2025-09_ASTRA,09_01,C,2025-09-09T05:25:00,29.1436,41.232498,-66,6,24.5065,18.8906,11.3546,7.3734,98.477,0.2352,0.1303,125.92,6.047,30.1729,,,,,,,,,,,,
2025-09_ASTRA_09_01,2025-09_ASTRA,09_01,C,2025-09-09T05:25:00,29.1436,41.232498,-66,7,24.5058,18.8907,11.3549,7.3906,98.705,0.2409,0.1394,110.39,7.055,30.173,,,,,,,,,,,,
2025-09_ASTRA_09_01,2025-09_ASTRA,09_01,C,2025-09-09T05:25:00,29.1436,41.232498,-66,8,24.5047,18.8907,11.3552,7.3976,98.797,0.2375,0.1488,95.576,8.063,30.1726,,,,,,,,,,,,
2025-09_ASTRA_09_01,2025-09_ASTRA,09_01,C,2025-09-09T05:25:00,29.1436,41.232498,-66,9,24.5055,18.8907,11.3549,7.3553,98.234,0.2356,0.1547,91.473,9.071,30.1733,,,,,,,,,,,,
2025-09_ASTRA_09_01,2025-09_ASTRA,09_01,C,2025-09-09T05:25:00,29.1436,41.232498,-66,10,24.5062,18.8907,11.3547,7.3425,98.064,0.236,0.1631,77.646,10.078,30.174,,,,,,,,,,,,
2025-09_ASTRA_09_01,2025-09_ASTRA,09_01,C,2025-09-09T05:25:00,29.1436,41.232498,-66,11,24.506,18.8907,11.3548,7.3528,98.2,0.2413,0.1624,74.328,11.086,30.1742,,,,,,,,,,,,
2025-09_ASTRA_09_01,2025-09_ASTRA,09_01,C,2025-09-09T05:25:00,29.1436,41.232498,-66,12,24.5054,18.8907,11.355,7.351,98.177,0.2483,0.148,68.075,12.094,30.1741,,,,,,,,,,,,
2025-09_ASTRA_09_01,2025-09_ASTRA,09_01,C,2025-09-09T05:25:00,29.1436,41.232498,-66,13,24.507,18.8906,11.3544,7.3277,97.869,0.249,0.1491,59.379,13.102,30.1752,,,,,,,,,,,,
2025-09_ASTRA_09_01,2025-09_ASTRA,09_01,C,2025-09-09T05:25:00,29.1436,41.232498,-66,14,24.5067,18.8907,11.3546,7.3532,98.208,0.2633,0.1496,54.408,14.11,30.1754,,,,,,,,,,,,
2025-09_ASTRA_09_01,2025-09_ASTRA,09_01,C,2025-09-09T05:25:00,29.1436,41.232498,-66,15,24.5069,18.8907,11.3545,7.3639,98.353,0.2565,0.1489,49.692,15.118,30.1757,,,,,,,,,,,,
2025-09_ASTRA_09_01,2025-09_ASTRA,09_01,C,2025-09-09T05:25:00,29.1436,41.232498,-66,16,24.5065,18.8905,11.3546,7.3387,98.014,0.2549,0.1388,47.284,16.126,30.1756,,,,,,,,,,,,
2025-09_ASTRA_09_01,2025-09_ASTRA,09_01,C,2025-09-09T05:25:00,29.1436,41.232498,-66,17,24.5044,18.8905,11.3551,7.3473,98.125,0.2543,0.135,49.862,17.134,30.1745,,,,,,,,,,,,
2025-09_ASTRA_09_01,2025-09_ASTRA,09_01,C,2025-09-09T05:25:00,29.1436,41.232498,-66,18,24.5061,18.8904,11.3546,7.3372,97.994,0.2543,0.1471,54.2,18.142,30.1756,,,,,,,,,,,,
2025-09_ASTRA_09_01,2025-09_ASTRA,09_01,C,2025-09-09T05:25:00,29.1436,41.232498,-66,19,24.5031,18.8901,11.3552,7.3512,98.174,0.2554,0.1463,48.374,19.15,30.1737,,,,,,,,,,,,
2025-09_ASTRA_09_01,2025-09_ASTRA,09_01,C,2025-09-09T05:25:00,29.1436,41.232498,-66,20,24.4856,18.8902,11.3601,7.3966,98.75,0.2644,0.1533,43.459,20.158,30.1634,,,,,,,,,,,,
2025-09_ASTRA_09_01,2025-09_ASTRA,09_01,C,2025-09-09T05:25:00,29.1436,41.232498,-66,21,24.4258,18.8889,11.3757,7.3889,98.542,0.289,0.1812,40.045,21.165,30.1257,,,,,,,,,,,,
2025-09_ASTRA_09_01,2025-09_ASTRA,09_01,C,2025-09-09T05:25:00,29.1436,41.232498,-66,22,24.322,18.8854,11.4019,7.3479,97.813,0.3363,0.2377,36.191,22.174,30.0581,,,,,,,,,,,,
2025-09_ASTRA_09_01,2025-09_ASTRA,09_01,C,2025-09-09T05:25:00,29.1436,41.232498,-66,23,24.1188,18.8805,11.4542,7.3284,97.198,0.3814,0.3825,32.962,23.181,29.9286,,,,,,,,,,,,
2025-09_ASTRA_09_01,2025-09_ASTRA,09_01,C,2025-09-09T05:25:00,29.1436,41.232498,-66,24,23.9167,18.8817,11.5107,7.3457,97.075,0.4401,0.5945,29.79,24.189,29.8088,,,,,,,,,,,,
2025-09_ASTRA_09_01,2025-09_ASTRA,09_01,C,2025-09-09T05:25:00,29.1436,41.232498,-66,25,23.8608,18.8807,11.5252,7.3644,97.224,0.494,0.7098,25.694,25.198,29.7739,,,,,,,,,,,,
2025-09_ASTRA_09_01,2025-09_ASTRA,09_01,C,2025-09-09T05:25:00,29.1436,41.232498,-66,26,23.7607,18.8814,11.553,7.3555,96.932,0.5194,0.7594,22.161,26.206,29.7148,,,,,,,,,,,,
2025-09_ASTRA_09_01,2025-09_ASTRA,09_01,C,2025-09-09T05:25:00,29.1436,41.232498,-66,27,23.5739,18.8806,11.603,7.3621,96.694,0.5605,0.9476,18.934,27.213,29.6014,,,,,,,,,,,,
2025-09_ASTRA_09_01,2025-09_ASTRA,09_01,C,2025-09-09T05:25:00,29.1436,41.232498,-66,28,23.5282,18.878,11.6134,7.357,96.544,0.5753,0.9729,15.14,28.221,29.5705,,,,,,,,,,,,
2025-09_ASTRA_09_01,2025-09_ASTRA,09_01,C,2025-09-09T05:25:00,29.1436,41.232498,-66,29,23.4767,18.8775,11.6269,7.3638,96.544,0.5857,1.0825,12.021,29.229,29.539,,,,,,,,,,,,
2025-09_ASTRA_09_01,2025-09_ASTRA,09_01,C,2025-09-09T05:25:00,29.1436,41.232498,-66,30,23.4323,18.8796,11.6405,7.3946,96.872,0.5866,1.2226,9.8485,30.237,29.5156,8.407,23.4,157.4,,0.02,0.1012,0.9566,0.05,0.1661,6.1464,0.379,7.2351
2025-09_ASTRA_09_01,2025-09_ASTRA,09_01,C,2025-09-09T05:25:00,29.1436,41.232498,-66,31,23.3801,18.8777,11.6531,7.4082,96.957,0.5905,1.1214,8.0712,31.245,29.4818,,,,,,,,,,,,
2025-09_ASTRA_09_01,2025-09_ASTRA,09_01,C,2025-09-09T05:25:00,29.1436,41.232498,-66,32,23.2716,18.8764,11.6812,7.4151,96.857,0.5999,1.0597,6.532,32.253,29.415,,,,,,,,,,,,
2025-09_ASTRA_09_01,2025-09_ASTRA,09_01,C,2025-09-09T05:25:00,29.1436,41.232498,-66,33,23.0238,18.8712,11.7433,7.4063,96.304,0.5851,1.241,5.2527,33.261,29.2592,,,,,,,,,,,,
2025-09_ASTRA_09_01,2025-09_ASTRA,09_01,C,2025-09-09T05:25:00,29.1436,41.232498,-66,34,22.4439,18.8625,11.8893,7.4556,95.92,0.597,1.5678,3.7266,34.269,28.9,,,,,,,,,,,,
2025-09_ASTRA_09_01,2025-09_ASTRA,09_01,C,2025-09-09T05:25:00,29.1436,41.232498,-66,35,21.9647,18.8513,12.0046,7.3171,93.308,0.5777,1.5447,2.5899,35.277,28.5988,,,,,,,,,,,,
2025-09_ASTRA_09_01,2025-09_ASTRA,09_01,C,2025-09-09T05:25:00,29.1436,41.232498,-66,36,21.1227,18.7937,12.1735,7.4498,93.481,0.5666,1.8788,2.2156,36.286,28.0208,,,,,,,,,,,,
2025-09_ASTRA_09_01,2025-09_ASTRA,09_01,C,2025-09-09T05:25:00,29.1436,41.232498,-66,37,17.9775,18.8088,12.9188,8.9625,105.855,0.6181,1.513,1.6541,37.293,26.1998,,,,,,,,,,,,
2025-09_ASTRA_09_01,2025-09_ASTRA,09_01,C,2025-09-09T05:25:00,29.1436,41.232498,-66,38,17.0849,18.7139,13.0359,9.502,110.212,0.6359,1.1663,0.908,38.302,25.5645,,,,,,,,,,,,
2025-09_ASTRA_09_01,2025-09_ASTRA,09_01,C,2025-09-09T05:25:00,29.1436,41.232498,-66,39,17.6742,20.0375,13.9172,8.9164,105.376,0.6111,1.0988,0.7698,39.309,27.5835,,,,,,,,,,,,
2025-09_ASTRA_09_01,2025-09_ASTRA,09_01,C,2025-09-09T05:25:00,29.1436,41.232498,-66,40,19.5251,21.5194,14.6228,7.7623,95.935,0.6227,0.9028,0.6826,40.317,30.6442,,,,,,,,,,,,
2025-09_ASTRA_09_01,2025-09_ASTRA,09_01,C,2025-09-09T05:25:00,29.1436,41.232498,-66,41,20.47,23.3283,15.7677,6.7914,86.458,0.6648,0.7533,0.5283,41.326,33.6282,,,,,,,,,,,,
2025-09_ASTRA_09_01,2025-09_ASTRA,09_01,C,2025-09-09T05:25:00,29.1436,41.232498,-66,42,20.5915,26.1392,17.8688,5.8012,75.252,0.7287,0.5265,0.4012,42.333,37.3565,,,,,,,,,,,,
2025-09_ASTRA_09_01,2025-09_ASTRA,09_01,C,2025-09-09T05:25:00,29.1436,41.232498,-66,43,19.881,28.934,20.172,5.1938,67.606,0.7911,0.4621,0.3344,43.342,40.328,,,,,,,,,,,,
2025-09_ASTRA_09_01,2025-09_ASTRA,09_01,C,2025-09-09T05:25:00,29.1436,41.232498,-66,44,19.289,30.8093,21.7491,4.8348,62.937,0.8619,0.52,0.282,44.35,42.132,,,,,,,,,,,,
2025-09_ASTRA_09_01,2025-09_ASTRA,09_01,C,2025-09-09T05:25:00,29.1436,41.232498,-66,45,18.8753,32.0934,22.8323,4.4459,57.868,0.8472,0.5369,0.2407,45.358,43.3108,,,,,,,,,,,,
2025-09_ASTRA_09_01,2025-09_ASTRA,09_01,C,2025-09-09T05:25:00,29.1436,41.232498,-66,46,18.2013,34.0036,24.4597,3.9887,51.854,0.837,0.5447,0.2025,46.365,44.9383,,,,,,,,,,,,
2025-09_ASTRA_09_01,2025-09_ASTRA,09_01,C,2025-09-09T05:25:00,29.1436,41.232498,-66,47,17.4838,35.9169,26.1015,3.6639,47.531,0.8506,0.561,0.1703,47.373,46.4595,,,,,,,,,,,,
2025-09_ASTRA_09_01,2025-09_ASTRA,09_01,C,2025-09-09T05:25:00,29.1436,41.232498,-66,48,17.259,36.5459,26.6388,3.5374,45.867,0.8639,0.6008,0.1463,48.382,46.9528,,,,,,,,,,,,
2025-09_ASTRA_09_01,2025-09_ASTRA,09_01,C,2025-09-09T05:25:00,29.1436,41.232498,-66,49,17.1619,36.8197,26.8727,3.4776,45.083,0.8419,0.6249,0.1261,49.39,47.1651,,,,,,,,,,,,
2025-09_ASTRA_09_01,2025-09_ASTRA,09_01,C,2025-09-09T05:25:00,29.1436,41.232498,-66,50,17.1554,36.8344,26.8856,3.4272,44.429,0.8499,0.6501,0.1107,50.398,47.1753,,,,,,,,,,,,
2025-09_ASTRA_09_01,2025-09_ASTRA,09_01,C,2025-09-09T05:25:00,29.1436,41.232498,-66,51,17.1454,36.859,26.907,3.4026,44.108,0.8402,0.6633,0.1056,51.406,47.1936,,,,,,,,,,,,
2025-09_ASTRA_09_01,2025-09_ASTRA,09_01,C,2025-09-09T05:25:00,29.1436,41.232498,-66,52,17.1397,36.8779,26.9228,3.3936,43.991,0.8358,0.6708,0.104,52.414,47.2096,8.065,20.0,164.5,,0.5202,0.6031,12.782,2.43,3.4295,8.9916,0.325,3.3625
2025-09_ASTRA_09_01,2025-09_ASTRA,09_01,C,2025-09-09T05:25:00,29.1436,41.232498,-66,53,17.1584,36.8653,26.9086,3.3769,43.787,0.8092,0.6641,0.1064,53.422,47.2152,,,,,,,,,,,,
2025-09_ASTRA_09_01,2025-09_ASTRA,09_01,C,2025-09-09T05:25:00,29.1436,41.232498,-66,54,17.1256,36.924,26.9617,3.3703,43.689,0.8238,0.6604,0.1063,54.43,47.2483,,,,,,,,,,,,
2025-09_ASTRA_09_01,2025-09_ASTRA,09_01,C,2025-09-09T05:25:00,29.1436,41.232498,-66,55,17.1168,36.9443,26.9794,3.3616,43.576,0.8218,0.6482,0.1063,55.438,47.2627,,,,,,,,,,,,
2025-09_ASTRA_09_01,2025-09_ASTRA,09_01,C,2025-09-09T05:25:00,29.1436,41.232498,-66,56,17.1483,36.9065,26.9427,3.3617,43.592,0.788,0.6601,0.1063,56.446,47.253,,,,,,,,,,,,
2025-09_ASTRA_09_01,2025-09_ASTRA,09_01,C,2025-09-09T05:25:00,29.1436,41.232498,-66,57,17.1204,36.9418,26.9766,3.36,43.556,0.8218,0.6825,0.1062,57.455,47.2645,,,,,,,,,,,,
2025-09_ASTRA_09_01,2025-09_ASTRA,09_01,C,2025-09-09T05:25:00,29.1436,41.232498,-66,58,17.1188,36.9473,26.9812,3.3321,43.195,0.8259,0.6741,0.1059,58.463,47.2695,,,,,,,,,,,,
2025-09_ASTRA_09_01,2025-09_ASTRA,09_01,C,2025-09-09T05:25:00,29.1436,41.232498,-66,59,17.1139,36.956,26.989,3.3049,42.84,0.8149,0.6755,0.106,59.471,47.2748,,,,,,,,,,,,
2025-09_ASTRA_09_01,2025-09_ASTRA,09_01,C,2025-09-09T05:25:00,29.1436,41.232498,-66,60,17.1121,36.9624,26.9944,3.2938,42.696,0.8205,0.652,0.106,60.479,47.2807,,,,,,,,,,,,
2025-09_ASTRA_10_02,2025-09_ASTRA,10_02,C,2025-09-09T08:34:00,29.602699,41.240398,-53,1,24.8767,18.8745,11.2388,7.2796,97.858,0.1255,0.236,121.47,1.008,30.3725,8.425,24.4,185.2,19.0,0.02,0.0772,0.134,0.05,0.2087,4.839,0.133,7.3905
2025-09_ASTRA_10_02,2025-09_ASTRA,10_02,C,2025-09-09T08:34:00,29.602699,41.240398,-53,2,24.8669,18.8737,11.241,7.3529,98.825,0.1197,0.2236,425.2,2.015,30.3656,,,,,,,,,,,,
2025-09_ASTRA_10_02,2025-09_ASTRA,10_02,C,2025-09-09T08:34:00,29.602699,41.240398,-53,3,24.8648,18.874,11.2418,7.3403,98.652,0.1113,0.2003,707.39,3.024,30.365,,,,,,,,,,,,
2025-09_ASTRA_10_02,2025-09_ASTRA,10_02,C,2025-09-09T08:34:00,29.602699,41.240398,-53,4,24.8405,18.8733,11.2481,7.3394,98.597,0.1344,0.1752,635.63,4.032,30.3496,,,,,,,,,,,,
2025-09_ASTRA_10_02,2025-09_ASTRA,10_02,C,2025-09-09T08:34:00,29.602699,41.240398,-53,5,24.8325,18.8728,11.25,7.3619,98.884,0.1432,0.1602,523.06,5.039,30.3442,,,,,,,,,,,,
2025-09_ASTRA_10_02,2025-09_ASTRA,10_02,C,2025-09-09T08:34:00,29.602699,41.240398,-53,6,24.8268,18.8726,11.2514,7.3459,98.66,0.1468,0.1552,306.88,6.047,30.3407,,,,,,,,,,,,
2025-09_ASTRA_10_02,2025-09_ASTRA,10_02,C,2025-09-09T08:34:00,29.602699,41.240398,-53,7,24.824,18.8724,11.2521,7.3178,98.277,0.1538,0.1542,176.51,7.055,30.339,,,,,,,,,,,,
2025-09_ASTRA_10_02,2025-09_ASTRA,10_02,C,2025-09-09T08:34:00,29.602699,41.240398,-53,8,24.8197,18.8726,11.2534,7.3148,98.23,0.1628,0.1522,179.13,8.063,30.3369,,,,,,,,,,,,
2025-09_ASTRA_10_02,2025-09_ASTRA,10_02,C,2025-09-09T08:34:00,29.602699,41.240398,-53,9,24.8182,18.8725,11.2538,7.3103,98.167,0.1644,0.1483,180.85,9.07,30.3362,,,,,,,,,,,,
2025-09_ASTRA_10_02,2025-09_ASTRA,10_02,C,2025-09-09T08:34:00,29.602699,41.240398,-53,10,24.8172,18.8726,11.2541,7.3278,98.4,0.1746,0.1464,190.92,10.078,30.3359,,,,,,,,,,,,
2025-09_ASTRA_10_02,2025-09_ASTRA,10_02,C,2025-09-09T08:34:00,29.602699,41.240398,-53,11,24.8158,18.8726,11.2546,7.3245,98.354,0.1875,0.1488,202.68,11.087,30.3354,,,,,,,,,,,,
2025-09_ASTRA_10_02,2025-09_ASTRA,10_02,C,2025-09-09T08:34:00,29.602699,41.240398,-53,12,24.815,18.8726,11.2548,7.32,98.291,0.1992,0.1435,226.8,12.094,30.3352,,,,,,,,,,,,
2025-09_ASTRA_10_02,2025-09_ASTRA,10_02,C,2025-09-09T08:34:00,29.602699,41.240398,-53,13,24.8145,18.8728,11.255,7.3331,98.467,0.2014,0.1358,226.07,13.102,30.3353,,,,,,,,,,,,
2025-09_ASTRA_10_02,2025-09_ASTRA,10_02,C,2025-09-09T08:34:00,29.602699,41.240398,-53,14,24.8137,18.873,11.2554,7.3619,98.852,0.2027,0.1312,207.04,14.11,30.3355,,,,,,,,,,,,
2025-09_ASTRA_10_02,2025-09_ASTRA,10_02,C,2025-09-09T08:34:00,29.602699,41.240398,-53,15,24.8135,18.873,11.2555,7.3569,98.784,0.2081,0.1355,209.0,15.118,30.3357,,,,,,,,,,,,
2025-09_ASTRA_10_02,2025-09_ASTRA,10_02,C,2025-09-09T08:34:00,29.602699,41.240398,-53,16,24.8128,18.8731,11.2558,7.3155,98.227,0.2146,0.1416,192.43,16.126,30.3357,,,,,,,,,,,,
2025-09_ASTRA_10_02,2025-09_ASTRA,10_02,C,2025-09-09T08:34:00,29.602699,41.240398,-53,17,24.8117,18.8733,11.2562,7.2722,97.643,0.2261,0.1343,175.82,17.134,30.3356,,,,,,,,,,,,
2025-09_ASTRA_10_02,2025-09_ASTRA,10_02,C,2025-09-09T08:34:00,29.602699,41.240398,-53,18,24.8113,18.8734,11.2564,7.2909,97.895,0.2308,0.1267,171.21,18.142,30.3357,8.43,24.3,183.0,,0.02,0.1023,0.324,0.05,0.1577,6.7182,0.133,7.4221
2025-09_ASTRA_10_02,2025-09_ASTRA,10_02,C,2025-09-09T08:34:00,29.602699,41.240398,-53,19,24.811,18.8735,11.2566,7.3149,98.216,0.2317,0.1319,157.44,19.15,30.3361,,,,,,,,,,,,
2025-09_ASTRA_10_02,2025-09_ASTRA,10_02,C,2025-09-09T08:34:00,29.602699,41.240398,-53,20,24.8099,18.8737,11.257,7.2956,97.956,0.2322,0.1351,145.96,20.158,30.3358,,,,,,,,,,,,
2025-09_ASTRA_10_02,2025-09_ASTRA,10_02,C,2025-09-09T08:34:00,29.602699,41.240398,-53,21,24.8098,18.8737,11.257,7.2734,97.657,0.232,0.1336,136.29,21.166,30.336,,,,,,,,,,,,
2025-09_ASTRA_10_02,2025-09_ASTRA,10_02,C,2025-09-09T08:34:00,29.602699,41.240398,-53,22,24.8092,18.8736,11.2572,7.2724,97.643,0.2363,0.1316,128.49,22.174,30.3359,,,,,,,,,,,,
2025-09_ASTRA_10_02,2025-09_ASTRA,10_02,C,2025-09-09T08:34:00,29.602699,41.240398,-53,23,24.808,18.8737,11.2576,7.2924,97.909,0.2421,0.1295,117.57,23.182,30.3355,,,,,,,,,,,,
2025-09_ASTRA_10_02,2025-09_ASTRA,10_02,C,2025-09-09T08:34:00,29.602699,41.240398,-53,24,24.806,18.8738,11.2581,7.3104,98.147,0.2508,0.1304,106.9,24.19,30.3346,,,,,,,,,,,,
2025-09_ASTRA_10_02,2025-09_ASTRA,10_02,C,2025-09-09T08:34:00,29.602699,41.240398,-53,25,24.8065,18.8733,11.2577,7.3107,98.152,0.2586,0.1262,98.025,25.197,30.3346,,,,,,,,,,,,
2025-09_ASTRA_10_02,2025-09_ASTRA,10_02,C,2025-09-09T08:34:00,29.602699,41.240398,-53,26,24.8122,18.8702,11.2538,7.3029,98.055,0.2617,0.1256,90.619,26.205,30.3338,,,,,,,,,,,,
2025-09_ASTRA_10_02,2025-09_ASTRA,10_02,C,2025-09-09T08:34:00,29.602699,41.240398,-53,27,24.8009,18.8727,11.2588,7.2568,97.418,0.2688,0.1374,80.95,27.213,30.3308,,,,,,,,,,,,
2025-09_ASTRA_10_02,2025-09_ASTRA,10_02,C,2025-09-09T08:34:00,29.602699,41.240398,-53,28,24.7717,18.8744,11.2683,7.0568,94.686,0.3013,0.1342,75.401,28.221,30.3158,,,,,,,,,,,,
2025-09_ASTRA_10_02,2025-09_ASTRA,10_02,C,2025-09-09T08:34:00,29.602699,41.240398,-53,29,24.7373,18.8636,11.2699,6.8839,92.303,0.3705,0.1323,70.415,29.229,30.2796,,,,,,,,,,,,
2025-09_ASTRA_10_02,2025-09_ASTRA,10_02,C,2025-09-09T08:34:00,29.602699,41.240398,-53,30,23.5575,18.83,11.5676,7.4947,98.345,0.5273,0.1398,64.979,30.238,29.5204,,,,,,,,,,,,
2025-09_ASTRA_10_02,2025-09_ASTRA,10_02,C,2025-09-09T08:34:00,29.602699,41.240398,-53,31,19.0834,18.7678,12.634,9.002,108.527,0.7456,0.1494,57.801,31.245,26.7928,,,,,,,,,,,,
2025-09_ASTRA_10_02,2025-09_ASTRA,10_02,C,2025-09-09T08:34:00,29.602699,41.240398,-53,32,16.6792,18.6678,13.0857,9.7969,112.664,0.8934,0.1508,50.724,32.253,25.2755,,,,,,,,,,,,
2025-09_ASTRA_10_02,2025-09_ASTRA,10_02,C,2025-09-09T08:34:00,29.602699,41.240398,-53,33,15.5094,18.603,13.2739,9.9243,111.462,0.8941,0.1503,43.993,33.262,24.5298,8.385,18.5,184.5,,0.02,0.1282,3.4124,0.05,0.2169,5.6606,0.399,10.0533
2025-09_ASTRA_10_02,2025-09_ASTRA,10_02,C,2025-09-09T08:34:00,29.602699,41.240398,-53,34,14.7176,18.6127,13.4315,9.888,109.262,0.8294,0.1443,37.057,34.269,24.0953,,,,,,,,,,,,
2025-09_ASTRA_10_02,2025-09_ASTRA,10_02,C,2025-09-09T08:34:00,29.602699,41.240398,-53,35,13.5603,18.6248,13.6498,10.0071,107.931,0.7753,0.1361,30.44,35.278,23.4617,,,,,,,,,,,,
2025-09_ASTRA_10_02,2025-09_ASTRA,10_02,C,2025-09-09T08:34:00,29.602699,41.240398,-53,36,12.294,18.6194,13.8582,10.1888,106.95,0.7332,0.1314,24.794,36.285,22.7526,,,,,,,,,,,,
2025-09_ASTRA_10_02,2025-09_ASTRA,10_02,C,2025-09-09T08:34:00,29.602699,41.240398,-53,37,11.8324,18.6094,13.9227,10.2464,106.471,0.6837,0.1329,20.267,37.293,22.4875,,,,,,,,,,,,
2025-09_ASTRA_10_02,2025-09_ASTRA,10_02,C,2025-09-09T08:34:00,29.602699,41.240398,-53,38,11.6789,18.6162,13.9518,10.2345,105.996,0.6347,0.1424,17.106,38.301,22.4109,,,,,,,,,,,,
2025-09_ASTRA_10_02,2025-09_ASTRA,10_02,C,2025-09-09T08:34:00,29.602699,41.240398,-53,39,11.628,18.6276,13.9685,10.1695,105.213,0.6112,0.1451,14.996,39.309,22.3957,,,,,,,,,,,,
2025-09_ASTRA_10_02,2025-09_ASTRA,10_02,C,2025-09-09T08:34:00,29.602699,41.240398,-53,40,11.5785,18.6383,13.9842,10.1001,104.389,0.6437,0.1368,12.81,40.317,22.3804,,,,,,,,,,,,
2025-09_ASTRA_10_02,2025-09_ASTRA,10_02,C,2025-09-09T08:34:00,29.602699,41.240398,-53,41,11.5088,18.6474,14.0019,10.0626,103.848,0.667,0.1304,10.373,41.325,22.3524,,,,,,,,,,,,
2025-09_ASTRA_10_02,2025-09_ASTRA,10_02,C,2025-09-09T08:34:00,29.602699,41.240398,-53,42,11.2061,18.6761,14.0696,10.1046,103.607,0.656,0.124,7.9029,42.334,22.2178,,,,,,,,,,,,
2025-09_ASTRA_10_02,2025-09_ASTRA,10_02,C,2025-09-09T08:34:00,29.602699,41.240398,-53,43,11.1262,18.6786,14.0833,10.1017,103.396,0.6438,0.1271,6.8489,43.341,22.1769,,,,,,,,,,,,
2025-09_ASTRA_10_02,2025-09_ASTRA,10_02,C,2025-09-09T08:34:00,29.602699,41.240398,-53,44,11.0685,18.6966,14.1057,10.0226,102.468,0.6451,0.1301,7.5995,44.349,22.165,,,,,,,,,,,,
2025-09_ASTRA_10_02,2025-09_ASTRA,10_02,C,2025-09-09T08:34:00,29.602699,41.240398,-53,45,11.1026,18.7434,14.137,10.0155,102.503,0.6118,0.1299,7.1653,45.358,22.2349,,,,,,,,,,,,
2025-09_ASTRA_11_03,2025-09_ASTRA,11_03,C,2025-09-09T14:15:00,30.641001,41.167599,-53,1,25.1303,18.9822,11.2479,7.4548,100.723,0.1888,0.1532,478.71,2.016,30.6846,8.426,24.4,192.3,15.0,0.02,0.0966,0.3093,0.05,0.1518,5.1221,0.133,7.0834
2025-09_ASTRA_11_03,2025-09_ASTRA,11_03,C,2025-09-09T14:15:00,30.641001,41.167599,-53,2,25.1303,18.9822,11.2479,7.4548,100.723,0.1888,0.1532,478.71,2.016,30.6846,,,,,,,,,,,,
2025-09_ASTRA_11_03,2025-09_ASTRA,11_03,C,2025-09-09T14:15:00,30.641001,41.167599,-53,3,25.1205,18.9819,11.2504,7.436,100.452,0.1985,0.1632,411.38,3.024,30.6785,,,,,,,,,,,,
2025-09_ASTRA_11_03,2025-09_ASTRA,11_03,C,2025-09-09T14:15:00,30.641001,41.167599,-53,4,25.1147,18.9807,11.2513,7.4282,100.336,0.2071,0.1552,317.58,4.031,30.6735,,,,,,,,,,,,
2025-09_ASTRA_11_03,2025-09_ASTRA,11_03,C,2025-09-09T14:15:00,30.641001,41.167599,-53,5,25.0502,18.9794,11.2685,7.3583,99.278,0.2183,0.1738,311.13,5.039,30.6325,,,,,,,,,,,,
2025-09_ASTRA_11_03,2025-09_ASTRA,11_03,C,2025-09-09T14:15:00,30.641001,41.167599,-53,6,24.8688,18.9717,11.314,7.3897,99.377,0.2485,0.1842,257.99,6.047,30.5111,,,,,,,,,,,,
2025-09_ASTRA_11_03,2025-09_ASTRA,11_03,C,2025-09-09T14:15:00,30.641001,41.167599,-53,7,24.7795,18.9667,11.3354,7.4493,100.018,0.2591,0.1669,225.58,7.055,30.4497,,,,,,,,,,,,
2025-09_ASTRA_11_03,2025-09_ASTRA,11_03,C,2025-09-09T14:15:00,30.641001,41.167599,-53,8,24.7557,18.9674,11.3426,7.4526,100.021,0.2698,0.1708,201.96,8.063,30.4365,,,,,,,,,,,,
2025-09_ASTRA_11_03,2025-09_ASTRA,11_03,C,2025-09-09T14:15:00,30.641001,41.167599,-53,9,24.7262,18.9666,11.3502,7.4764,100.287,0.2651,0.17,185.32,9.071,30.4176,,,,,,,,,,,,
2025-09_ASTRA_11_03,2025-09_ASTRA,11_03,C,2025-09-09T14:15:00,30.641001,41.167599,-53,10,24.722,18.9666,11.3515,7.4872,100.425,0.2528,0.1651,159.16,10.078,30.4154,,,,,,,,,,,,
2025-09_ASTRA_11_03,2025-09_ASTRA,11_03,C,2025-09-09T14:15:00,30.641001,41.167599,-53,11,24.7091,18.9675,11.3557,7.4641,100.092,0.2494,0.1886,142.54,11.086,30.409,,,,,,,,,,,,
2025-09_ASTRA_11_03,2025-09_ASTRA,11_03,C,2025-09-09T14:15:00,30.641001,41.167599,-53,12,24.7031,18.9673,11.3573,7.4541,99.948,0.2626,0.1688,129.29,12.094,30.4054,,,,,,,,,,,,
2025-09_ASTRA_11_03,2025-09_ASTRA,11_03,C,2025-09-09T14:15:00,30.641001,41.167599,-53,13,24.6915,18.9675,11.3607,7.4332,99.646,0.2618,0.1673,114.2,13.102,30.3989,,,,,,,,,,,,
2025-09_ASTRA_11_03,2025-09_ASTRA,11_03,C,2025-09-09T14:15:00,30.641001,41.167599,-53,14,24.6904,18.9675,11.3609,7.4358,99.679,0.2679,0.153,103.12,14.11,30.3984,,,,,,,,,,,,
2025-09_ASTRA_11_03,2025-09_ASTRA,11_03,C,2025-09-09T14:15:00,30.641001,41.167599,-53,15,24.6802,18.9677,11.3639,7.4291,99.571,0.2875,0.16,91.776,15.118,30.3928,,,,,,,,,,,,
2025-09_ASTRA_11_03,2025-09_ASTRA,11_03,C,2025-09-09T14:15:00,30.641001,41.167599,-53,16,24.6701,18.9675,11.3666,7.4303,99.571,0.2836,0.1577,82.117,16.126,30.3867,,,,,,,,,,,,
2025-09_ASTRA_11_03,2025-09_ASTRA,11_03,C,2025-09-09T14:15:00,30.641001,41.167599,-53,17,24.6707,18.9673,11.3663,7.4398,99.698,0.2912,0.1573,73.856,17.134,30.387,,,,,,,,,,,,
2025-09_ASTRA_11_03,2025-09_ASTRA,11_03,C,2025-09-09T14:15:00,30.641001,41.167599,-53,18,24.6632,18.9669,11.3681,7.4541,99.877,0.3031,0.1645,67.112,18.142,30.3822,,,,,,,,,,,,
2025-09_ASTRA_11_03,2025-09_ASTRA,11_03,C,2025-09-09T14:15:00,30.641001,41.167599,-53,19,24.6482,18.9671,11.3724,7.4587,99.911,0.3042,0.1598,60.249,19.15,30.3736,,,,,,,,,,,,
2025-09_ASTRA_11_03,2025-09_ASTRA,11_03,C,2025-09-09T14:15:00,30.641001,41.167599,-53,20,24.6424,18.9666,11.3737,7.4218,99.407,0.3269,0.1568,54.195,20.158,30.3697,,,,,,,,,,,,
2025-09_ASTRA_11_03,2025-09_ASTRA,11_03,C,2025-09-09T14:15:00,30.641001,41.167599,-53,21,24.6097,18.9644,11.3812,7.4364,99.543,0.3522,0.1724,49.01,21.165,30.3468,,,,,,,,,,,,
2025-09_ASTRA_11_03,2025-09_ASTRA,11_03,C,2025-09-09T14:15:00,30.641001,41.167599,-53,22,24.4424,18.9548,11.4206,7.4977,100.058,0.3603,0.1632,43.524,22.173,30.2317,,,,,,,,,,,,
2025-09_ASTRA_11_03,2025-09_ASTRA,11_03,C,2025-09-09T14:15:00,30.641001,41.167599,-53,23,22.6049,18.8966,11.8717,8.1419,105.057,0.4,0.1656,38.703,23.181,29.042,,,,,,,,,,,,
2025-09_ASTRA_11_03,2025-09_ASTRA,11_03,C,2025-09-09T14:15:00,30.641001,41.167599,-53,24,22.4507,18.8666,11.8901,8.0937,104.138,0.4402,0.1602,33.921,24.189,28.9074,,,,,,,,,,,,
2025-09_ASTRA_11_03,2025-09_ASTRA,11_03,C,2025-09-09T14:15:00,30.641001,41.167599,-53,25,20.9304,18.8332,12.248,8.6658,108.327,0.6125,0.156,29.655,25.197,27.9584,,,,,,,,,,,,
2025-09_ASTRA_11_03,2025-09_ASTRA,11_03,C,2025-09-09T14:15:00,30.641001,41.167599,-53,26,19.2481,18.8094,12.6235,9.3089,112.534,0.8995,0.1647,25.447,26.205,26.9421,,,,,,,,,,,,
2025-09_ASTRA_11_03,2025-09_ASTRA,11_03,C,2025-09-09T14:15:00,30.641001,41.167599,-53,27,17.3441,18.7331,13.0015,10.1408,118.306,1.0018,0.1622,21.214,27.213,25.7333,8.395,19.7,181.4,,0.02,0.1323,3.1074,0.05,0.1364,5.8771,0.458,9.6165
2025-09_ASTRA_11_03,2025-09_ASTRA,11_03,C,2025-09-09T14:15:00,30.641001,41.167599,-53,28,16.7869,18.7413,13.1234,10.4805,120.897,0.9679,0.1685,17.622,28.221,25.4244,,,,,,,,,,,,
2025-09_ASTRA_11_03,2025-09_ASTRA,11_03,C,2025-09-09T14:15:00,30.641001,41.167599,-53,29,16.9666,18.76,13.1002,10.2579,118.77,0.9657,0.1582,13.742,29.229,25.5511,,,,,,,,,,,,
2025-09_ASTRA_11_03,2025-09_ASTRA,11_03,C,2025-09-09T14:15:00,30.641001,41.167599,-53,30,16.5188,18.7678,13.1988,10.3835,119.152,0.9519,0.16,10.149,30.237,25.3039,,,,,,,,,,,,
2025-09_ASTRA_11_03,2025-09_ASTRA,11_03,C,2025-09-09T14:15:00,30.641001,41.167599,-53,31,16.1641,18.7817,13.2812,10.2876,117.219,1.0295,0.1683,7.0824,31.245,25.1179,,,,,,,,,,,,
2025-09_ASTRA_11_03,2025-09_ASTRA,11_03,C,2025-09-09T14:15:00,30.641001,41.167599,-53,32,15.8367,18.7809,13.3459,10.1634,115.032,1.0701,0.1558,7.0602,32.253,24.93,8.389,17.2,173.5,,0.02,0.1108,3.8023,0.05,0.1469,5.1471,0.536,9.9171
2025-09_ASTRA_11_03,2025-09_ASTRA,11_03,C,2025-09-09T14:15:00,30.641001,41.167599,-53,33,15.0659,18.7734,13.4896,10.3681,115.49,1.0121,0.1698,5.9804,33.261,24.4822,,,,,,,,,,,,
2025-09_ASTRA_11_03,2025-09_ASTRA,11_03,C,2025-09-09T14:15:00,30.641001,41.167599,-53,34,13.7921,18.7924,13.7371,10.4655,113.539,0.8152,0.149,5.324,34.269,23.7848,,,,,,,,,,,,
2025-09_ASTRA_11_03,2025-09_ASTRA,11_03,C,2025-09-09T14:15:00,30.641001,41.167599,-53,35,13.8364,18.769,13.712,10.0728,109.377,0.7667,0.14,4.513,35.277,23.7826,,,,,,,,,,,,
2025-09_ASTRA_11_03,2025-09_ASTRA,11_03,C,2025-09-09T14:15:00,30.641001,41.167599,-53,36,12.224,18.7312,13.955,10.2666,107.671,0.758,0.1542,3.9716,36.285,22.8389,,,,,,,,,,,,
2025-09_ASTRA_11_03,2025-09_ASTRA,11_03,C,2025-09-09T14:15:00,30.641001,41.167599,-53,37,12.1225,18.7253,13.9665,10.1279,105.977,0.7628,0.1373,2.8355,37.293,22.7762,,,,,,,,,,,,
2025-09_ASTRA_11_03,2025-09_ASTRA,11_03,C,2025-09-09T14:15:00,30.641001,41.167599,-53,38,11.3256,18.7417,14.1026,10.1181,104.063,0.7891,0.1455,2.9049,38.301,22.3537,,,,,,,,,,,,
2025-09_ASTRA_11_03,2025-09_ASTRA,11_03,C,2025-09-09T14:15:00,30.641001,41.167599,-53,39,11.39,18.7469,14.0966,9.9888,102.878,0.7911,0.1447,2.6939,39.309,22.3954,,,,,,,,,,,,
2025-09_ASTRA_11_03,2025-09_ASTRA,11_03,C,2025-09-09T14:15:00,30.641001,41.167599,-53,40,10.9573,18.7893,14.1938,9.7745,99.745,0.7654,0.1681,2.6232,40.317,22.2031,,,,,,,,,,,,
2025-09_ASTRA_11_03,2025-09_ASTRA,11_03,C,2025-09-09T14:15:00,30.641001,41.167599,-53,41,10.8914,18.7983,14.2102,9.6131,97.961,0.7651,0.1814,2.4119,41.325,22.1768,,,,,,,,,,,,
2025-09_ASTRA_11_03,2025-09_ASTRA,11_03,C,2025-09-09T14:15:00,30.641001,41.167599,-53,42,10.4342,18.8181,14.2907,9.5589,96.433,0.7308,0.2282,2.1456,42.333,21.9467,,,,,,,,,,,,
2025-09_ASTRA_11_03,2025-09_ASTRA,11_03,C,2025-09-09T14:15:00,30.641001,41.167599,-53,43,10.4348,18.8173,14.2901,9.4793,95.629,0.6783,0.2594,1.8914,43.341,21.9465,,,,,,,,,,,,
2025-09_ASTRA_11_03,2025-09_ASTRA,11_03,C,2025-09-09T14:15:00,30.641001,41.167599,-53,44,10.2595,18.8257,14.321,9.4749,95.215,0.667,0.2823,1.6722,44.349,21.8594,,,,,,,,,,,,
2025-09_ASTRA_11_03,2025-09_ASTRA,11_03,C,2025-09-09T14:15:00,30.641001,41.167599,-53,45,10.2694,18.8305,14.3234,9.4891,95.382,0.6917,0.2544,1.3297,45.357,21.8703,,,,,,,,,,,,
2025-09_ASTRA_11_03,2025-09_ASTRA,11_03,C,2025-09-09T14:15:00,30.641001,41.167599,-53,46,10.2434,18.836,14.3314,9.4797,95.236,0.6868,0.3211,0.8518,46.365,21.8622,,,,,,,,,,,,
2025-09_ASTRA_12_32,2025-09_ASTRA,12_32,C,2025-09-10T05:02:00,29.349899,42.4286,-2100,1,24.5899,18.7728,11.2429,7.3434,98.157,0.1801,0.1389,127.96,1.008,30.0508,8.437,23.3,199.0,19.0,0.02,0.1015,0.06,0.05,0.2454,6.6627,0.112,7.4016
2025-09_ASTRA_12_32,2025-09_ASTRA,12_32,C,2025-09-10T05:02:00,29.349899,42.4286,-2100,2,24.5879,18.7728,11.2435,7.3691,98.496,0.1976,0.1643,108.03,2.016,30.0499,,,,,,,,,,,,
2025-09_ASTRA_12_32,2025-09_ASTRA,12_32,C,2025-09-10T05:02:00,29.349899,42.4286,-2100,3,24.5895,18.773,11.2432,7.3201,97.844,0.1889,0.1614,90.219,3.024,30.0514,,,,,,,,,,,,
2025-09_ASTRA_12_32,2025-09_ASTRA,12_32,C,2025-09-10T05:02:00,29.349899,42.4286,-2100,4,24.5901,18.773,11.243,7.3361,98.059,0.1934,0.1689,85.471,4.032,30.052,,,,,,,,,,,,
2025-09_ASTRA_12_32,2025-09_ASTRA,12_32,C,2025-09-10T05:02:00,29.349899,42.4286,-2100,5,24.5892,18.773,11.2433,7.3624,98.409,0.2005,0.1614,79.878,5.04,30.0518,,,,,,,,,,,,
2025-09_ASTRA_12_32,2025-09_ASTRA,12_32,C,2025-09-10T05:02:00,29.349899,42.4286,-2100,6,24.5872,18.773,11.2438,7.3889,98.76,0.1945,0.1515,78.866,6.048,30.0508,,,,,,,,,,,,
2025-09_ASTRA_12_32,2025-09_ASTRA,12_32,C,2025-09-10T05:02:00,29.349899,42.4286,-2100,7,24.5844,18.7727,11.2444,7.4111,99.051,0.1896,0.146,83.561,7.056,30.0489,,,,,,,,,,,,
2025-09_ASTRA_12_32,2025-09_ASTRA,12_32,C,2025-09-10T05:02:00,29.349899,42.4286,-2100,8,24.5834,18.7725,11.2445,7.4182,99.145,0.189,0.1501,83.159,8.064,30.0484,,,,,,,,,,,,
2025-09_ASTRA_12_32,2025-09_ASTRA,12_32,C,2025-09-10T05:02:00,29.349899,42.4286,-2100,9,24.5826,18.7721,11.2445,7.4132,99.076,0.1907,0.1563,77.009,9.071,30.0475,,,,,,,,,,,,
2025-09_ASTRA_12_32,2025-09_ASTRA,12_32,C,2025-09-10T05:02:00,29.349899,42.4286,-2100,10,24.5761,18.7709,11.2453,7.398,98.86,0.1957,0.1493,69.541,10.079,30.042,,,,,,,,,,,,
2025-09_ASTRA_12_32,2025-09_ASTRA,12_32,C,2025-09-10T05:02:00,29.349899,42.4286,-2100,11,24.5532,18.7676,11.2493,7.3895,98.705,0.1994,0.1527,62.594,11.087,30.0238,,,,,,,,,,,,
2025-09_ASTRA_12_32,2025-09_ASTRA,12_32,C,2025-09-10T05:02:00,29.349899,42.4286,-2100,12,24.5093,18.7616,11.257,7.3796,98.494,0.2189,0.1575,57.528,12.096,29.989,,,,,,,,,,,,
2025-09_ASTRA_12_32,2025-09_ASTRA,12_32,C,2025-09-10T05:02:00,29.349899,42.4286,-2100,13,24.4813,18.76,11.2636,7.3668,98.272,0.2257,0.1636,52.642,13.104,29.9701,,,,,,,,,,,,
2025-09_ASTRA_12_32,2025-09_ASTRA,12_32,C,2025-09-10T05:02:00,29.349899,42.4286,-2100,14,24.4793,18.7618,11.2655,7.3461,97.995,0.2106,0.1715,46.899,14.111,29.9718,,,,,,,,,,,,
2025-09_ASTRA_12_32,2025-09_ASTRA,12_32,C,2025-09-10T05:02:00,29.349899,42.4286,-2100,15,24.4757,18.7625,11.267,7.3511,98.055,0.2076,0.1776,42.252,15.12,29.9709,,,,,,,,,,,,
2025-09_ASTRA_12_32,2025-09_ASTRA,12_32,C,2025-09-10T05:02:00,29.349899,42.4286,-2100,16,24.4727,18.7621,11.2676,7.3861,98.515,0.208,0.1864,39.222,16.128,29.9688,,,,,,,,,,,,
2025-09_ASTRA_12_32,2025-09_ASTRA,12_32,C,2025-09-10T05:02:00,29.349899,42.4286,-2100,17,24.4679,18.7616,11.2685,7.3656,98.234,0.2161,0.1791,35.992,17.136,29.9654,,,,,,,,,,,,
2025-09_ASTRA_12_32,2025-09_ASTRA,12_32,C,2025-09-10T05:02:00,29.349899,42.4286,-2100,18,24.4658,18.7615,11.269,7.3448,97.952,0.228,0.1752,31.856,18.144,29.9643,,,,,,,,,,,,
2025-09_ASTRA_12_32,2025-09_ASTRA,12_32,C,2025-09-10T05:02:00,29.349899,42.4286,-2100,19,24.4662,18.7618,11.2691,7.2907,97.231,0.2527,0.1833,28.665,19.152,29.9652,,,,,,,,,,,,
2025-09_ASTRA_12_32,2025-09_ASTRA,12_32,C,2025-09-10T05:02:00,29.349899,42.4286,-2100,20,24.2754,18.7531,11.3153,7.4786,99.387,0.3134,0.1971,26.107,20.16,29.8383,,,,,,,,,,,,
2025-09_ASTRA_12_32,2025-09_ASTRA,12_32,C,2025-09-10T05:02:00,29.349899,42.4286,-2100,21,23.2296,18.7132,11.5682,7.8636,102.515,0.4121,0.1972,23.496,21.168,29.1566,,,,,,,,,,,,
2025-09_ASTRA_12_32,2025-09_ASTRA,12_32,C,2025-09-10T05:02:00,29.349899,42.4286,-2100,22,21.6152,18.6438,11.9343,8.5206,107.766,0.5017,0.1794,20.74,22.176,28.1042,,,,,,,,,,,,
2025-09_ASTRA_12_32,2025-09_ASTRA,12_32,C,2025-09-10T05:02:00,29.349899,42.4286,-2100,23,18.5972,18.6469,12.656,9.6352,115.054,0.5538,0.1659,17.933,23.184,26.3484,,,,,,,,,,,,
2025-09_ASTRA_12_32,2025-09_ASTRA,12_32,C,2025-09-10T05:02:00,29.349899,42.4286,-2100,24,16.5366,18.6403,13.0948,10.2817,117.898,0.5837,0.1622,14.906,24.192,25.1566,8.396,17.6,177.0,,0.02,0.1311,3.3577,0.05,2.8515,6.8265,0.217,10.4443
2025-09_ASTRA_12_32,2025-09_ASTRA,12_32,C,2025-09-10T05:02:00,29.349899,42.4286,-2100,25,15.3298,18.6246,13.325,10.4981,117.485,0.6151,0.1643,12.007,25.2,24.4521,,,,,,,,,,,,
2025-09_ASTRA_12_32,2025-09_ASTRA,12_32,C,2025-09-10T05:02:00,29.349899,42.4286,-2100,26,14.7951,18.6282,13.4297,10.2953,113.958,0.6965,0.1717,9.5566,26.208,24.1548,,,,,,,,,,,,
2025-09_ASTRA_12_32,2025-09_ASTRA,12_32,C,2025-09-10T05:02:00,29.349899,42.4286,-2100,27,14.0108,18.6428,13.5845,10.1104,110.101,0.81,0.1768,7.691,27.216,23.7318,,,,,,,,,,,,
2025-09_ASTRA_12_32,2025-09_ASTRA,12_32,C,2025-09-10T05:02:00,29.349899,42.4286,-2100,28,12.9458,18.6286,13.7575,10.0693,107.196,0.9401,0.1821,6.1492,28.224,23.122,,,,,,,,,,,,
2025-09_ASTRA_12_32,2025-09_ASTRA,12_32,C,2025-09-10T05:02:00,29.349899,42.4286,-2100,29,12.3206,18.6223,13.8557,10.0133,105.169,1.095,0.1899,4.8776,29.233,22.7688,,,,,,,,,,,,
2025-09_ASTRA_12_32,2025-09_ASTRA,12_32,C,2025-09-10T05:02:00,29.349899,42.4286,-2100,30,11.8366,18.6462,13.9507,9.9328,103.245,1.1929,0.1885,3.9434,30.24,22.5284,,,,,,,,,,,,
2025-09_ASTRA_12_32,2025-09_ASTRA,12_32,C,2025-09-10T05:02:00,29.349899,42.4286,-2100,31,11.507,18.6828,14.0297,9.7777,100.924,1.2551,0.1908,3.3296,31.249,22.3875,,,,,,,,,,,,
2025-09_ASTRA_12_32,2025-09_ASTRA,12_32,C,2025-09-10T05:02:00,29.349899,42.4286,-2100,32,10.9964,18.6743,14.0992,9.7866,99.881,1.3714,0.1895,2.8839,32.257,22.0979,,,,,,,,,,,,
2025-09_ASTRA_12_32,2025-09_ASTRA,12_32,C,2025-09-10T05:02:00,29.349899,42.4286,-2100,33,10.649,18.6775,14.1517,9.7612,98.858,1.3917,0.1822,2.4904,33.265,21.9115,,,,,,,,,,,,
2025-09_ASTRA_12_32,2025-09_ASTRA,12_32,C,2025-09-10T05:02:00,29.349899,42.4286,-2100,34,10.462,18.7008,14.1961,9.829,99.144,1.3524,0.169,2.1225,34.273,21.8345,8.341,13.2,171.2,,0.0415,0.1395,5.0943,0.05,0.156,7.6787,0.553,9.4803
2025-09_ASTRA_12_32,2025-09_ASTRA,12_32,C,2025-09-10T05:02:00,29.349899,42.4286,-2100,35,10.3962,18.7301,14.228,9.8131,98.856,1.26,0.1599,1.8414,35.281,21.8301,,,,,,,,,,,,
2025-09_ASTRA_12_32,2025-09_ASTRA,12_32,C,2025-09-10T05:02:00,29.349899,42.4286,-2100,36,10.2714,18.7384,14.2516,9.7794,98.248,1.199,0.1542,1.6194,36.289,21.771,,,,,,,,,,,,
2025-09_ASTRA_12_32,2025-09_ASTRA,12_32,C,2025-09-10T05:02:00,29.349899,42.4286,-2100,37,10.1214,18.7424,14.2753,9.7267,97.392,1.0619,0.1498,1.4165,37.297,21.6935,,,,,,,,,,,,
2025-09_ASTRA_12_32,2025-09_ASTRA,12_32,C,2025-09-10T05:02:00,29.349899,42.4286,-2100,38,9.9956,18.7713,14.3148,9.6213,96.081,0.855,0.1476,1.2102,38.305,21.6557,,,,,,,,,,,,
2025-09_ASTRA_12_32,2025-09_ASTRA,12_32,C,2025-09-10T05:02:00,29.349899,42.4286,-2100,39,9.9548,18.8007,14.3431,9.5507,95.306,0.7303,0.144,0.9694,39.314,21.6646,,,,,,,,,,,,
2025-09_ASTRA_12_32,2025-09_ASTRA,12_32,C,2025-09-10T05:02:00,29.349899,42.4286,-2100,40,9.8224,18.8009,14.361,9.5082,94.598,0.6658,0.1412,0.879,40.322,21.5928,,,,,,,,,,,,
2025-09_ASTRA_12_32,2025-09_ASTRA,12_32,C,2025-09-10T05:02:00,29.349899,42.4286,-2100,41,9.6735,18.7981,14.3785,9.459,93.791,0.5853,0.138,0.8159,41.33,21.509,,,,,,,,,,,,
2025-09_ASTRA_12_32,2025-09_ASTRA,12_32,C,2025-09-10T05:02:00,29.349899,42.4286,-2100,42,9.5576,18.8022,14.3968,9.4244,93.205,0.5158,0.1367,0.7346,42.338,21.4503,,,,,,,,,,,,
2025-09_ASTRA_12_32,2025-09_ASTRA,12_32,C,2025-09-10T05:02:00,29.349899,42.4286,-2100,43,9.4759,18.8082,14.412,9.3688,92.486,0.4771,0.1347,0.6581,43.346,21.4122,,,,,,,,,,,,
2025-09_ASTRA_12_32,2025-09_ASTRA,12_32,C,2025-09-10T05:02:00,29.349899,42.4286,-2100,44,9.3988,18.8117,14.4246,9.283,91.48,0.4585,0.1282,0.5919,44.354,21.3742,,,,,,,,,,,,
2025-09_ASTRA_12_32,2025-09_ASTRA,12_32,C,2025-09-10T05:02:00,29.349899,42.4286,-2100,45,9.3456,18.8159,14.4347,9.2402,90.95,0.4234,0.1245,0.5199,45.362,21.3499,,,,,,,,,,,,
2025-09_ASTRA_12_32,2025-09_ASTRA,12_32,C,2025-09-10T05:02:00,29.349899,42.4286,-2100,46,9.3049,18.8278,14.4491,9.1843,90.323,0.3927,0.1228,0.4799,46.371,21.3404,,,,,,,,,,,,
2025-09_ASTRA_12_32,2025-09_ASTRA,12_32,C,2025-09-10T05:02:00,29.349899,42.4286,-2100,47,9.2436,18.845,14.4702,9.1574,89.942,0.3723,0.1171,0.451,47.379,21.3251,,,,,,,,,,,,
2025-09_ASTRA_12_32,2025-09_ASTRA,12_32,C,2025-09-10T05:02:00,29.349899,42.4286,-2100,48,9.1859,18.8557,14.4859,9.146,89.718,0.3403,0.1132,0.4111,48.387,21.3051,,,,,,,,,,,,
2025-09_ASTRA_12_32,2025-09_ASTRA,12_32,C,2025-09-10T05:02:00,29.349899,42.4286,-2100,49,9.1682,18.8712,14.5002,9.1268,89.503,0.3162,0.1152,0.3656,49.395,21.3117,,,,,,,,,,,,
2025-09_ASTRA_12_32,2025-09_ASTRA,12_32,C,2025-09-10T05:02:00,29.349899,42.4286,-2100,50,9.1518,18.8889,14.516,9.0965,89.182,0.2891,0.1199,0.3225,50.403,21.3213,,,,,,,,,,,,
2025-09_ASTRA_12_32,2025-09_ASTRA,12_32,C,2025-09-10T05:02:00,29.349899,42.4286,-2100,51,9.0968,18.8962,14.5286,9.0631,88.746,0.2472,0.1185,0.2915,51.411,21.2992,,,,,,,,,,,,
2025-09_ASTRA_12_32,2025-09_ASTRA,12_32,C,2025-09-10T05:02:00,29.349899,42.4286,-2100,52,9.0621,18.9059,14.5404,9.039,88.446,0.2227,0.1174,0.2625,52.42,21.2905,,,,,,,,,,,,
2025-09_ASTRA_12_32,2025-09_ASTRA,12_32,C,2025-09-10T05:02:00,29.349899,42.4286,-2100,53,9.0791,18.9255,14.5535,9.0024,88.133,0.2095,0.1201,0.2407,53.428,21.3203,,,,,,,,,,,,
2025-09_ASTRA_12_32,2025-09_ASTRA,12_32,C,2025-09-10T05:02:00,29.349899,42.4286,-2100,54,9.0996,18.9514,14.5712,8.9443,87.62,0.1983,0.1186,0.2182,54.437,21.3585,,,,,,,,,,,,
2025-09_ASTRA_12_32,2025-09_ASTRA,12_32,C,2025-09-10T05:02:00,29.349899,42.4286,-2100,55,9.0501,18.9649,14.5878,8.8887,86.984,0.1911,0.1195,0.1964,55.445,21.3456,,,,,,,,,,,,
2025-09_ASTRA_12_32,2025-09_ASTRA,12_32,C,2025-09-10T05:02:00,29.349899,42.4286,-2100,56,8.9692,18.9746,14.6055,8.8283,86.239,0.192,0.1197,0.1795,56.453,21.3117,,,,,,,,,,,,
2025-09_ASTRA_12_32,2025-09_ASTRA,12_32,C,2025-09-10T05:02:00,29.349899,42.4286,-2100,57,8.9082,18.9923,14.6268,8.7361,85.228,0.1926,0.1134,0.166,57.461,21.2968,,,,,,,,,,,,
2025-09_ASTRA_12_32,2025-09_ASTRA,12_32,C,2025-09-10T05:02:00,29.349899,42.4286,-2100,58,8.8274,19.0094,14.65,8.603,83.783,0.1754,0.1115,0.1527,58.469,21.2703,,,,,,,,,,,,
2025-09_ASTRA_12_32,2025-09_ASTRA,12_32,C,2025-09-10T05:02:00,29.349899,42.4286,-2100,59,8.7693,19.0365,14.678,8.4569,82.265,0.1563,0.1115,0.1407,59.478,21.2666,,,,,,,,,,,,
2025-09_ASTRA_12_32,2025-09_ASTRA,12_32,C,2025-09-10T05:02:00,29.349899,42.4286,-2100,60,8.7382,19.0552,14.6965,8.2962,80.653,0.1381,0.1109,0.1266,60.486,21.269,,,,,,,,,,,,
2025-09_ASTRA_12_32,2025-09_ASTRA,12_32,C,2025-09-10T05:02:00,29.349899,42.4286,-2100,61,8.7246,19.0982,14.7317,8.035,78.111,0.1265,0.1136,0.1154,61.494,21.3057,,,,,,,,,,,,
2025-09_ASTRA_12_32,2025-09_ASTRA,12_32,C,2025-09-10T05:02:00,29.349899,42.4286,-2100,62,8.7156,19.1477,14.7713,7.6912,74.778,0.1099,0.1242,0.1085,62.502,21.3516,,,,,,,,,,,,
2025-09_ASTRA_12_32,2025-09_ASTRA,12_32,C,2025-09-10T05:02:00,29.349899,42.4286,-2100,63,8.7025,19.2031,14.8162,7.3309,71.278,0.096,0.1254,0.1058,63.51,21.4012,,,,,,,,,,,,
2025-09_ASTRA_12_32,2025-09_ASTRA,12_32,C,2025-09-10T05:02:00,29.349899,42.4286,-2100,64,8.7246,19.2488,14.8491,7.0688,68.785,0.0804,0.1229,0.1051,64.519,21.4602,,,,,,,,,,,,
2025-09_ASTRA_12_32,2025-09_ASTRA,12_32,C,2025-09-10T05:02:00,29.349899,42.4286,-2100,65,8.736,19.2745,14.8678,6.8745,66.923,0.0741,0.1167,0.104,65.527,21.4931,,,,,,,,,,,,
2025-09_ASTRA_12_32,2025-09_ASTRA,12_32,C,2025-09-10T05:02:00,29.349899,42.4286,-2100,66,8.7493,19.2994,14.8855,6.5945,64.227,0.0763,0.1188,0.1037,66.535,21.5261,,,,,,,,,,,,
2025-09_ASTRA_12_32,2025-09_ASTRA,12_32,C,2025-09-10T05:02:00,29.349899,42.4286,-2100,67,8.7879,19.3437,14.9155,6.2426,60.871,0.0678,0.1236,0.1037,67.543,21.593,,,,,,,,,,,,
2025-09_ASTRA_12_32,2025-09_ASTRA,12_32,C,2025-09-10T05:02:00,29.349899,42.4286,-2100,68,8.8541,19.4063,14.9562,5.7605,56.277,0.0649,0.1157,0.1037,68.552,21.6941,,,,,,,,,,,,
2025-09_ASTRA_12_32,2025-09_ASTRA,12_32,C,2025-09-10T05:02:00,29.349899,42.4286,-2100,69,8.9041,19.4718,15.001,5.2282,51.158,0.0601,0.111,0.1037,69.56,21.7893,,,,,,,,,,,,
2025-09_ASTRA_12_32,2025-09_ASTRA,12_32,C,2025-09-10T05:02:00,29.349899,42.4286,-2100,70,8.9129,19.5353,15.0495,4.7283,46.295,0.0689,0.1125,0.1037,70.568,21.8596,,,,,,,,,,,,
2025-09_ASTRA_12_32,2025-09_ASTRA,12_32,C,2025-09-10T05:02:00,29.349899,42.4286,-2100,71,8.9415,19.6147,15.1078,4.2608,41.766,0.0668,0.116,0.1037,71.577,21.9572,,,,,,,,,,,,
2025-09_ASTRA_12_32,2025-09_ASTRA,12_32,C,2025-09-10T05:02:00,29.349899,42.4286,-2100,72,8.9681,19.6839,15.1585,3.8056,37.344,0.062,0.1191,0.1037,72.585,22.0433,,,,,,,,,,,,
2025-09_ASTRA_12_32,2025-09_ASTRA,12_32,C,2025-09-10T05:02:00,29.349899,42.4286,-2100,73,8.987,19.7535,15.2104,3.3587,32.988,0.0652,0.1155,0.1039,73.593,22.1256,,,,,,,,,,,,
2025-09_ASTRA_12_32,2025-09_ASTRA,12_32,C,2025-09-10T05:02:00,29.349899,42.4286,-2100,74,9.0049,19.8067,15.2496,2.9868,29.357,0.0652,0.1192,0.105,74.601,22.1905,,,,,,,,,,,,
2025-09_ASTRA_12_32,2025-09_ASTRA,12_32,C,2025-09-10T05:02:00,29.349899,42.4286,-2100,75,9.0251,19.866,15.2932,2.6705,26.27,0.0662,0.1246,0.1061,75.61,22.2631,,,,,,,,,,,,
2025-09_ASTRA_12_32,2025-09_ASTRA,12_32,C,2025-09-10T05:02:00,29.349899,42.4286,-2100,76,9.0345,19.9103,15.3266,2.3317,22.95,0.0709,0.119,0.1064,76.618,22.3141,,,,,,,,,,,,
2025-09_ASTRA_12_32,2025-09_ASTRA,12_32,C,2025-09-10T05:02:00,29.349899,42.4286,-2100,77,9.0492,19.9792,15.3784,1.9315,19.026,0.0712,0.1173,0.106,77.626,22.3934,,,,,,,,,,,,
2025-09_ASTRA_12_32,2025-09_ASTRA,12_32,C,2025-09-10T05:02:00,29.349899,42.4286,-2100,78,9.0492,20.0318,15.4194,1.6226,15.988,0.0673,0.12,0.1045,78.635,22.4476,,,,,,,,,,,,
2025-09_ASTRA_12_32,2025-09_ASTRA,12_32,C,2025-09-10T05:02:00,29.349899,42.4286,-2100,79,9.0439,20.0786,15.4565,1.4073,13.869,0.068,0.1144,0.1038,79.643,22.4927,,,,,,,,,,,,
2025-09_ASTRA_12_32,2025-09_ASTRA,12_32,C,2025-09-10T05:02:00,29.349899,42.4286,-2100,80,9.0393,20.1033,15.4765,1.2038,11.864,0.0687,0.1111,0.1037,80.652,22.5158,,,,,,,,,,,,
2025-09_ASTRA_12_32,2025-09_ASTRA,12_32,C,2025-09-10T05:02:00,29.349899,42.4286,-2100,81,9.0355,20.1348,15.5015,0.9654,9.516,0.0558,0.1164,0.1037,81.66,22.5461,,,,,,,,,,,,
2025-09_ASTRA_12_32,2025-09_ASTRA,12_32,C,2025-09-10T05:02:00,29.349899,42.4286,-2100,82,9.0301,20.1705,15.53,0.7645,7.536,0.0583,0.1151,0.1037,82.668,22.5797,,,,,,,,,,,,
2025-09_ASTRA_12_32,2025-09_ASTRA,12_32,C,2025-09-10T05:02:00,29.349899,42.4286,-2100,83,9.0261,20.1988,15.5525,0.6264,6.175,0.0593,0.1149,0.1037,83.676,22.6067,,,,,,,,,,,,
2025-09_ASTRA_12_32,2025-09_ASTRA,12_32,C,2025-09-10T05:02:00,29.349899,42.4286,-2100,84,9.0234,20.2225,15.5714,0.5784,5.703,0.0594,0.1159,0.1037,84.684,22.6296,,,,,,,,,,,,
2025-09_ASTRA_12_32,2025-09_ASTRA,12_32,C,2025-09-10T05:02:00,29.349899,42.4286,-2100,85,9.0205,20.2462,15.5901,0.5662,5.583,0.0583,0.1116,0.1037,85.693,22.6525,,,,,,,,,,,,
2025-09_ASTRA_12_32,2025-09_ASTRA,12_32,C,2025-09-10T05:02:00,29.349899,42.4286,-2100,86,9.0157,20.2725,15.6113,0.5126,5.055,0.0502,0.1099,0.1037,86.702,22.6769,,,,,,,,,,,,
2025-09_ASTRA_12_32,2025-09_ASTRA,12_32,C,2025-09-10T05:02:00,29.349899,42.4286,-2100,87,9.0127,20.3043,15.6365,0.463,4.566,0.0415,0.1118,0.104,87.71,22.708,,,,,,,,,,,,
2025-09_ASTRA_12_32,2025-09_ASTRA,12_32,C,2025-09-10T05:02:00,29.349899,42.4286,-2100,88,9.0104,20.3254,15.6532,0.4431,4.37,0.0419,0.1004,0.1052,88.718,22.7285,,,,,,,,,,,,
2025-09_ASTRA_12_32,2025-09_ASTRA,12_32,C,2025-09-10T05:02:00,29.349899,42.4286,-2100,89,9.0088,20.3366,15.6622,0.4267,4.208,0.0406,0.0924,0.1063,89.726,22.7393,,,,,,,,,,,,
2025-09_ASTRA_12_32,2025-09_ASTRA,12_32,C,2025-09-10T05:02:00,29.349899,42.4286,-2100,90,9.0057,20.3552,15.677,0.4016,3.961,0.0504,0.0868,0.1063,90.735,22.7568,,,,,,,,,,,,
2025-09_ASTRA_12_32,2025-09_ASTRA,12_32,C,2025-09-10T05:02:00,29.349899,42.4286,-2100,91,8.9969,20.3821,15.6991,0.3468,3.421,0.0592,0.0914,0.1056,91.743,22.7795,,,,,,,,,,,,
2025-09_ASTRA_12_32,2025-09_ASTRA,12_32,C,2025-09-10T05:02:00,29.349899,42.4286,-2100,92,8.9899,20.4118,15.7232,0.2992,2.951,0.0658,0.0951,0.104,92.752,22.8059,,,,,,,,,,,,
2025-09_ASTRA_12_32,2025-09_ASTRA,12_32,C,2025-09-10T05:02:00,29.349899,42.4286,-2100,93,8.9883,20.4282,15.7361,0.2784,2.746,0.0612,0.0929,0.1039,93.76,22.8221,,,,,,,,,,,,
2025-09_ASTRA_12_32,2025-09_ASTRA,12_32,C,2025-09-10T05:02:00,29.349899,42.4286,-2100,94,8.984,20.4678,15.7676,0.261,2.575,0.0559,0.0851,0.1051,94.769,22.8604,,,,,,,,,,,,
2025-09_ASTRA_12_32,2025-09_ASTRA,12_32,C,2025-09-10T05:02:00,29.349899,42.4286,-2100,95,8.9769,20.5048,15.7974,0.2334,2.303,0.0582,0.0846,0.1056,95.777,22.8942,,,,,,,,,,,,
2025-09_ASTRA_12_32,2025-09_ASTRA,12_32,C,2025-09-10T05:02:00,29.349899,42.4286,-2100,96,8.9716,20.5357,15.822,0.1996,1.97,0.058,0.0893,0.1063,96.785,22.9228,,,,,,,,,,,,
2025-09_ASTRA_12_32,2025-09_ASTRA,12_32,C,2025-09-10T05:02:00,29.349899,42.4286,-2100,97,8.9678,20.5567,15.839,0.1792,1.769,0.0602,0.0921,0.106,97.794,22.9424,,,,,,,,,,,,
2025-09_ASTRA_12_32,2025-09_ASTRA,12_32,C,2025-09-10T05:02:00,29.349899,42.4286,-2100,98,8.9648,20.5795,15.8571,0.164,1.619,0.0623,0.0963,0.1048,98.802,22.9641,,,,,,,,,,,,
2025-09_ASTRA_12_32,2025-09_ASTRA,12_32,C,2025-09-10T05:02:00,29.349899,42.4286,-2100,99,8.965,20.59,15.8653,0.1483,1.463,0.067,0.092,0.1059,99.811,22.9753,,,,,,,,,,,,
2025-09_ASTRA_12_32,2025-09_ASTRA,12_32,C,2025-09-10T05:02:00,29.349899,42.4286,-2100,100,8.9612,20.6286,15.8959,0.1092,1.078,0.0725,0.1081,0.1065,100.819,23.0127,,,,,,,,,,,,
2025-09_ASTRA_13_31,2025-09_ASTRA,13_31,C,2025-09-10T08:24:00,28.7547,42.477299,-1300,1,25.0872,18.8473,11.159,7.3126,98.651,0.0827,0.115,1295.9,1.008,30.4601,8.42,24.3,174.6,21.0,0.02,0.1339,0.1696,0.05,0.1909,6.56,0.076,7.258
2025-09_ASTRA_13_31,2025-09_ASTRA,13_31,C,2025-09-10T08:24:00,28.7547,42.477299,-1300,2,25.0655,18.8465,11.1646,7.334,98.901,0.0571,0.1123,1018.5,2.016,30.446,,,,,,,,,,,,
2025-09_ASTRA_13_31,2025-09_ASTRA,13_31,C,2025-09-10T08:24:00,28.7547,42.477299,-1300,3,25.0393,18.8463,11.1718,7.3255,98.741,0.0517,0.1155,820.17,3.024,30.43,,,,,,,,,,,,
2025-09_ASTRA_13_31,2025-09_ASTRA,13_31,C,2025-09-10T08:24:00,28.7547,42.477299,-1300,4,25.0269,18.846,11.1751,7.3251,98.715,0.0697,0.1166,590.82,4.032,30.4224,,,,,,,,,,,,
2025-09_ASTRA_13_31,2025-09_ASTRA,13_31,C,2025-09-10T08:24:00,28.7547,42.477299,-1300,5,25.0116,18.8458,11.1793,7.3499,99.022,0.0784,0.1246,654.69,5.04,30.4131,,,,,,,,,,,,
2025-09_ASTRA_13_31,2025-09_ASTRA,13_31,C,2025-09-10T08:24:00,28.7547,42.477299,-1300,6,25.0054,18.8457,11.1809,7.3189,98.592,0.0929,0.1239,591.48,6.048,30.4095,,,,,,,,,,,,
2025-09_ASTRA_13_31,2025-09_ASTRA,13_31,C,2025-09-10T08:24:00,28.7547,42.477299,-1300,7,24.9989,18.8457,11.1828,7.2641,97.843,0.1108,0.1183,501.1,7.056,30.4058,,,,,,,,,,,,
2025-09_ASTRA_13_31,2025-09_ASTRA,13_31,C,2025-09-10T08:24:00,28.7547,42.477299,-1300,8,24.9951,18.8459,11.184,7.2623,97.813,0.1195,0.1264,475.66,8.064,30.404,,,,,,,,,,,,
2025-09_ASTRA_13_31,2025-09_ASTRA,13_31,C,2025-09-10T08:24:00,28.7547,42.477299,-1300,9,24.9941,18.8466,11.1848,7.2703,97.92,0.1244,0.1406,441.44,9.072,30.4049,,,,,,,,,,,,
2025-09_ASTRA_13_31,2025-09_ASTRA,13_31,C,2025-09-10T08:24:00,28.7547,42.477299,-1300,10,24.9938,18.847,11.1851,7.2592,97.769,0.1379,0.1301,413.59,10.08,30.4053,,,,,,,,,,,,
2025-09_ASTRA_13_31,2025-09_ASTRA,13_31,C,2025-09-10T08:24:00,28.7547,42.477299,-1300,11,24.9909,18.8475,11.1864,7.2567,97.731,0.1453,0.1265,389.47,11.088,30.4047,,,,,,,,,,,,
2025-09_ASTRA_13_31,2025-09_ASTRA,13_31,C,2025-09-10T08:24:00,28.7547,42.477299,-1300,12,24.9889,18.8477,11.1871,7.2653,97.843,0.147,0.1301,342.54,12.096,30.4041,,,,,,,,,,,,
2025-09_ASTRA_13_31,2025-09_ASTRA,13_31,C,2025-09-10T08:24:00,28.7547,42.477299,-1300,13,24.9874,18.8478,11.1876,7.2429,97.539,0.1539,0.1302,310.45,13.104,30.4035,,,,,,,,,,,,
2025-09_ASTRA_13_31,2025-09_ASTRA,13_31,C,2025-09-10T08:24:00,28.7547,42.477299,-1300,14,24.987,18.8478,11.1877,7.2469,97.592,0.1653,0.1284,290.15,14.112,30.4036,,,,,,,,,,,,
2025-09_ASTRA_13_31,2025-09_ASTRA,13_31,C,2025-09-10T08:24:00,28.7547,42.477299,-1300,15,24.9862,18.8478,11.188,7.2655,97.841,0.1787,0.1239,264.66,15.12,30.4034,,,,,,,,,,,,
2025-09_ASTRA_13_31,2025-09_ASTRA,13_31,C,2025-09-10T08:24:00,28.7547,42.477299,-1300,16,24.9848,18.8477,11.1883,7.2585,97.745,0.1802,0.1281,241.32,16.128,30.4026,,,,,,,,,,,,
2025-09_ASTRA_13_31,2025-09_ASTRA,13_31,C,2025-09-10T08:24:00,28.7547,42.477299,-1300,17,24.9837,18.8475,11.1884,7.2423,97.523,0.1812,0.1337,219.73,17.136,30.402,,,,,,,,,,,,
2025-09_ASTRA_13_31,2025-09_ASTRA,13_31,C,2025-09-10T08:24:00,28.7547,42.477299,-1300,18,24.9792,18.8468,11.1892,7.2479,97.591,0.1909,0.1263,205.25,18.144,30.3985,,,,,,,,,,,,
2025-09_ASTRA_13_31,2025-09_ASTRA,13_31,C,2025-09-10T08:24:00,28.7547,42.477299,-1300,19,24.9712,18.8449,11.19,7.2549,97.672,0.1965,0.1196,184.81,19.152,30.3911,,,,,,,,,,,,
2025-09_ASTRA_13_31,2025-09_ASTRA,13_31,C,2025-09-10T08:24:00,28.7547,42.477299,-1300,20,24.9673,18.8434,11.19,7.2511,97.612,0.2094,0.121,169.66,20.16,30.3868,,,,,,,,,,,,
2025-09_ASTRA_13_31,2025-09_ASTRA,13_31,C,2025-09-10T08:24:00,28.7547,42.477299,-1300,21,24.9618,18.8423,11.1907,7.2251,97.252,0.2121,0.1196,160.61,21.168,30.3822,,,,,,,,,,,,
2025-09_ASTRA_13_31,2025-09_ASTRA,13_31,C,2025-09-10T08:24:00,28.7547,42.477299,-1300,22,24.9598,18.8416,11.1907,7.2092,97.034,0.2163,0.1152,141.62,22.176,30.3802,,,,,,,,,,,,
2025-09_ASTRA_13_31,2025-09_ASTRA,13_31,C,2025-09-10T08:24:00,28.7547,42.477299,-1300,23,24.9573,18.8409,11.1909,7.2291,97.299,0.231,0.1177,133.02,23.184,30.3779,,,,,,,,,,,,
2025-09_ASTRA_13_31,2025-09_ASTRA,13_31,C,2025-09-10T08:24:00,28.7547,42.477299,-1300,24,24.9495,18.8392,11.1918,7.2571,97.659,0.2295,0.1184,119.26,24.192,30.3709,,,,,,,,,,,,
2025-09_ASTRA_13_31,2025-09_ASTRA,13_31,C,2025-09-10T08:24:00,28.7547,42.477299,-1300,25,24.9464,18.8383,11.192,7.232,97.317,0.2281,0.1236,109.07,25.2,30.368,,,,,,,,,,,,
2025-09_ASTRA_13_31,2025-09_ASTRA,13_31,C,2025-09-10T08:24:00,28.7547,42.477299,-1300,26,24.9381,18.8368,11.1932,7.237,97.369,0.2331,0.1276,99.474,26.208,30.361,,,,,,,,,,,,
2025-09_ASTRA_13_31,2025-09_ASTRA,13_31,C,2025-09-10T08:24:00,28.7547,42.477299,-1300,27,24.9213,18.8347,11.1965,7.2596,97.642,0.243,0.1272,91.105,27.216,30.3481,,,,,,,,,,,,
2025-09_ASTRA_13_31,2025-09_ASTRA,13_31,C,2025-09-10T08:24:00,28.7547,42.477299,-1300,28,24.9123,18.834,11.1984,7.2455,97.437,0.2542,0.1288,83.766,28.224,30.3418,,,,,,,,,,,,
2025-09_ASTRA_13_31,2025-09_ASTRA,13_31,C,2025-09-10T08:24:00,28.7547,42.477299,-1300,29,24.8989,18.833,11.2015,7.0102,94.25,0.2944,0.1349,76.386,29.233,30.3325,,,,,,,,,,,,
2025-09_ASTRA_13_31,2025-09_ASTRA,13_31,C,2025-09-10T08:24:00,28.7547,42.477299,-1300,30,24.8593,18.8167,11.2003,6.8425,91.922,0.4683,0.1452,70.172,30.241,30.285,,,,,,,,,,,,
2025-09_ASTRA_13_31,2025-09_ASTRA,13_31,C,2025-09-10T08:24:00,28.7547,42.477299,-1300,31,22.61,18.7245,11.7327,7.8689,101.295,0.9267,0.1693,63.037,31.249,28.8097,,,,,,,,,,,,
2025-09_ASTRA_13_31,2025-09_ASTRA,13_31,C,2025-09-10T08:24:00,28.7547,42.477299,-1300,32,17.3334,18.6231,12.9248,9.6057,112.045,1.2607,0.1817,57.407,32.257,25.5888,,,,,,,,,,,,
2025-09_ASTRA_13_31,2025-09_ASTRA,13_31,C,2025-09-10T08:24:00,28.7547,42.477299,-1300,33,14.9668,18.557,13.3496,10.2421,113.802,1.087,0.1604,50.864,33.265,24.1653,8.348,16.5,238.4,,0.02,0.2125,4.4274,0.05,0.1151,7.8314,0.37,9.9937
2025-09_ASTRA_13_31,2025-09_ASTRA,13_31,C,2025-09-10T08:24:00,28.7547,42.477299,-1300,34,13.9069,18.5555,13.5378,10.394,112.898,0.935,0.1449,42.253,34.273,23.5735,,,,,,,,,,,,
2025-09_ASTRA_13_31,2025-09_ASTRA,13_31,C,2025-09-10T08:24:00,28.7547,42.477299,-1300,35,12.9106,18.5503,13.7049,10.2276,108.741,0.8334,0.1373,35.263,35.282,23.015,,,,,,,,,,,,
2025-09_ASTRA_13_31,2025-09_ASTRA,13_31,C,2025-09-10T08:24:00,28.7547,42.477299,-1300,36,12.15,18.5499,13.8277,10.0805,105.429,0.7102,0.1291,29.918,36.289,22.5957,,,,,,,,,,,,
2025-09_ASTRA_13_31,2025-09_ASTRA,13_31,C,2025-09-10T08:24:00,28.7547,42.477299,-1300,37,11.6657,18.5625,13.9123,10.0877,104.41,0.6631,0.128,26.217,37.297,22.3442,,,,,,,,,,,,
2025-09_ASTRA_13_31,2025-09_ASTRA,13_31,C,2025-09-10T08:24:00,28.7547,42.477299,-1300,38,11.3846,18.603,13.9863,10.0548,103.456,0.6858,0.1321,22.592,38.306,22.2348,,,,,,,,,,,,
2025-09_ASTRA_13_31,2025-09_ASTRA,13_31,C,2025-09-10T08:24:00,28.7547,42.477299,-1300,39,11.1936,18.6521,14.0529,9.9987,102.478,0.7256,0.1326,18.041,39.314,22.184,,,,,,,,,,,,
2025-09_ASTRA_13_31,2025-09_ASTRA,13_31,C,2025-09-10T08:24:00,28.7547,42.477299,-1300,40,11.0043,18.6985,14.1166,9.929,101.368,0.7452,0.1297,14.786,40.322,22.1307,,,,,,,,,,,,
2025-09_ASTRA_13_31,2025-09_ASTRA,13_31,C,2025-09-10T08:24:00,28.7547,42.477299,-1300,41,10.7474,18.7111,14.1635,9.8609,100.109,0.7519,0.1211,14.235,41.33,22.0037,,,,,,,,,,,,
2025-09_ASTRA_13_31,2025-09_ASTRA,13_31,C,2025-09-10T08:24:00,28.7547,42.477299,-1300,42,10.4614,18.7082,14.2018,9.8256,99.114,0.7554,0.1115,13.316,42.338,21.8444,,,,,,,,,,,,
2025-09_ASTRA_13_31,2025-09_ASTRA,13_31,C,2025-09-10T08:24:00,28.7547,42.477299,-1300,43,10.2084,18.7095,14.2379,9.7898,98.194,0.7536,0.1113,12.019,43.347,21.7078,,,,,,,,,,,,
2025-09_ASTRA_13_31,2025-09_ASTRA,13_31,C,2025-09-10T08:24:00,28.7547,42.477299,-1300,44,10.0327,18.7078,14.2604,9.7505,97.413,0.7802,0.1122,10.929,44.355,21.6105,,,,,,,,,,,,
2025-09_ASTRA_13_31,2025-09_ASTRA,13_31,C,2025-09-10T08:24:00,28.7547,42.477299,-1300,45,9.9576,18.7237,14.283,9.6605,96.359,0.8424,0.1154,9.7732,45.363,21.5867,,,,,,,,,,,,
2025-09_ASTRA_13_31,2025-09_ASTRA,13_31,C,2025-09-10T08:24:00,28.7547,42.477299,-1300,46,9.9291,18.7476,14.3054,9.5281,94.994,0.8936,0.1203,8.669,46.371,21.5967,,,,,,,,,,,,
2025-09_ASTRA_13_31,2025-09_ASTRA,13_31,C,2025-09-10T08:24:00,28.7547,42.477299,-1300,47,9.7339,18.7545,14.3366,9.4807,94.108,0.8717,0.1175,7.72,47.379,21.4978,,,,,,,,,,,,
2025-09_ASTRA_13_31,2025-09_ASTRA,13_31,C,2025-09-10T08:24:00,28.7547,42.477299,-1300,48,9.5965,18.763,14.3612,9.4454,93.471,0.7982,0.1117,6.9096,48.387,21.4322,8.311,12.9,209.4,,0.058,0.2098,5.3698,0.05,0.0991,7.093,0.249,9.0775
2025-09_ASTRA_13_31,2025-09_ASTRA,13_31,C,2025-09-10T08:24:00,28.7547,42.477299,-1300,49,9.4956,18.7716,14.381,9.3553,92.372,0.7176,0.1079,6.1871,49.395,21.3866,,,,,,,,,,,,
2025-09_ASTRA_13_31,2025-09_ASTRA,13_31,C,2025-09-10T08:24:00,28.7547,42.477299,-1300,50,9.4165,18.7723,14.3917,9.2755,91.419,0.6577,0.1094,5.5331,50.404,21.3446,,,,,,,,,,,,
2025-09_ASTRA_13_31,2025-09_ASTRA,13_31,C,2025-09-10T08:24:00,28.7547,42.477299,-1300,51,9.2657,18.7695,14.4087,9.2325,90.682,0.6273,0.1083,4.9828,51.412,21.2601,,,,,,,,,,,,
2025-09_ASTRA_13_31,2025-09_ASTRA,13_31,C,2025-09-10T08:24:00,28.7547,42.477299,-1300,52,9.1674,18.7751,14.4254,9.1742,89.91,0.6083,0.1092,4.4875,52.42,21.2128,,,,,,,,,,,,
2025-09_ASTRA_13_31,2025-09_ASTRA,13_31,C,2025-09-10T08:24:00,28.7547,42.477299,-1300,53,9.0956,18.7803,14.4384,9.1389,89.419,0.5887,0.1083,4.0923,53.428,21.1795,,,,,,,,,,,,
2025-09_ASTRA_13_31,2025-09_ASTRA,13_31,C,2025-09-10T08:24:00,28.7547,42.477299,-1300,54,9.0162,18.7816,14.4492,9.0945,88.824,0.512,0.1078,3.7254,54.436,21.138,,,,,,,,,,,,
2025-09_ASTRA_13_31,2025-09_ASTRA,13_31,C,2025-09-10T08:24:00,28.7547,42.477299,-1300,55,8.9551,18.7893,14.4628,9.0076,87.858,0.4311,0.1031,3.3712,55.445,21.1132,,,,,,,,,,,,
2025-09_ASTRA_13_31,2025-09_ASTRA,13_31,C,2025-09-10T08:24:00,28.7547,42.477299,-1300,56,8.9402,18.8047,14.4766,8.9382,87.158,0.3863,0.0989,3.0445,56.453,21.1212,,,,,,,,,,,,
2025-09_ASTRA_13_31,2025-09_ASTRA,13_31,C,2025-09-10T08:24:00,28.7547,42.477299,-1300,57,8.8427,18.8103,14.4928,8.9528,87.108,0.361,0.0938,2.7405,57.461,21.0744,,,,,,,,,,,,
2025-09_ASTRA_13_31,2025-09_ASTRA,13_31,C,2025-09-10T08:24:00,28.7547,42.477299,-1300,58,8.796,18.8154,14.5024,8.932,86.815,0.3196,0.0952,2.5265,58.469,21.0546,,,,,,,,,,,,
2025-09_ASTRA_13_31,2025-09_ASTRA,13_31,C,2025-09-10T08:24:00,28.7547,42.477299,-1300,59,8.7765,18.8241,14.5116,8.9135,86.601,0.2798,0.0942,2.3272,59.478,21.0532,,,,,,,,,,,,
2025-09_ASTRA_13_31,2025-09_ASTRA,13_31,C,2025-09-10T08:24:00,28.7547,42.477299,-1300,60,8.7833,18.8405,14.5235,8.8951,86.445,0.2515,0.0903,2.1268,60.486,21.074,,,,,,,,,,,,
2025-09_ASTRA_13_31,2025-09_ASTRA,13_31,C,2025-09-10T08:24:00,28.7547,42.477299,-1300,61,8.8016,18.8596,14.5363,8.8779,86.325,0.2369,0.0885,1.956,61.494,21.1038,,,,,,,,,,,,
2025-09_ASTRA_13_31,2025-09_ASTRA,13_31,C,2025-09-10T08:24:00,28.7547,42.477299,-1300,62,8.8131,18.8741,14.5462,8.8786,86.363,0.2244,0.0907,1.7837,62.503,21.1252,,,,,,,,,,,,
2025-09_ASTRA_13_31,2025-09_ASTRA,13_31,C,2025-09-10T08:24:00,28.7547,42.477299,-1300,63,8.8262,18.8899,14.5569,8.8834,86.444,0.2178,0.0927,1.5678,63.511,21.1487,,,,,,,,,,,,
2025-09_ASTRA_13_31,2025-09_ASTRA,13_31,C,2025-09-10T08:24:00,28.7547,42.477299,-1300,64,8.8424,18.9055,14.5671,8.8606,86.264,0.2037,0.0928,1.4267,64.519,21.1739,,,,,,,,,,,,
2025-09_ASTRA_13_31,2025-09_ASTRA,13_31,C,2025-09-10T08:24:00,28.7547,42.477299,-1300,65,8.8366,18.9162,14.5762,8.7916,85.586,0.1783,0.0909,1.3839,65.527,21.1819,,,,,,,,,,,,
2025-09_ASTRA_13_31,2025-09_ASTRA,13_31,C,2025-09-10T08:24:00,28.7547,42.477299,-1300,66,8.7543,18.9216,14.5903,8.7036,84.572,0.1616,0.0903,1.2966,66.535,21.1429,,,,,,,,,,,,
2025-09_ASTRA_13_31,2025-09_ASTRA,13_31,C,2025-09-10T08:24:00,28.7547,42.477299,-1300,67,8.7102,18.9288,14.6012,8.6216,83.694,0.1471,0.0904,1.1997,67.544,21.1266,,,,,,,,,,,,
2025-09_ASTRA_13_31,2025-09_ASTRA,13_31,C,2025-09-10T08:24:00,28.7547,42.477299,-1300,68,8.6778,18.9435,14.6166,8.5457,82.903,0.1167,0.0914,1.1063,68.552,21.1242,,,,,,,,,,,,
2025-09_ASTRA_13_31,2025-09_ASTRA,13_31,C,2025-09-10T08:24:00,28.7547,42.477299,-1300,69,8.6714,18.963,14.6325,8.4672,82.14,0.0993,0.092,1.023,69.56,21.1409,,,,,,,,,,,,
2025-09_ASTRA_13_31,2025-09_ASTRA,13_31,C,2025-09-10T08:24:00,28.7547,42.477299,-1300,70,8.6737,18.9784,14.6443,8.4079,81.577,0.099,0.0885,0.9411,70.568,21.1581,,,,,,,,,,,,
2025-09_ASTRA_13_31,2025-09_ASTRA,13_31,C,2025-09-10T08:24:00,28.7547,42.477299,-1300,71,8.6833,18.9931,14.6546,8.325,80.798,0.1008,0.0861,0.8675,71.577,21.1787,,,,,,,,,,,,
2025-09_ASTRA_13_31,2025-09_ASTRA,13_31,C,2025-09-10T08:24:00,28.7547,42.477299,-1300,72,8.6647,19.0084,14.6688,8.2939,80.47,0.0846,0.0901,0.8013,72.585,21.1845,,,,,,,,,,,,
2025-09_ASTRA_13_31,2025-09_ASTRA,13_31,C,2025-09-10T08:24:00,28.7547,42.477299,-1300,73,8.664,19.0217,14.6792,8.2205,79.764,0.0706,0.0938,0.7402,73.594,21.1979,,,,,,,,,,,,
2025-09_ASTRA_13_31,2025-09_ASTRA,13_31,C,2025-09-10T08:24:00,28.7547,42.477299,-1300,74,8.6611,19.039,14.693,8.1436,79.021,0.069,0.0857,0.6885,74.602,21.2142,,,,,,,,,,,,
2025-09_ASTRA_13_31,2025-09_ASTRA,13_31,C,2025-09-10T08:24:00,28.7547,42.477299,-1300,75,8.6977,19.0542,14.7006,8.0136,77.832,0.0843,0.087,0.6385,75.61,21.2501,,,,,,,,,,,,
2025-09_ASTRA_13_31,2025-09_ASTRA,13_31,C,2025-09-10T08:24:00,28.7547,42.477299,-1300,76,8.6836,19.0961,14.735,7.8538,76.277,0.0813,0.0905,0.5904,76.618,21.2854,,,,,,,,,,,,
2025-09_ASTRA_13_31,2025-09_ASTRA,13_31,C,2025-09-10T08:24:00,28.7547,42.477299,-1300,77,8.6818,19.13,14.7616,7.6564,74.372,0.061,0.0935,0.5427,77.627,21.3192,,,,,,,,,,,,
2025-09_ASTRA_13_31,2025-09_ASTRA,13_31,C,2025-09-10T08:24:00,28.7547,42.477299,-1300,78,8.7041,19.182,14.7995,7.3284,71.246,0.0698,0.0935,0.4577,78.635,21.3849,,,,,,,,,,,,
2025-09_ASTRA_13_31,2025-09_ASTRA,13_31,C,2025-09-10T08:24:00,28.7547,42.477299,-1300,79,8.7787,19.2336,14.8306,6.8919,67.141,0.0612,0.0938,0.3121,79.643,21.479,,,,,,,,,,,,
2025-09_ASTRA_13_31,2025-09_ASTRA,13_31,C,2025-09-10T08:24:00,28.7547,42.477299,-1300,80,8.7954,19.2902,14.8728,6.453,62.912,0.0594,0.0966,0.2445,80.652,21.5464,,,,,,,,,,,,
2025-09_ASTRA_13_31,2025-09_ASTRA,13_31,C,2025-09-10T08:24:00,28.7547,42.477299,-1300,81,8.822,19.3362,14.9054,6.1115,59.637,0.0571,0.0964,0.2375,81.66,21.6084,,,,,,,,,,,,
2025-09_ASTRA_13_31,2025-09_ASTRA,13_31,C,2025-09-10T08:24:00,28.7547,42.477299,-1300,82,8.8452,19.3836,14.9396,5.7818,56.466,0.0578,0.0983,0.2563,82.668,21.6701,,,,,,,,,,,,
2025-09_ASTRA_13_31,2025-09_ASTRA,13_31,C,2025-09-10T08:24:00,28.7547,42.477299,-1300,83,8.8745,19.4313,14.9732,5.3903,52.695,0.0565,0.0959,0.2707,83.677,21.7355,,,,,,,,,,,,
2025-09_ASTRA_13_31,2025-09_ASTRA,13_31,C,2025-09-10T08:24:00,28.7547,42.477299,-1300,84,8.9224,19.5041,15.024,4.947,48.437,0.0547,0.0938,0.2395,84.685,21.8371,,,,,,,,,,,,
2025-09_ASTRA_13_31,2025-09_ASTRA,13_31,C,2025-09-10T08:24:00,28.7547,42.477299,-1300,85,8.9471,19.561,15.0653,4.5906,44.99,0.0491,0.0939,0.2144,85.694,21.9096,,,,,,,,,,,,
2025-09_ASTRA_13_31,2025-09_ASTRA,13_31,C,2025-09-10T08:24:00,28.7547,42.477299,-1300,86,8.9601,19.6102,15.102,4.2501,41.679,0.0482,0.0966,0.2027,86.702,21.9675,,,,,,,,,,,,
2025-09_ASTRA_13_31,2025-09_ASTRA,13_31,C,2025-09-10T08:24:00,28.7547,42.477299,-1300,87,8.9858,19.6624,15.1395,3.9104,38.383,0.0537,0.0989,0.2306,87.71,22.0358,,,,,,,,,,,,
2025-09_ASTRA_13_31,2025-09_ASTRA,13_31,C,2025-09-10T08:24:00,28.7547,42.477299,-1300,88,8.9979,19.7124,15.177,3.6044,35.4,0.0494,0.1009,0.219,88.719,22.0942,,,,,,,,,,,,
2025-09_ASTRA_13_31,2025-09_ASTRA,13_31,C,2025-09-10T08:24:00,28.7547,42.477299,-1300,89,9.0013,19.7553,15.2099,3.3074,32.495,0.047,0.1155,0.201,89.727,22.1403,,,,,,,,,,,,
2025-09_ASTRA_13_31,2025-09_ASTRA,13_31,C,2025-09-10T08:24:00,28.7547,42.477299,-1300,90,8.997,19.7868,15.235,3.032,29.792,0.0472,0.1275,0.1775,90.735,22.1704,,,,,,,,,,,,
2025-09_ASTRA_13_31,2025-09_ASTRA,13_31,C,2025-09-10T08:24:00,28.7547,42.477299,-1300,91,9.0078,19.8327,15.2695,2.7595,27.13,0.0516,0.1342,0.1502,91.744,22.2239,,,,,,,,,,,,
2025-09_ASTRA_13_31,2025-09_ASTRA,13_31,C,2025-09-10T08:24:00,28.7547,42.477299,-1300,92,9.0298,19.8888,15.3105,2.4752,24.355,0.0663,0.1189,0.1504,92.752,22.2942,,,,,,,,,,,,
2025-09_ASTRA_13_31,2025-09_ASTRA,13_31,C,2025-09-10T08:24:00,28.7547,42.477299,-1300,93,9.0363,19.9402,15.3497,2.1437,21.103,0.0724,0.1103,0.138,93.761,22.3509,,,,,,,,,,,,
2025-09_ASTRA_13_31,2025-09_ASTRA,13_31,C,2025-09-10T08:24:00,28.7547,42.477299,-1300,94,9.0351,20.0053,15.4006,1.8157,17.882,0.0766,0.1171,0.1225,94.769,22.4172,,,,,,,,,,,,
2025-09_ASTRA_13_31,2025-09_ASTRA,13_31,C,2025-09-10T08:24:00,28.7547,42.477299,-1300,95,9.0392,20.0402,15.4272,1.6024,15.786,0.07,0.1207,0.1135,95.777,22.4555,,,,,,,,,,,,
2025-09_ASTRA_13_31,2025-09_ASTRA,13_31,C,2025-09-10T08:24:00,28.7547,42.477299,-1300,96,9.0361,20.0693,15.4503,1.4423,14.21,0.0608,0.117,0.1072,96.786,22.4838,,,,,,,,,,,,
2025-09_ASTRA_13_31,2025-09_ASTRA,13_31,C,2025-09-10T08:24:00,28.7547,42.477299,-1300,97,9.03,20.096,15.4719,1.2709,12.522,0.0592,0.1237,0.1065,97.794,22.508,,,,,,,,,,,,
2025-09_ASTRA_13_31,2025-09_ASTRA,13_31,C,2025-09-10T08:24:00,28.7547,42.477299,-1300,98,9.0277,20.1255,15.4952,1.0868,10.71,0.059,0.1289,0.1065,98.803,22.5372,,,,,,,,,,,,
2025-09_ASTRA_13_31,2025-09_ASTRA,13_31,C,2025-09-10T08:24:00,28.7547,42.477299,-1300,99,9.0206,20.1521,15.5168,0.8175,8.055,0.0581,0.1236,0.1065,99.811,22.5606,,,,,,,,,,,,
2025-09_ASTRA_13_31,2025-09_ASTRA,13_31,C,2025-09-10T08:24:00,28.7547,42.477299,-1300,100,9.0206,20.1777,15.5368,0.4598,4.532,0.0452,0.0992,0.1065,100.82,22.587,,,,,,,,,,,,
2025-09_ASTRA_14_33,2025-09_ASTRA,14_33,C,2025-09-10T10:56:00,29.0609,42.229,-1750,1,25.3139,18.8772,11.117,7.313,99.067,0.0787,0.1316,1338.1,1.008,30.6416,8.422,23.9,184.4,22.0,0.02,0.1861,0.324,0.05,0.1746,8.0645,0.067,7.2121
2025-09_ASTRA_14_33,2025-09_ASTRA,14_33,C,2025-09-10T10:56:00,29.0609,42.229,-1750,2,25.2206,18.8784,11.1444,7.3437,99.321,0.0435,0.1213,1076.7,2.016,30.587,,,,,,,,,,,,
2025-09_ASTRA_14_33,2025-09_ASTRA,14_33,C,2025-09-10T10:56:00,29.0609,42.229,-1750,3,25.162,18.8773,11.1602,7.2925,98.525,0.0526,0.118,988.9,3.024,30.55,,,,,,,,,,,,
2025-09_ASTRA_14_33,2025-09_ASTRA,14_33,C,2025-09-10T10:56:00,29.0609,42.229,-1750,4,25.1008,18.876,11.1766,7.3402,99.064,0.065,0.1244,798.94,4.032,30.5113,,,,,,,,,,,,
2025-09_ASTRA_14_33,2025-09_ASTRA,14_33,C,2025-09-10T10:56:00,29.0609,42.229,-1750,5,25.0443,18.8756,11.1924,7.3166,98.646,0.0698,0.1255,751.75,5.04,30.4768,,,,,,,,,,,,
2025-09_ASTRA_14_33,2025-09_ASTRA,14_33,C,2025-09-10T10:56:00,29.0609,42.229,-1750,6,24.977,18.8749,11.2109,7.3383,98.82,0.079,0.1215,664.63,6.048,30.4352,,,,,,,,,,,,
2025-09_ASTRA_14_33,2025-09_ASTRA,14_33,C,2025-09-10T10:56:00,29.0609,42.229,-1750,7,24.9599,18.8746,11.2155,7.3222,98.574,0.0862,0.1189,617.54,7.056,30.4245,,,,,,,,,,,,
2025-09_ASTRA_14_33,2025-09_ASTRA,14_33,C,2025-09-10T10:56:00,29.0609,42.229,-1750,8,24.9454,18.875,11.2199,7.2765,97.935,0.0928,0.1238,547.17,8.064,30.4167,,,,,,,,,,,,
2025-09_ASTRA_14_33,2025-09_ASTRA,14_33,C,2025-09-10T10:56:00,29.0609,42.229,-1750,9,24.9347,18.8751,11.2229,7.2606,97.701,0.1064,0.1262,488.67,9.071,30.4105,,,,,,,,,,,,
2025-09_ASTRA_14_33,2025-09_ASTRA,14_33,C,2025-09-10T10:56:00,29.0609,42.229,-1750,10,24.9268,18.8756,11.2255,7.2553,97.617,0.1133,0.1233,460.99,10.079,30.4067,,,,,,,,,,,,
2025-09_ASTRA_14_33,2025-09_ASTRA,14_33,C,2025-09-10T10:56:00,29.0609,42.229,-1750,11,24.9203,18.8759,11.2277,7.2357,97.341,0.1204,0.1236,404.14,11.087,30.4036,,,,,,,,,,,,
2025-09_ASTRA_14_33,2025-09_ASTRA,14_33,C,2025-09-10T10:56:00,29.0609,42.229,-1750,12,24.9148,18.8761,11.2293,7.2439,97.443,0.1267,0.117,372.03,12.095,30.4008,,,,,,,,,,,,
2025-09_ASTRA_14_33,2025-09_ASTRA,14_33,C,2025-09-10T10:56:00,29.0609,42.229,-1750,13,24.9084,18.8763,11.2313,7.2838,97.969,0.1248,0.1177,335.91,13.103,30.3974,,,,,,,,,,,,
2025-09_ASTRA_14_33,2025-09_ASTRA,14_33,C,2025-09-10T10:56:00,29.0609,42.229,-1750,14,24.9063,18.8765,11.232,7.2427,97.413,0.1342,0.1186,304.51,14.112,30.3967,,,,,,,,,,,,
2025-09_ASTRA_14_33,2025-09_ASTRA,14_33,C,2025-09-10T10:56:00,29.0609,42.229,-1750,15,24.9018,18.8766,11.2334,7.2513,97.52,0.1539,0.1305,286.92,15.119,30.3944,,,,,,,,,,,,
2025-09_ASTRA_14_33,2025-09_ASTRA,14_33,C,2025-09-10T10:56:00,29.0609,42.229,-1750,16,24.8983,18.8767,11.2344,7.2591,97.62,0.1641,0.1398,262.22,16.127,30.3927,,,,,,,,,,,,
2025-09_ASTRA_14_33,2025-09_ASTRA,14_33,C,2025-09-10T10:56:00,29.0609,42.229,-1750,17,24.896,18.8769,11.2351,7.2635,97.674,0.1748,0.1352,239.59,17.136,30.3917,,,,,,,,,,,,
2025-09_ASTRA_14_33,2025-09_ASTRA,14_33,C,2025-09-10T10:56:00,29.0609,42.229,-1750,18,24.8918,18.8768,11.2364,7.2715,97.776,0.1701,0.1292,220.53,18.144,30.3895,,,,,,,,,,,,
2025-09_ASTRA_14_33,2025-09_ASTRA,14_33,C,2025-09-10T10:56:00,29.0609,42.229,-1750,19,24.8885,18.8767,11.2371,7.2696,97.743,0.1783,0.1309,201.95,19.151,30.3875,,,,,,,,,,,,
2025-09_ASTRA_14_33,2025-09_ASTRA,14_33,C,2025-09-10T10:56:00,29.0609,42.229,-1750,20,24.8813,18.8761,11.2387,7.2803,97.874,0.1974,0.134,188.43,20.159,30.3826,,,,,,,,,,,,
2025-09_ASTRA_14_33,2025-09_ASTRA,14_33,C,2025-09-10T10:56:00,29.0609,42.229,-1750,21,24.8757,18.8757,11.2401,7.2419,97.348,0.2114,0.1329,169.13,21.167,30.379,,,,,,,,,,,,
2025-09_ASTRA_14_33,2025-09_ASTRA,14_33,C,2025-09-10T10:56:00,29.0609,42.229,-1750,22,24.8705,18.8757,11.2415,7.2337,97.23,0.2109,0.1306,156.14,22.175,30.376,,,,,,,,,,,,
2025-09_ASTRA_14_33,2025-09_ASTRA,14_33,C,2025-09-10T10:56:00,29.0609,42.229,-1750,23,24.8669,18.8755,11.2424,7.2716,97.733,0.2335,0.1252,141.26,23.184,30.3739,,,,,,,,,,,,
2025-09_ASTRA_14_33,2025-09_ASTRA,14_33,C,2025-09-10T10:56:00,29.0609,42.229,-1750,24,24.8585,18.875,11.2444,7.2648,97.626,0.2336,0.1247,129.46,24.191,30.3683,,,,,,,,,,,,
2025-09_ASTRA_14_33,2025-09_ASTRA,14_33,C,2025-09-10T10:56:00,29.0609,42.229,-1750,25,24.8395,18.8743,11.2492,7.2726,97.698,0.2182,0.1263,120.15,25.199,30.356,,,,,,,,,,,,
2025-09_ASTRA_14_33,2025-09_ASTRA,14_33,C,2025-09-10T10:56:00,29.0609,42.229,-1750,26,24.8435,18.8743,11.248,7.2667,97.625,0.221,0.1254,108.73,26.208,30.3586,,,,,,,,,,,,
2025-09_ASTRA_14_33,2025-09_ASTRA,14_33,C,2025-09-10T10:56:00,29.0609,42.229,-1750,27,24.8338,18.8723,11.2493,7.2002,96.714,0.2779,0.1319,98.873,27.216,30.3501,,,,,,,,,,,,
2025-09_ASTRA_14_33,2025-09_ASTRA,14_33,C,2025-09-10T10:56:00,29.0609,42.229,-1750,28,24.115,18.8543,11.4333,7.8416,103.921,0.4389,0.1398,92.273,28.224,29.8904,,,,,,,,,,,,
2025-09_ASTRA_14_33,2025-09_ASTRA,14_33,C,2025-09-10T10:56:00,29.0609,42.229,-1750,29,23.4968,18.8089,11.5657,7.5173,98.442,0.6319,0.1425,82.963,29.232,29.4549,,,,,,,,,,,,
2025-09_ASTRA_14_33,2025-09_ASTRA,14_33,C,2025-09-10T10:56:00,29.0609,42.229,-1750,30,20.9543,18.7952,12.1819,8.2493,102.616,0.8476,0.1552,73.183,30.24,27.9324,,,,,,,,,,,,
2025-09_ASTRA_14_33,2025-09_ASTRA,14_33,C,2025-09-10T10:56:00,29.0609,42.229,-1750,31,14.3636,18.6605,13.5296,10.8371,118.814,0.9897,0.1681,65.354,31.248,23.9541,,,,,,,,,,,,
2025-09_ASTRA_14_33,2025-09_ASTRA,14_33,C,2025-09-10T10:56:00,29.0609,42.229,-1750,32,13.3944,18.5826,13.6462,11.2273,120.642,0.9979,0.1572,54.601,32.256,23.3196,8.378,15.2,175.2,,0.0293,0.1838,4.549,0.05,0.3014,7.0125,0.333,10.0832
2025-09_ASTRA_14_33,2025-09_ASTRA,14_33,C,2025-09-10T10:56:00,29.0609,42.229,-1750,33,12.6056,18.5958,13.7891,10.6799,112.844,0.8287,0.1215,45.972,33.264,22.8975,,,,,,,,,,,,
2025-09_ASTRA_14_33,2025-09_ASTRA,14_33,C,2025-09-10T10:56:00,29.0609,42.229,-1750,34,11.9174,18.6131,13.9121,10.2782,107.005,0.6961,0.1151,40.577,34.272,22.5375,,,,,,,,,,,,
2025-09_ASTRA_14_33,2025-09_ASTRA,14_33,C,2025-09-10T10:56:00,29.0609,42.229,-1750,35,11.1828,18.6376,14.043,10.303,105.561,0.6503,0.1209,35.462,35.28,22.1612,,,,,,,,,,,,
2025-09_ASTRA_14_33,2025-09_ASTRA,14_33,C,2025-09-10T10:56:00,29.0609,42.229,-1750,36,10.8145,18.6486,14.1055,10.2353,104.023,0.6554,0.1274,31.247,36.288,21.9718,,,,,,,,,,,,
2025-09_ASTRA_14_33,2025-09_ASTRA,14_33,C,2025-09-10T10:56:00,29.0609,42.229,-1750,37,10.641,18.6562,14.1362,10.1765,103.032,0.6495,0.1142,27.987,37.297,21.8854,,,,,,,,,,,,
2025-09_ASTRA_14_33,2025-09_ASTRA,14_33,C,2025-09-10T10:56:00,29.0609,42.229,-1750,38,10.5244,18.668,14.1618,10.1235,102.236,0.6568,0.1156,25.072,38.305,21.8346,,,,,,,,,,,,
2025-09_ASTRA_14_33,2025-09_ASTRA,14_33,C,2025-09-10T10:56:00,29.0609,42.229,-1750,39,10.3499,18.693,14.2056,10.0065,100.677,0.6663,0.1102,22.323,39.313,21.7664,,,,,,,,,,,,
2025-09_ASTRA_14_33,2025-09_ASTRA,14_33,C,2025-09-10T10:56:00,29.0609,42.229,-1750,40,10.1664,18.7069,14.2416,9.8731,98.935,0.6876,0.1091,19.854,40.321,21.6813,,,,,,,,,,,,
2025-09_ASTRA_14_33,2025-09_ASTRA,14_33,C,2025-09-10T10:56:00,29.0609,42.229,-1750,41,9.9534,18.7196,14.2803,9.806,97.8,0.7153,0.1086,17.759,41.329,21.579,,,,,,,,,,,,
2025-09_ASTRA_14_33,2025-09_ASTRA,14_33,C,2025-09-10T10:56:00,29.0609,42.229,-1750,42,9.8447,18.7246,14.2987,9.7543,97.048,0.7434,0.1092,15.902,42.337,21.5253,,,,,,,,,,,,
2025-09_ASTRA_14_33,2025-09_ASTRA,14_33,C,2025-09-10T10:56:00,29.0609,42.229,-1750,43,9.7639,18.7332,14.3161,9.6851,96.189,0.7643,0.109,14.164,43.345,21.4907,,,,,,,,,,,,
2025-09_ASTRA_14_33,2025-09_ASTRA,14_33,C,2025-09-10T10:56:00,29.0609,42.229,-1750,44,9.71,18.7391,14.3278,9.5981,95.213,0.766,0.1132,12.661,44.354,21.4678,8.331,13.0,182.2,,0.0679,0.2405,5.7674,0.05,0.07,8.0146,0.311,9.0787
2025-09_ASTRA_14_33,2025-09_ASTRA,14_33,C,2025-09-10T10:56:00,29.0609,42.229,-1750,45,9.602,18.7466,14.3477,9.4934,93.948,0.7582,0.1169,11.399,45.362,21.4172,,,,,,,,,,,,
2025-09_ASTRA_14_33,2025-09_ASTRA,14_33,C,2025-09-10T10:56:00,29.0609,42.229,-1750,46,9.5365,18.7526,14.3609,9.3974,92.862,0.698,0.1143,10.202,46.37,21.3881,,,,,,,,,,,,
2025-09_ASTRA_14_33,2025-09_ASTRA,14_33,C,2025-09-10T10:56:00,29.0609,42.229,-1750,47,9.4651,18.7617,14.3772,9.3125,91.88,0.6308,0.1042,9.1223,47.378,21.3591,,,,,,,,,,,,
2025-09_ASTRA_14_33,2025-09_ASTRA,14_33,C,2025-09-10T10:56:00,29.0609,42.229,-1750,48,9.4356,18.7659,14.3843,9.1856,90.57,0.5942,0.0908,8.1902,48.386,21.3477,,,,,,,,,,,,
2025-09_ASTRA_14_33,2025-09_ASTRA,14_33,C,2025-09-10T10:56:00,29.0609,42.229,-1750,49,9.3695,18.7737,14.3987,9.0589,89.19,0.5527,0.0893,7.4424,49.395,21.3202,,,,,,,,,,,,
2025-09_ASTRA_14_33,2025-09_ASTRA,14_33,C,2025-09-10T10:56:00,29.0609,42.229,-1750,50,9.2873,18.7796,14.4138,8.9936,88.385,0.4736,0.0958,6.7395,50.403,21.282,,,,,,,,,,,,
2025-09_ASTRA_14_33,2025-09_ASTRA,14_33,C,2025-09-10T10:56:00,29.0609,42.229,-1750,51,9.2246,18.7862,14.4269,8.9409,87.744,0.4321,0.0951,6.1356,51.41,21.2551,,,,,,,,,,,,
2025-09_ASTRA_14_33,2025-09_ASTRA,14_33,C,2025-09-10T10:56:00,29.0609,42.229,-1750,52,9.1793,18.792,14.4371,8.8881,87.139,0.4042,0.0944,5.6077,52.419,21.2367,,,,,,,,,,,,
2025-09_ASTRA_14_33,2025-09_ASTRA,14_33,C,2025-09-10T10:56:00,29.0609,42.229,-1750,53,9.1374,18.798,14.447,8.8461,86.647,0.3762,0.097,5.1178,53.427,21.2205,,,,,,,,,,,,
2025-09_ASTRA_14_33,2025-09_ASTRA,14_33,C,2025-09-10T10:56:00,29.0609,42.229,-1750,54,9.1135,18.809,14.4585,8.7085,85.26,0.3183,0.0942,4.6931,54.435,21.2191,,,,,,,,,,,,
2025-09_ASTRA_14_33,2025-09_ASTRA,14_33,C,2025-09-10T10:56:00,29.0609,42.229,-1750,55,9.0824,18.8256,14.4753,8.6299,84.439,0.2522,0.09,4.3122,55.443,21.2197,,,,,,,,,,,,
2025-09_ASTRA_14_33,2025-09_ASTRA,14_33,C,2025-09-10T10:56:00,29.0609,42.229,-1750,56,9.0068,18.833,14.4905,8.6742,84.729,0.2176,0.0901,3.9603,56.452,21.1865,,,,,,,,,,,,
2025-09_ASTRA_14_33,2025-09_ASTRA,14_33,C,2025-09-10T10:56:00,29.0609,42.229,-1750,57,8.9332,18.8318,14.4985,8.7281,85.111,0.209,0.0874,3.6406,57.459,21.1455,,,,,,,,,,,,
2025-09_ASTRA_14_33,2025-09_ASTRA,14_33,C,2025-09-10T10:56:00,29.0609,42.229,-1750,58,8.9143,18.8371,14.505,8.7531,85.32,0.1877,0.0861,3.359,58.468,21.1411,,,,,,,,,,,,
2025-09_ASTRA_14_33,2025-09_ASTRA,14_33,C,2025-09-10T10:56:00,29.0609,42.229,-1750,59,8.9101,18.8504,14.5159,8.7281,85.076,0.1729,0.0897,3.1055,59.476,21.1527,,,,,,,,,,,,
2025-09_ASTRA_14_33,2025-09_ASTRA,14_33,C,2025-09-10T10:56:00,29.0609,42.229,-1750,60,8.9385,18.872,14.5292,8.5312,83.221,0.1553,0.0913,2.8624,60.484,21.1906,,,,,,,,,,,,
2025-09_ASTRA_14_33,2025-09_ASTRA,14_33,C,2025-09-10T10:56:00,29.0609,42.229,-1750,61,8.9696,18.9002,14.5474,8.2182,80.24,0.1309,0.0966,2.6399,61.492,21.2368,,,,,,,,,,,,
2025-09_ASTRA_14_33,2025-09_ASTRA,14_33,C,2025-09-10T10:56:00,29.0609,42.229,-1750,62,8.9583,18.9201,14.5643,7.984,77.944,0.1179,0.1004,2.4399,62.501,21.2514,,,,,,,,,,,,
2025-09_ASTRA_14_33,2025-09_ASTRA,14_33,C,2025-09-10T10:56:00,29.0609,42.229,-1750,63,8.9425,18.9352,14.578,7.8493,76.61,0.1094,0.1002,2.2568,63.509,21.2586,,,,,,,,,,,,
2025-09_ASTRA_14_33,2025-09_ASTRA,14_33,C,2025-09-10T10:56:00,29.0609,42.229,-1750,64,8.924,18.9445,14.5875,7.7937,76.038,0.099,0.1016,2.0823,64.517,21.2583,,,,,,,,,,,,
2025-09_ASTRA_14_33,2025-09_ASTRA,14_33,C,2025-09-10T10:56:00,29.0609,42.229,-1750,65,8.909,18.9522,14.5954,7.7268,75.364,0.0882,0.1029,1.9164,65.526,21.2583,,,,,,,,,,,,
2025-09_ASTRA_14_33,2025-09_ASTRA,14_33,C,2025-09-10T10:56:00,29.0609,42.229,-1750,66,8.9177,18.9673,14.6061,7.5831,73.984,0.0828,0.1066,1.77,66.534,21.2789,,,,,,,,,,,,
2025-09_ASTRA_14_33,2025-09_ASTRA,14_33,C,2025-09-10T10:56:00,29.0609,42.229,-1750,67,8.8682,18.9929,14.6321,7.5587,73.674,0.0764,0.1112,1.6362,67.542,21.2784,,,,,,,,,,,,
2025-09_ASTRA_14_33,2025-09_ASTRA,14_33,C,2025-09-10T10:56:00,29.0609,42.229,-1750,68,8.8261,19.0218,14.6598,7.5633,73.661,0.0619,0.1128,1.5074,68.55,21.2853,,,,,,,,,,,,
2025-09_ASTRA_14_33,2025-09_ASTRA,14_33,C,2025-09-10T10:56:00,29.0609,42.229,-1750,69,8.8047,19.0509,14.685,7.4853,72.879,0.0615,0.1165,1.3802,69.559,21.3036,,,,,,,,,,,,
2025-09_ASTRA_14_33,2025-09_ASTRA,14_33,C,2025-09-10T10:56:00,29.0609,42.229,-1750,70,8.7963,19.1004,14.7247,7.3444,71.516,0.0693,0.1118,1.2689,70.567,21.3499,,,,,,,,,,,,
2025-09_ASTRA_14_33,2025-09_ASTRA,14_33,C,2025-09-10T10:56:00,29.0609,42.229,-1750,71,8.758,19.1657,14.7803,7.1504,69.596,0.0744,0.1043,1.1726,71.575,21.3959,,,,,,,,,,,,
2025-09_ASTRA_14_33,2025-09_ASTRA,14_33,C,2025-09-10T10:56:00,29.0609,42.229,-1750,72,8.7588,19.2418,14.8396,6.781,66.034,0.0801,0.0976,1.0809,72.584,21.4744,,,,,,,,,,,,
2025-09_ASTRA_14_33,2025-09_ASTRA,14_33,C,2025-09-10T10:56:00,29.0609,42.229,-1750,73,8.8039,19.3402,14.9108,6.2757,61.213,0.0809,0.0973,0.9973,73.592,21.6002,,,,,,,,,,,,
2025-09_ASTRA_14_33,2025-09_ASTRA,14_33,C,2025-09-10T10:56:00,29.0609,42.229,-1750,74,8.837,19.4012,14.9542,5.7687,56.335,0.072,0.1057,0.9251,74.6,21.6811,,,,,,,,,,,,
2025-09_ASTRA_14_33,2025-09_ASTRA,14_33,C,2025-09-10T10:56:00,29.0609,42.229,-1750,75,8.8891,19.4642,14.9969,5.2309,51.164,0.0567,0.1106,0.8574,75.608,21.7749,,,,,,,,,,,,
2025-09_ASTRA_14_33,2025-09_ASTRA,14_33,C,2025-09-10T10:56:00,29.0609,42.229,-1750,76,8.938,19.5513,15.0588,4.6834,45.886,0.0566,0.1096,0.7932,76.617,21.8918,,,,,,,,,,,,
2025-09_ASTRA_14_33,2025-09_ASTRA,14_33,C,2025-09-10T10:56:00,29.0609,42.229,-1750,77,8.9478,19.615,15.1073,4.2264,41.435,0.0604,0.1137,0.7373,77.625,21.9628,,,,,,,,,,,,
2025-09_ASTRA_14_33,2025-09_ASTRA,14_33,C,2025-09-10T10:56:00,29.0609,42.229,-1750,78,8.9767,19.6839,15.1574,3.8065,37.36,0.0663,0.1162,0.6817,78.633,22.05,,,,,,,,,,,,
2025-09_ASTRA_14_33,2025-09_ASTRA,14_33,C,2025-09-10T10:56:00,29.0609,42.229,-1750,79,8.9979,19.7315,15.1918,3.4422,33.811,0.0711,0.1113,0.6311,79.642,22.111,,,,,,,,,,,,
2025-09_ASTRA_14_33,2025-09_ASTRA,14_33,C,2025-09-10T10:56:00,29.0609,42.229,-1750,80,9.014,19.7689,15.219,3.1191,30.657,0.0726,0.107,0.5867,80.65,22.1588,,,,,,,,,,,,
2025-09_ASTRA_14_33,2025-09_ASTRA,14_33,C,2025-09-10T10:56:00,29.0609,42.229,-1750,81,9.0361,19.8344,15.2673,2.7634,27.185,0.0773,0.1135,0.5458,81.658,22.2388,,,,,,,,,,,,
2025-09_ASTRA_14_33,2025-09_ASTRA,14_33,C,2025-09-10T10:56:00,29.0609,42.229,-1750,82,9.0586,19.9112,15.3242,2.3882,23.519,0.0722,0.1202,0.5034,82.667,22.3306,,,,,,,,,,,,
2025-09_ASTRA_14_33,2025-09_ASTRA,14_33,C,2025-09-10T10:56:00,29.0609,42.229,-1750,83,9.0327,19.9765,15.3784,2.1077,20.752,0.0668,0.1184,0.4566,83.675,22.3831,,,,,,,,,,,,
2025-09_ASTRA_14_33,2025-09_ASTRA,14_33,C,2025-09-10T10:56:00,29.0609,42.229,-1750,84,9.0548,19.9843,15.3817,1.8658,18.381,0.0748,0.114,0.3682,84.683,22.4039,,,,,,,,,,,,
2025-09_ASTRA_14_33,2025-09_ASTRA,14_33,C,2025-09-10T10:56:00,29.0609,42.229,-1750,85,9.0369,20.0506,15.4357,1.5929,15.693,0.07,0.1184,0.2906,85.692,22.4619,,,,,,,,,,,,
2025-09_ASTRA_14_33,2025-09_ASTRA,14_33,C,2025-09-10T10:56:00,29.0609,42.229,-1750,86,9.0293,20.0942,15.4706,1.3762,13.559,0.0662,0.1299,0.2923,86.7,22.5024,,,,,,,,,,,,
2025-09_ASTRA_14_33,2025-09_ASTRA,14_33,C,2025-09-10T10:56:00,29.0609,42.229,-1750,87,9.0261,20.129,15.4981,1.2274,12.095,0.0608,0.138,0.3007,87.708,22.5365,,,,,,,,,,,,
2025-09_ASTRA_14_33,2025-09_ASTRA,14_33,C,2025-09-10T10:56:00,29.0609,42.229,-1750,88,9.0201,20.153,15.5176,1.1222,11.059,0.0602,0.1448,0.2877,88.717,22.5579,,,,,,,,,,,,
2025-09_ASTRA_14_33,2025-09_ASTRA,14_33,C,2025-09-10T10:56:00,29.0609,42.229,-1750,89,9.0322,20.1701,15.5294,1.028,10.134,0.0586,0.1485,0.2633,89.725,22.5827,,,,,,,,,,,,
2025-09_ASTRA_14_33,2025-09_ASTRA,14_33,C,2025-09-10T10:56:00,29.0609,42.229,-1750,90,9.0079,20.2037,15.5587,0.954,9.402,0.05,0.151,0.2256,90.733,22.6033,,,,,,,,,,,,
2025-09_ASTRA_14_33,2025-09_ASTRA,14_33,C,2025-09-10T10:56:00,29.0609,42.229,-1750,91,8.9957,20.2245,15.5764,0.8719,8.591,0.0517,0.1525,0.1806,91.742,22.6178,,,,,,,,,,,,
2025-09_ASTRA_14_33,2025-09_ASTRA,14_33,C,2025-09-10T10:56:00,29.0609,42.229,-1750,92,8.997,20.2409,15.589,0.715,7.046,0.0489,0.138,0.1493,92.75,22.6356,,,,,,,,,,,,
2025-09_ASTRA_14_33,2025-09_ASTRA,14_33,C,2025-09-10T10:56:00,29.0609,42.229,-1750,93,9.0028,20.2659,15.6077,0.5666,5.585,0.0387,0.1229,0.1232,93.758,22.6648,,,,,,,,,,,,
2025-09_ASTRA_14_33,2025-09_ASTRA,14_33,C,2025-09-10T10:56:00,29.0609,42.229,-1750,94,9.0023,20.2863,15.6238,0.4994,4.924,0.0402,0.1146,0.1128,94.767,22.6857,,,,,,,,,,,,
2025-09_ASTRA_14_33,2025-09_ASTRA,14_33,C,2025-09-10T10:56:00,29.0609,42.229,-1750,95,8.9912,20.313,15.6459,0.4484,4.42,0.0501,0.1022,0.121,95.775,22.7068,,,,,,,,,,,,
2025-09_ASTRA_14_33,2025-09_ASTRA,14_33,C,2025-09-10T10:56:00,29.0609,42.229,-1750,96,8.9782,20.3564,15.6815,0.3985,3.928,0.0576,0.0995,0.1161,96.784,22.7439,,,,,,,,,,,,
2025-09_ASTRA_14_33,2025-09_ASTRA,14_33,C,2025-09-10T10:56:00,29.0609,42.229,-1750,97,8.9744,20.3865,15.7054,0.3611,3.56,0.06,0.0966,0.1073,97.792,22.7726,,,,,,,,,,,,
2025-09_ASTRA_14_33,2025-09_ASTRA,14_33,C,2025-09-10T10:56:00,29.0609,42.229,-1750,98,8.9717,20.4194,15.7314,0.31,3.056,0.0648,0.0888,0.1058,98.801,22.805,,,,,,,,,,,,
2025-09_ASTRA_14_33,2025-09_ASTRA,14_33,C,2025-09-10T10:56:00,29.0609,42.229,-1750,99,8.9724,20.4764,15.7758,0.2581,2.546,0.077,0.0884,0.1064,99.809,22.8639,,,,,,,,,,,,
2025-09_ASTRA_14_33,2025-09_ASTRA,14_33,C,2025-09-10T10:56:00,29.0609,42.229,-1750,100,8.9626,20.5174,15.809,0.2297,2.266,0.07,0.0901,0.1063,100.817,22.9002,,,,,,,,,,,,
2025-09_ASTRA_14_33,2025-09_ASTRA,14_33,C,2025-09-10T10:56:00,29.0609,42.229,-1750,101,8.9721,20.4929,15.7886,0.22,2.17,0.0668,0.0928,0.1064,101.826,22.881,,,,,,,,,,,,
2025-09_ASTRA_15_34,2025-09_ASTRA,15_34,C,2025-09-10T15:29:00,28.327801,41.850399,-64,1,25.1572,18.8948,11.1747,7.3792,99.699,0.1567,0.1294,93.67,1.008,30.5723,8.431,24.0,176.0,17.0,0.02,0.2183,0.1744,0.05,0.2261,9.1416,0.077,7.2314
2025-09_ASTRA_15_34,2025-09_ASTRA,15_34,C,2025-09-10T15:29:00,28.327801,41.850399,-64,2,25.1557,18.8949,11.1753,7.3423,99.198,0.1583,0.1282,74.97,2.016,30.5719,,,,,,,,,,,,
2025-09_ASTRA_15_34,2025-09_ASTRA,15_34,C,2025-09-10T15:29:00,28.327801,41.850399,-64,3,25.1516,18.8949,11.1764,7.3053,98.692,0.1479,0.128,63.352,3.024,30.5695,,,,,,,,,,,,
2025-09_ASTRA_15_34,2025-09_ASTRA,15_34,C,2025-09-10T15:29:00,28.327801,41.850399,-64,4,25.1455,18.8945,11.1778,7.3229,98.919,0.1582,0.1255,58.001,4.032,30.5655,,,,,,,,,,,,
2025-09_ASTRA_15_34,2025-09_ASTRA,15_34,C,2025-09-10T15:29:00,28.327801,41.850399,-64,5,25.1231,18.8934,11.1834,7.3306,98.983,0.1587,0.1396,53.652,5.04,30.5506,,,,,,,,,,,,
2025-09_ASTRA_15_34,2025-09_ASTRA,15_34,C,2025-09-10T15:29:00,28.327801,41.850399,-64,6,25.084,18.8924,11.1937,7.3307,98.915,0.1634,0.134,50.697,6.048,30.5258,,,,,,,,,,,,
2025-09_ASTRA_15_34,2025-09_ASTRA,15_34,C,2025-09-10T15:29:00,28.327801,41.850399,-64,7,25.0247,18.8909,11.2093,7.3455,99.01,0.1605,0.1311,46.425,7.055,30.4878,,,,,,,,,,,,
2025-09_ASTRA_15_34,2025-09_ASTRA,15_34,C,2025-09-10T15:29:00,28.327801,41.850399,-64,8,24.9114,18.8885,11.2396,7.3758,99.219,0.1657,0.1278,42.828,8.063,30.4158,,,,,,,,,,,,
2025-09_ASTRA_15_34,2025-09_ASTRA,15_34,C,2025-09-10T15:29:00,28.327801,41.850399,-64,9,24.879,18.8877,11.2481,7.3478,98.785,0.1743,0.1293,40.168,9.071,30.3952,,,,,,,,,,,,
2025-09_ASTRA_15_34,2025-09_ASTRA,15_34,C,2025-09-10T15:29:00,28.327801,41.850399,-64,10,24.8626,18.8878,11.2528,7.3431,98.694,0.1683,0.1346,36.543,10.079,30.3857,,,,,,,,,,,,
2025-09_ASTRA_15_34,2025-09_ASTRA,15_34,C,2025-09-10T15:29:00,28.327801,41.850399,-64,11,24.8572,18.888,11.2545,7.388,99.286,0.171,0.1266,33.882,11.087,30.383,,,,,,,,,,,,
2025-09_ASTRA_15_34,2025-09_ASTRA,15_34,C,2025-09-10T15:29:00,28.327801,41.850399,-64,12,24.8524,18.8883,11.2561,7.3914,99.326,0.1726,0.1369,31.43,12.095,30.3809,,,,,,,,,,,,
2025-09_ASTRA_15_34,2025-09_ASTRA,15_34,C,2025-09-10T15:29:00,28.327801,41.850399,-64,13,24.8481,18.8886,11.2574,7.3801,99.166,0.1788,0.1401,28.994,13.103,30.3788,,,,,,,,,,,,
2025-09_ASTRA_15_34,2025-09_ASTRA,15_34,C,2025-09-10T15:29:00,28.327801,41.850399,-64,14,24.8441,18.8888,11.2587,7.3499,98.753,0.1815,0.1357,26.994,14.111,30.3771,,,,,,,,,,,,
2025-09_ASTRA_15_34,2025-09_ASTRA,15_34,C,2025-09-10T15:29:00,28.327801,41.850399,-64,15,24.839,18.889,11.2604,7.3425,98.644,0.1828,0.133,25.051,15.119,30.3745,,,,,,,,,,,,
2025-09_ASTRA_15_34,2025-09_ASTRA,15_34,C,2025-09-10T15:29:00,28.327801,41.850399,-64,16,24.835,18.8891,11.2616,7.3751,99.075,0.184,0.1347,22.972,16.127,30.3725,,,,,,,,,,,,
2025-09_ASTRA_15_34,2025-09_ASTRA,15_34,C,2025-09-10T15:29:00,28.327801,41.850399,-64,17,24.8327,18.8893,11.2624,7.3669,98.961,0.187,0.1356,21.249,17.135,30.3717,,,,,,,,,,,,
2025-09_ASTRA_15_34,2025-09_ASTRA,15_34,C,2025-09-10T15:29:00,28.327801,41.850399,-64,18,24.8306,18.8895,11.2631,7.3181,98.302,0.1798,0.1388,19.665,18.143,30.371,,,,,,,,,,,,
2025-09_ASTRA_15_34,2025-09_ASTRA,15_34,C,2025-09-10T15:29:00,28.327801,41.850399,-64,19,24.8271,18.8896,11.2641,7.3254,98.394,0.1935,0.1398,18.043,19.151,30.3692,,,,,,,,,,,,
2025-09_ASTRA_15_34,2025-09_ASTRA,15_34,C,2025-09-10T15:29:00,28.327801,41.850399,-64,20,24.8255,18.8898,11.2647,7.3652,98.926,0.2157,0.139,16.517,20.159,30.3688,,,,,,,,,,,,
2025-09_ASTRA_15_34,2025-09_ASTRA,15_34,C,2025-09-10T15:29:00,28.327801,41.850399,-64,21,24.824,18.8899,11.2652,7.3211,98.331,0.2206,0.1335,15.157,21.167,30.3683,,,,,,,,,,,,
2025-09_ASTRA_15_34,2025-09_ASTRA,15_34,C,2025-09-10T15:29:00,28.327801,41.850399,-64,22,24.8201,18.8899,11.2663,7.304,98.095,0.219,0.1444,13.908,22.175,30.3663,,,,,,,,,,,,
2025-09_ASTRA_15_34,2025-09_ASTRA,15_34,C,2025-09-10T15:29:00,28.327801,41.850399,-64,23,24.8153,18.8899,11.2677,7.2949,97.964,0.2285,0.1459,12.728,23.183,30.3635,,,,,,,,,,,,
2025-09_ASTRA_15_34,2025-09_ASTRA,15_34,C,2025-09-10T15:29:00,28.327801,41.850399,-64,24,24.8085,18.8897,11.2695,7.3023,98.052,0.2478,0.1261,11.674,24.191,30.3595,,,,,,,,,,,,
2025-09_ASTRA_15_34,2025-09_ASTRA,15_34,C,2025-09-10T15:29:00,28.327801,41.850399,-64,25,24.8066,18.8896,11.2699,7.3322,98.451,0.2666,0.121,10.706,25.199,30.3584,,,,,,,,,,,,
2025-09_ASTRA_15_34,2025-09_ASTRA,15_34,C,2025-09-10T15:29:00,28.327801,41.850399,-64,26,24.8005,18.8892,11.2714,7.3173,98.238,0.2679,0.1242,9.8097,26.207,30.3544,,,,,,,,,,,,
2025-09_ASTRA_15_34,2025-09_ASTRA,15_34,C,2025-09-10T15:29:00,28.327801,41.850399,-64,27,24.791,18.8886,11.2735,7.301,98.003,0.2786,0.1229,8.9804,27.215,30.348,,,,,,,,,,,,
2025-09_ASTRA_15_34,2025-09_ASTRA,15_34,C,2025-09-10T15:29:00,28.327801,41.850399,-64,28,24.7867,18.8885,11.2746,7.3506,98.661,0.2848,0.1259,8.2434,28.223,30.3454,,,,,,,,,,,,
2025-09_ASTRA_15_34,2025-09_ASTRA,15_34,C,2025-09-10T15:29:00,28.327801,41.850399,-64,29,24.7832,18.8885,11.2756,7.3485,98.627,0.289,0.1252,7.5604,29.231,30.3436,,,,,,,,,,,,
2025-09_ASTRA_15_34,2025-09_ASTRA,15_34,C,2025-09-10T15:29:00,28.327801,41.850399,-64,30,24.7802,18.8888,11.2767,7.3156,98.18,0.2959,0.1281,6.9225,30.239,30.3425,,,,,,,,,,,,
2025-09_ASTRA_15_34,2025-09_ASTRA,15_34,C,2025-09-10T15:29:00,28.327801,41.850399,-64,31,24.7778,18.8888,11.2774,7.305,98.034,0.3024,0.134,6.3447,31.247,30.3414,,,,,,,,,,,,
2025-09_ASTRA_15_34,2025-09_ASTRA,15_34,C,2025-09-10T15:29:00,28.327801,41.850399,-64,32,24.7736,18.8879,11.2779,7.2321,97.048,0.3148,0.131,5.806,32.255,30.3377,,,,,,,,,,,,
2025-09_ASTRA_15_34,2025-09_ASTRA,15_34,C,2025-09-10T15:29:00,28.327801,41.850399,-64,33,24.5855,18.8658,11.3138,7.2118,96.435,0.4436,0.1361,5.3225,33.263,30.1923,,,,,,,,,,,,
2025-09_ASTRA_15_34,2025-09_ASTRA,15_34,C,2025-09-10T15:29:00,28.327801,41.850399,-64,34,22.5157,18.7924,11.8123,8.058,103.651,0.7908,0.1442,4.8585,34.271,28.8484,,,,,,,,,,,,
2025-09_ASTRA_15_34,2025-09_ASTRA,15_34,C,2025-09-10T15:29:00,28.327801,41.850399,-64,35,19.6291,18.6948,12.4577,9.1273,111.253,1.143,0.1552,4.3676,35.279,27.0125,,,,,,,,,,,,
2025-09_ASTRA_15_34,2025-09_ASTRA,15_34,C,2025-09-10T15:29:00,28.327801,41.850399,-64,36,17.7147,18.6621,12.8645,9.5587,112.256,1.3768,0.1602,3.7853,36.287,25.8615,,,,,,,,,,,,
2025-09_ASTRA_15_34,2025-09_ASTRA,15_34,C,2025-09-10T15:29:00,28.327801,41.850399,-64,37,16.0645,18.6431,13.1946,9.5131,108.091,1.474,0.1608,3.1764,37.295,24.8942,,,,,,,,,,,,
2025-09_ASTRA_15_34,2025-09_ASTRA,15_34,C,2025-09-10T15:29:00,28.327801,41.850399,-64,38,14.3186,18.6367,13.5257,9.4298,103.344,1.4126,0.1589,2.637,38.304,23.8998,8.345,16.8,178.8,,0.0289,0.2805,4.8815,0.05,0.0687,8.5809,0.594,9.2861
2025-09_ASTRA_15_34,2025-09_ASTRA,15_34,C,2025-09-10T15:29:00,28.327801,41.850399,-64,39,12.6311,18.6205,13.8032,9.706,102.615,1.2284,0.1548,2.2181,39.312,22.9415,,,,,,,,,,,,
2025-09_ASTRA_15_34,2025-09_ASTRA,15_34,C,2025-09-10T15:29:00,28.327801,41.850399,-64,40,11.5899,18.6125,13.9615,9.8013,101.308,1.0086,0.1471,1.8956,40.319,22.3588,,,,,,,,,,,,
2025-09_ASTRA_15_34,2025-09_ASTRA,15_34,C,2025-09-10T15:29:00,28.327801,41.850399,-64,41,10.8695,18.6291,14.0822,9.7016,98.708,0.8578,0.138,1.6421,41.328,21.9822,,,,,,,,,,,,
2025-09_ASTRA_15_34,2025-09_ASTRA,15_34,C,2025-09-10T15:29:00,28.327801,41.850399,-64,42,10.4109,18.6403,14.1562,9.6371,97.059,0.752,0.1329,1.44,42.335,21.7443,,,,,,,,,,,,
2025-09_ASTRA_15_34,2025-09_ASTRA,15_34,C,2025-09-10T15:29:00,28.327801,41.850399,-64,43,10.1582,18.6582,14.2048,9.6344,96.495,0.6886,0.132,1.2764,43.344,21.626,,,,,,,,,,,,
2025-09_ASTRA_15_34,2025-09_ASTRA,15_34,C,2025-09-10T15:29:00,28.327801,41.850399,-64,44,10.0048,18.6747,14.2385,9.6124,95.952,0.639,0.1273,1.1397,44.352,21.5604,,,,,,,,,,,,
2025-09_ASTRA_15_34,2025-09_ASTRA,15_34,C,2025-09-10T15:29:00,28.327801,41.850399,-64,45,9.8521,18.6908,14.2714,9.5218,94.73,0.6194,0.127,1.0231,45.36,21.4946,,,,,,,,,,,,
2025-09_ASTRA_15_34,2025-09_ASTRA,15_34,C,2025-09-10T15:29:00,28.327801,41.850399,-64,46,9.7565,18.7086,14.298,9.4265,93.591,0.6173,0.1246,0.8943,46.368,21.4617,,,,,,,,,,,,
2025-09_ASTRA_15_34,2025-09_ASTRA,15_34,C,2025-09-10T15:29:00,28.327801,41.850399,-64,47,9.6467,18.7257,14.3257,9.3341,92.453,0.6221,0.1235,0.8185,47.377,21.4202,,,,,,,,,,,,
2025-09_ASTRA_15_34,2025-09_ASTRA,15_34,C,2025-09-10T15:29:00,28.327801,41.850399,-64,48,9.5295,18.7446,14.3555,9.075,89.659,0.641,0.123,0.7457,48.385,21.3765,,,,,,,,,,,,
2025-09_ASTRA_15_34,2025-09_ASTRA,15_34,C,2025-09-10T15:29:00,28.327801,41.850399,-64,49,9.3568,18.7806,14.4058,8.7975,86.597,0.6351,0.1302,0.6688,49.393,21.3205,,,,,,,,,,,,
2025-09_ASTRA_15_34,2025-09_ASTRA,15_34,C,2025-09-10T15:29:00,28.327801,41.850399,-64,50,9.1764,18.7949,14.4396,8.7707,85.984,0.5574,0.127,0.6026,50.401,21.2376,8.28,13.2,169.8,,0.1553,0.2811,8.2406,0.3,0.1275,8.5864,0.211,8.2283
2025-09_ASTRA_15_34,2025-09_ASTRA,15_34,C,2025-09-10T15:29:00,28.327801,41.850399,-64,51,9.0879,18.8006,14.4551,8.7628,85.736,0.4257,0.1266,0.5431,51.409,21.1957,,,,,,,,,,,,
2025-09_ASTRA_15_34,2025-09_ASTRA,15_34,C,2025-09-10T15:29:00,28.327801,41.850399,-64,52,9.0281,18.8157,14.4743,8.5963,84.0,0.3526,0.145,0.4892,52.417,21.1791,,,,,,,,,,,,
2025-09_ASTRA_15_34,2025-09_ASTRA,15_34,C,2025-09-10T15:29:00,28.327801,41.850399,-64,53,9.0296,18.8335,14.488,8.417,82.26,0.3333,0.1634,0.4415,53.425,21.1985,,,,,,,,,,,,
2025-09_ASTRA_15_34,2025-09_ASTRA,15_34,C,2025-09-10T15:29:00,28.327801,41.850399,-64,54,9.0315,18.869,14.5155,8.2569,80.717,0.3487,0.1628,0.4021,54.433,21.2364,,,,,,,,,,,,
2025-09_ASTRA_15_34,2025-09_ASTRA,15_34,C,2025-09-10T15:29:00,28.327801,41.850399,-64,55,9.0294,18.8921,14.5337,8.222,80.385,0.3353,0.1637,0.3562,55.442,21.2593,,,,,,,,,,,,
2025-09_ASTRA_15_34,2025-09_ASTRA,15_34,C,2025-09-10T15:29:00,28.327801,41.850399,-64,56,9.0113,18.9263,14.5626,7.8361,76.596,0.2443,0.1916,0.2653,56.45,21.285,,,,,,,,,,,,
2025-09_ASTRA_15_34,2025-09_ASTRA,15_34,C,2025-09-10T15:29:00,28.327801,41.850399,-64,57,9.0505,18.947,14.574,7.3204,71.632,0.1982,0.277,0.049,57.458,21.328,,,,,,,,,,,,
2025-09_ASTRA_16_27,2025-09_ASTRA,16_27,C,2025-09-11T03:53:00,28.673401,43.3699,-70,3,24.383,18.5758,11.1526,7.3745,98.099,0.375,0.4951,11.515,3.024,29.6412,8.427,22.8,187.9,,0.02,0.2185,1.0246,0.05,0.1016,6.7404,0.208,7.2551
2025-09_ASTRA_16_27,2025-09_ASTRA,16_27,C,2025-09-11T03:53:00,28.673401,43.3699,-70,4,24.3835,18.645,11.2044,7.3445,97.74,0.3676,0.3451,8.5744,4.032,29.7422,,,,,,,,,,,,
2025-09_ASTRA_16_27,2025-09_ASTRA,16_27,C,2025-09-11T03:53:00,28.673401,43.3699,-70,5,24.3821,18.6809,11.2318,7.3303,97.569,0.3563,0.2765,8.7698,5.04,29.7937,,,,,,,,,,,,
2025-09_ASTRA_16_27,2025-09_ASTRA,16_27,C,2025-09-11T03:53:00,28.673401,43.3699,-70,6,24.3782,18.6811,11.2329,7.3004,97.163,0.3509,0.2423,7.7455,6.048,29.7917,,,,,,,,,,,,
2025-09_ASTRA_16_27,2025-09_ASTRA,16_27,C,2025-09-11T03:53:00,28.673401,43.3699,-70,7,24.38,18.681,11.2324,7.3094,97.287,0.3533,0.2112,6.9488,7.056,29.7931,,,,,,,,,,,,
2025-09_ASTRA_16_27,2025-09_ASTRA,16_27,C,2025-09-11T03:53:00,28.673401,43.3699,-70,8,24.3855,18.6809,11.2308,7.2806,96.913,0.3507,0.204,6.5562,8.064,29.7965,,,,,,,,,,,,
2025-09_ASTRA_16_27,2025-09_ASTRA,16_27,C,2025-09-11T03:53:00,28.673401,43.3699,-70,9,24.3921,18.6808,11.2288,7.2698,96.781,0.3541,0.2033,5.819,9.072,29.8005,,,,,,,,,,,,
2025-09_ASTRA_16_27,2025-09_ASTRA,16_27,C,2025-09-11T03:53:00,28.673401,43.3699,-70,10,24.3927,18.6809,11.2288,7.2866,97.005,0.3552,0.2041,5.1878,10.081,29.8013,,,,,,,,,,,,
2025-09_ASTRA_16_27,2025-09_ASTRA,16_27,C,2025-09-11T03:53:00,28.673401,43.3699,-70,11,24.3941,18.6809,11.2284,7.2591,96.64,0.3507,0.2177,4.7731,11.088,29.8025,,,,,,,,,,,,
2025-09_ASTRA_16_27,2025-09_ASTRA,16_27,C,2025-09-11T03:53:00,28.673401,43.3699,-70,12,24.3925,18.6813,11.2292,7.2082,95.961,0.3456,0.2256,4.2826,12.097,29.8023,,,,,,,,,,,,
2025-09_ASTRA_16_27,2025-09_ASTRA,16_27,C,2025-09-11T03:53:00,28.673401,43.3699,-70,13,24.3927,18.6812,11.229,7.2872,97.013,0.3475,0.2129,3.2256,13.105,29.8025,,,,,,,,,,,,
2025-09_ASTRA_16_27,2025-09_ASTRA,16_27,C,2025-09-11T03:53:00,28.673401,43.3699,-70,14,24.3925,18.6811,11.2289,7.3051,97.251,0.3502,0.2207,3.2472,14.113,29.8026,,,,,,,,,,,,
2025-09_ASTRA_16_27,2025-09_ASTRA,16_27,C,2025-09-11T03:53:00,28.673401,43.3699,-70,15,24.3935,18.6812,11.2288,7.2081,95.963,0.3533,0.2345,3.1578,15.121,29.8035,,,,,,,,,,,,
2025-09_ASTRA_16_27,2025-09_ASTRA,16_27,C,2025-09-11T03:53:00,28.673401,43.3699,-70,16,24.3958,18.6812,11.2281,7.2067,95.947,0.3598,0.2286,2.6667,16.129,29.8052,,,,,,,,,,,,
2025-09_ASTRA_16_27,2025-09_ASTRA,16_27,C,2025-09-11T03:53:00,28.673401,43.3699,-70,17,24.3951,18.6812,11.2283,7.2725,96.822,0.3539,0.2171,1.9827,17.137,29.805,,,,,,,,,,,,
2025-09_ASTRA_16_27,2025-09_ASTRA,16_27,C,2025-09-11T03:53:00,28.673401,43.3699,-70,18,24.3955,18.6812,11.2283,7.2085,95.97,0.355,0.2194,2.0229,18.145,29.8056,,,,,,,,,,,,
2025-09_ASTRA_16_27,2025-09_ASTRA,16_27,C,2025-09-11T03:53:00,28.673401,43.3699,-70,19,24.3961,18.6812,11.2281,7.2117,96.014,0.3507,0.217,1.9341,19.154,29.8062,,,,,,,,,,,,
2025-09_ASTRA_16_27,2025-09_ASTRA,16_27,C,2025-09-11T03:53:00,28.673401,43.3699,-70,20,24.3961,18.6813,11.2281,7.2478,96.495,0.3456,0.1991,1.5558,20.162,29.8066,,,,,,,,,,,,
2025-09_ASTRA_16_27,2025-09_ASTRA,16_27,C,2025-09-11T03:53:00,28.673401,43.3699,-70,21,24.397,18.6813,11.2279,7.2356,96.334,0.3556,0.1918,1.4906,21.17,29.8073,,,,,,,,,,,,
2025-09_ASTRA_16_27,2025-09_ASTRA,16_27,C,2025-09-11T03:53:00,28.673401,43.3699,-70,22,24.3945,18.6803,11.2278,7.1626,95.357,0.4113,0.2203,1.4966,22.178,29.8047,,,,,,,,,,,,
2025-09_ASTRA_16_27,2025-09_ASTRA,16_27,C,2025-09-11T03:53:00,28.673401,43.3699,-70,23,24.2652,18.683,11.2656,6.9871,92.808,0.614,0.3646,1.3868,23.186,29.7315,,,,,,,,,,,,
2025-09_ASTRA_16_27,2025-09_ASTRA,16_27,C,2025-09-11T03:53:00,28.673401,43.3699,-70,24,24.1529,18.6801,11.2944,6.857,90.895,0.7758,0.5028,1.2545,24.194,29.6603,,,,,,,,,,,,
2025-09_ASTRA_16_27,2025-09_ASTRA,16_27,C,2025-09-11T03:53:00,28.673401,43.3699,-70,25,23.9215,18.6888,11.3643,6.9224,91.387,0.8545,0.5027,0.9752,25.202,29.5348,,,,,,,,,,,,
2025-09_ASTRA_16_27,2025-09_ASTRA,16_27,C,2025-09-11T03:53:00,28.673401,43.3699,-70,26,23.9073,18.6858,11.3659,6.848,90.382,0.843,0.4825,0.7481,26.21,29.5224,,,,,,,,,,,,
2025-09_ASTRA_16_27,2025-09_ASTRA,16_27,C,2025-09-11T03:53:00,28.673401,43.3699,-70,27,23.6892,18.6926,11.4304,6.8032,89.442,0.8538,0.5631,0.7515,27.219,29.4021,,,,,,,,,,,,
2025-09_ASTRA_16_27,2025-09_ASTRA,16_27,C,2025-09-11T03:53:00,28.673401,43.3699,-70,28,23.6496,18.6932,11.4417,6.7493,88.67,0.856,0.6081,0.6498,28.226,29.3796,,,,,,,,,,,,
2025-09_ASTRA_16_27,2025-09_ASTRA,16_27,C,2025-09-11T03:53:00,28.673401,43.3699,-70,29,23.6443,18.6939,11.4436,6.7367,88.496,0.8402,0.5754,0.5382,29.235,29.3777,,,,,,,,,,,,
2025-09_ASTRA_16_27,2025-09_ASTRA,16_27,C,2025-09-11T03:53:00,28.673401,43.3699,-70,30,23.6609,18.6947,11.4397,6.765,88.896,0.8616,0.5101,0.4721,30.243,29.389,,,,,,,,,,,,
2025-09_ASTRA_16_27,2025-09_ASTRA,16_27,C,2025-09-11T03:53:00,28.673401,43.3699,-70,31,23.6113,18.69,11.4495,6.4167,84.242,0.8303,0.5357,0.4064,31.252,29.353,,,,,,,,,,,,
2025-09_ASTRA_16_27,2025-09_ASTRA,16_27,C,2025-09-11T03:53:00,28.673401,43.3699,-70,32,22.7966,18.674,11.6551,6.4336,83.216,0.8403,0.5087,0.3362,32.259,28.8458,,,,,,,,,,,,
2025-09_ASTRA_16_27,2025-09_ASTRA,16_27,C,2025-09-11T03:53:00,28.673401,43.3699,-70,33,19.9686,18.7414,12.411,6.9665,85.493,0.8977,0.4256,0.2795,33.268,27.2707,,,,,,,,,,,,
2025-09_ASTRA_16_27,2025-09_ASTRA,16_27,C,2025-09-11T03:53:00,28.673401,43.3699,-70,34,20.2804,18.8748,12.4368,6.535,80.724,0.9004,0.336,0.2364,34.276,27.6251,,,,,,,,,,,,
2025-09_ASTRA_16_27,2025-09_ASTRA,16_27,C,2025-09-11T03:53:00,28.673401,43.3699,-70,35,18.1813,18.6385,12.7442,7.488,88.7,0.9258,0.2969,0.2056,35.284,26.1002,,,,,,,,,,,,
2025-09_ASTRA_16_27,2025-09_ASTRA,16_27,C,2025-09-11T03:53:00,28.673401,43.3699,-70,36,15.8988,18.6448,13.2286,8.7878,99.476,0.8974,0.2547,0.1747,36.292,24.8021,8.362,17.5,176.9,,0.2455,0.3298,13.0983,0.99,0.0835,8.1478,0.708,9.4127
2025-09_ASTRA_16_27,2025-09_ASTRA,16_27,C,2025-09-11T03:53:00,28.673401,43.3699,-70,37,16.3368,18.6054,13.1116,8.3096,94.899,0.8139,0.2139,0.15,37.301,25.0025,,,,,,,,,,,,
2025-09_ASTRA_16_27,2025-09_ASTRA,16_27,C,2025-09-11T03:53:00,28.673401,43.3699,-70,38,14.2246,18.6953,13.5841,8.838,96.686,0.7878,0.1897,0.1301,38.309,23.9173,,,,,,,,,,,,
2025-09_ASTRA_16_27,2025-09_ASTRA,16_27,C,2025-09-11T03:53:00,28.673401,43.3699,-70,39,12.5338,18.6221,13.8217,9.1148,96.18,0.8025,0.1767,0.1135,39.318,22.8886,,,,,,,,,,,,
2025-09_ASTRA_16_27,2025-09_ASTRA,16_27,C,2025-09-11T03:53:00,28.673401,43.3699,-70,40,10.9387,18.6374,14.0767,9.1079,92.82,0.69,0.1655,0.1079,40.325,22.0294,,,,,,,,,,,,
2025-09_ASTRA_16_27,2025-09_ASTRA,16_27,C,2025-09-11T03:53:00,28.673401,43.3699,-70,41,10.3652,18.6427,14.1641,8.8011,88.556,0.5971,0.1545,0.1062,41.333,21.7218,,,,,,,,,,,,
2025-09_ASTRA_16_27,2025-09_ASTRA,16_27,C,2025-09-11T03:53:00,28.673401,43.3699,-70,42,10.1893,18.6708,14.2104,8.4973,85.174,0.5464,0.1919,0.1058,42.342,21.656,,,,,,,,,,,,
2025-09_ASTRA_16_27,2025-09_ASTRA,16_27,C,2025-09-11T03:53:00,28.673401,43.3699,-70,43,10.082,18.6872,14.2378,8.2733,82.735,0.4434,0.2211,0.1057,43.35,21.6153,,,,,,,,,,,,
2025-09_ASTRA_16_27,2025-09_ASTRA,16_27,C,2025-09-11T03:53:00,28.673401,43.3699,-70,44,9.9674,18.7058,14.2677,8.1293,81.096,0.3309,0.1426,0.1059,44.358,21.5729,,,,,,,,,,,,
2025-09_ASTRA_16_27,2025-09_ASTRA,16_27,C,2025-09-11T03:53:00,28.673401,43.3699,-70,45,9.9375,18.7189,14.282,8.057,80.326,0.2813,0.1418,0.1063,45.367,21.5707,,,,,,,,,,,,
2025-09_ASTRA_16_27,2025-09_ASTRA,16_27,C,2025-09-11T03:53:00,28.673401,43.3699,-70,46,9.9102,18.7276,14.2923,8.0164,79.876,0.2509,0.1504,0.1064,46.374,21.5653,,,,,,,,,,,,
2025-09_ASTRA_16_27,2025-09_ASTRA,16_27,C,2025-09-11T03:53:00,28.673401,43.3699,-70,47,9.8456,18.7386,14.3094,7.9958,79.561,0.2532,0.1683,0.1057,47.383,21.5419,,,,,,,,,,,,
2025-09_ASTRA_16_27,2025-09_ASTRA,16_27,C,2025-09-11T03:53:00,28.673401,43.3699,-70,48,9.8932,18.7507,14.3126,7.972,79.415,0.29,0.1802,0.1063,48.391,21.5809,,,,,,,,,,,,
2025-09_ASTRA_16_27,2025-09_ASTRA,16_27,C,2025-09-11T03:53:00,28.673401,43.3699,-70,49,9.8104,18.7652,14.3349,7.9157,78.714,0.331,0.242,0.1064,49.4,21.5513,,,,,,,,,,,,
2025-09_ASTRA_16_27,2025-09_ASTRA,16_27,C,2025-09-11T03:53:00,28.673401,43.3699,-70,50,9.7938,18.774,14.3439,7.8295,77.832,0.3524,0.2803,0.1063,50.408,21.5518,,,,,,,,,,,,
2025-09_ASTRA_16_27,2025-09_ASTRA,16_27,C,2025-09-11T03:53:00,28.673401,43.3699,-70,51,9.822,18.7794,14.3443,7.8154,77.745,0.3568,0.2692,0.1063,51.416,21.5731,,,,,,,,,,,,
2025-09_ASTRA_16_27,2025-09_ASTRA,16_27,C,2025-09-11T03:53:00,28.673401,43.3699,-70,52,9.7898,18.7868,14.3543,7.8087,77.625,0.3477,0.2836,0.1063,52.424,21.5636,,,,,,,,,,,,
2025-09_ASTRA_16_27,2025-09_ASTRA,16_27,C,2025-09-11T03:53:00,28.673401,43.3699,-70,53,9.7908,18.7881,14.3553,7.8146,77.687,0.3515,0.2745,0.1064,53.433,21.5658,,,,,,,,,,,,
2025-09_ASTRA_16_27,2025-09_ASTRA,16_27,C,2025-09-11T03:53:00,28.673401,43.3699,-70,54,9.7961,18.792,14.3576,7.7926,77.479,0.3677,0.2562,0.1063,54.441,21.5731,,,,,,,,,,,,
2025-09_ASTRA_16_27,2025-09_ASTRA,16_27,C,2025-09-11T03:53:00,28.673401,43.3699,-70,55,9.7958,18.7949,14.3598,7.8028,77.581,0.3677,0.268,0.1064,55.449,21.5762,8.251,13.5,180.5,,0.0301,0.362,4.8226,0.05,0.3632,7.3872,0.21,7.5407
2025-09_ASTRA_16_27,2025-09_ASTRA,16_27,C,2025-09-11T03:53:00,28.673401,43.3699,-70,56,9.789,18.7941,14.3602,7.7873,77.414,0.3611,0.3046,0.1064,56.457,21.572,,,,,,,,,,,,
2025-09_ASTRA_16_27,2025-09_ASTRA,16_27,C,2025-09-11T03:53:00,28.673401,43.3699,-70,57,9.7887,18.7965,14.3621,7.7261,76.807,0.3474,0.2975,0.1061,57.466,21.5747,,,,,,,,,,,,
2025-09_ASTRA_16_27,2025-09_ASTRA,16_27,C,2025-09-11T03:53:00,28.673401,43.3699,-70,58,9.8039,18.7971,14.3606,7.7442,77.014,0.3561,0.274,0.1046,58.474,21.5839,,,,,,,,,,,,
2025-09_ASTRA_16_27,2025-09_ASTRA,16_27,C,2025-09-11T03:53:00,28.673401,43.3699,-70,59,9.7905,18.7975,14.3626,7.7369,76.918,0.365,0.3014,0.1042,59.483,21.5772,,,,,,,,,,,,
2025-09_ASTRA_16_27,2025-09_ASTRA,16_27,C,2025-09-11T03:53:00,28.673401,43.3699,-70,60,9.7884,18.7979,14.3632,7.7144,76.691,0.3658,0.3073,0.105,60.491,21.5768,,,,,,,,,,,,
2025-09_ASTRA_16_27,2025-09_ASTRA,16_27,C,2025-09-11T03:53:00,28.673401,43.3699,-70,61,9.8016,18.7987,14.362,7.6924,76.496,0.3739,0.2699,0.1049,61.499,21.5851,,,,,,,,,,,,
2025-09_ASTRA_17_28,2025-09_ASTRA,17_28,C,2025-09-11T05:49:00,28.4827,43.227699,-60,1,24.568,18.6356,11.146,7.2955,97.402,0.2058,0.144,289.41,1.008,29.838,8.434,23.4,168.2,15.0,0.02,0.2505,0.1264,0.05,0.1468,7.4677,0.157,7.2538
2025-09_ASTRA_17_28,2025-09_ASTRA,17_28,C,2025-09-11T05:49:00,28.4827,43.227699,-60,2,24.5669,18.6365,11.147,7.3471,98.09,0.2105,0.2002,265.29,2.016,29.8389,,,,,,,,,,,,
2025-09_ASTRA_17_28,2025-09_ASTRA,17_28,C,2025-09-11T05:49:00,28.4827,43.227699,-60,3,24.5676,18.6352,11.1458,7.3034,97.507,0.206,0.2466,226.69,3.024,29.8377,,,,,,,,,,,,
2025-09_ASTRA_17_28,2025-09_ASTRA,17_28,C,2025-09-11T05:49:00,28.4827,43.227699,-60,4,24.5674,18.6333,11.1445,7.264,96.979,0.2056,0.1876,196.58,4.032,29.8351,,,,,,,,,,,,
2025-09_ASTRA_17_28,2025-09_ASTRA,17_28,C,2025-09-11T05:49:00,28.4827,43.227699,-60,5,24.5673,18.637,11.1473,7.2587,96.91,0.2112,0.1607,166.52,5.04,29.8406,,,,,,,,,,,,
2025-09_ASTRA_17_28,2025-09_ASTRA,17_28,C,2025-09-11T05:49:00,28.4827,43.227699,-60,6,24.5666,18.6372,11.1476,7.2809,97.206,0.209,0.1482,132.54,6.048,29.8408,,,,,,,,,,,,
2025-09_ASTRA_17_28,2025-09_ASTRA,17_28,C,2025-09-11T05:49:00,28.4827,43.227699,-60,7,24.568,18.6369,11.1471,7.3496,98.124,0.2236,0.1478,125.35,7.056,29.8415,,,,,,,,,,,,
2025-09_ASTRA_17_28,2025-09_ASTRA,17_28,C,2025-09-11T05:49:00,28.4827,43.227699,-60,8,24.5693,18.6373,11.1469,7.3412,98.016,0.2256,0.1557,114.75,8.064,29.843,,,,,,,,,,,,
2025-09_ASTRA_17_28,2025-09_ASTRA,17_28,C,2025-09-11T05:49:00,28.4827,43.227699,-60,9,24.5698,18.6371,11.1467,7.3496,98.129,0.2138,0.153,102.81,9.072,29.8433,,,,,,,,,,,,
2025-09_ASTRA_17_28,2025-09_ASTRA,17_28,C,2025-09-11T05:49:00,28.4827,43.227699,-60,10,24.5707,18.6376,11.1468,7.3125,97.635,0.201,0.1614,99.487,10.081,29.8449,,,,,,,,,,,,
2025-09_ASTRA_17_28,2025-09_ASTRA,17_28,C,2025-09-11T05:49:00,28.4827,43.227699,-60,11,24.5727,18.6388,11.1471,7.3196,97.733,0.2097,0.1731,91.769,11.088,29.848,,,,,,,,,,,,
2025-09_ASTRA_17_28,2025-09_ASTRA,17_28,C,2025-09-11T05:49:00,28.4827,43.227699,-60,12,24.5657,18.6372,11.1478,7.3198,97.724,0.2155,0.179,80.077,12.096,29.8418,,,,,,,,,,,,
2025-09_ASTRA_17_28,2025-09_ASTRA,17_28,C,2025-09-11T05:49:00,28.4827,43.227699,-60,13,24.5657,18.6413,11.151,7.3381,97.97,0.2232,0.1567,69.806,13.105,29.8481,,,,,,,,,,,,
2025-09_ASTRA_17_28,2025-09_ASTRA,17_28,C,2025-09-11T05:49:00,28.4827,43.227699,-60,14,24.5808,18.6725,11.1702,7.3307,97.915,0.2475,0.1472,65.959,14.113,29.9029,,,,,,,,,,,,
2025-09_ASTRA_17_28,2025-09_ASTRA,17_28,C,2025-09-11T05:49:00,28.4827,43.227699,-60,15,24.602,18.7159,11.1969,7.2926,97.466,0.2649,0.1494,62.056,15.121,29.979,,,,,,,,,,,,
2025-09_ASTRA_17_28,2025-09_ASTRA,17_28,C,2025-09-11T05:49:00,28.4827,43.227699,-60,16,24.591,18.7149,11.1992,7.2763,97.229,0.2658,0.1552,57.557,16.129,29.9712,,,,,,,,,,,,
2025-09_ASTRA_17_28,2025-09_ASTRA,17_28,C,2025-09-11T05:49:00,28.4827,43.227699,-60,17,24.5817,18.7158,11.2024,7.2703,97.134,0.2724,0.1594,52.519,17.137,29.9671,,,,,,,,,,,,
2025-09_ASTRA_17_28,2025-09_ASTRA,17_28,C,2025-09-11T05:49:00,28.4827,43.227699,-60,18,24.5774,18.7157,11.2035,7.2801,97.258,0.2862,0.1539,48.302,18.145,29.9647,,,,,,,,,,,,
2025-09_ASTRA_17_28,2025-09_ASTRA,17_28,C,2025-09-11T05:49:00,28.4827,43.227699,-60,19,24.5748,18.7157,11.2043,7.2889,97.37,0.2859,0.1489,43.3,19.153,29.9635,,,,,,,,,,,,
2025-09_ASTRA_17_28,2025-09_ASTRA,17_28,C,2025-09-11T05:49:00,28.4827,43.227699,-60,20,24.57,18.7153,11.2053,7.3122,97.673,0.2896,0.1488,39.926,20.161,29.9603,,,,,,,,,,,,
2025-09_ASTRA_17_28,2025-09_ASTRA,17_28,C,2025-09-11T05:49:00,28.4827,43.227699,-60,21,24.5673,18.7154,11.2062,7.2745,97.165,0.2993,0.1509,36.93,21.169,29.9591,,,,,,,,,,,,
2025-09_ASTRA_17_28,2025-09_ASTRA,17_28,C,2025-09-11T05:49:00,28.4827,43.227699,-60,22,24.5638,18.7157,11.2074,7.2264,96.517,0.306,0.1518,33.128,22.178,29.9577,,,,,,,,,,,,
2025-09_ASTRA_17_28,2025-09_ASTRA,17_28,C,2025-09-11T05:49:00,28.4827,43.227699,-60,23,24.5596,18.7156,11.2085,7.2103,96.294,0.3086,0.151,29.767,23.186,29.9553,,,,,,,,,,,,
2025-09_ASTRA_17_28,2025-09_ASTRA,17_28,C,2025-09-11T05:49:00,28.4827,43.227699,-60,24,24.552,18.7153,11.2103,7.2738,97.129,0.3202,0.1552,29.189,24.194,29.9505,,,,,,,,,,,,
2025-09_ASTRA_17_28,2025-09_ASTRA,17_28,C,2025-09-11T05:49:00,28.4827,43.227699,-60,25,24.5382,18.7152,11.214,7.26,96.922,0.3692,0.1604,31.245,25.202,29.9423,,,,,,,,,,,,
2025-09_ASTRA_17_28,2025-09_ASTRA,17_28,C,2025-09-11T05:49:00,28.4827,43.227699,-60,26,24.4949,18.714,11.2252,7.0899,94.577,0.483,0.1661,27.131,26.21,29.9149,,,,,,,,,,,,
2025-09_ASTRA_17_28,2025-09_ASTRA,17_28,C,2025-09-11T05:49:00,28.4827,43.227699,-60,27,24.2333,18.7111,11.2954,6.9919,92.834,0.6728,0.1734,22.751,27.218,29.7541,,,,,,,,,,,,
2025-09_ASTRA_17_28,2025-09_ASTRA,17_28,C,2025-09-11T05:49:00,28.4827,43.227699,-60,28,23.4986,18.7032,11.4898,7.0772,92.729,0.8831,0.1857,21.297,28.227,29.3039,,,,,,,,,,,,
2025-09_ASTRA_17_28,2025-09_ASTRA,17_28,C,2025-09-11T05:49:00,28.4827,43.227699,-60,29,22.9841,18.6913,11.6184,7.0504,91.517,1.0616,0.2076,20.265,29.235,28.9807,,,,,,,,,,,,
2025-09_ASTRA_17_28,2025-09_ASTRA,17_28,C,2025-09-11T05:49:00,28.4827,43.227699,-60,30,22.3936,18.6725,11.7593,6.993,89.786,1.1318,0.2188,17.965,30.243,28.6043,,,,,,,,,,,,
2025-09_ASTRA_17_28,2025-09_ASTRA,17_28,C,2025-09-11T05:49:00,28.4827,43.227699,-60,31,21.2121,18.6455,12.0388,7.4054,92.995,1.1177,0.2199,15.468,31.251,27.871,,,,,,,,,,,,
2025-09_ASTRA_17_28,2025-09_ASTRA,17_28,C,2025-09-11T05:49:00,28.4827,43.227699,-60,32,19.4815,18.615,12.4317,7.8475,95.347,1.1176,0.2313,13.134,32.259,26.8208,8.369,20.5,172.2,,0.0296,0.4034,3.9695,0.05,0.3484,8.5864,1.044,8.3483
2025-09_ASTRA_17_28,2025-09_ASTRA,17_28,C,2025-09-11T05:49:00,28.4827,43.227699,-60,33,17.5832,18.6121,12.8535,8.3366,97.582,1.0689,0.235,10.888,33.267,25.7225,,,,,,,,,,,,
2025-09_ASTRA_17_28,2025-09_ASTRA,17_28,C,2025-09-11T05:49:00,28.4827,43.227699,-60,34,15.9981,18.5959,13.1732,9.2324,104.735,0.934,0.2203,8.7556,34.275,24.7977,,,,,,,,,,,,
2025-09_ASTRA_17_28,2025-09_ASTRA,17_28,C,2025-09-11T05:49:00,28.4827,43.227699,-60,35,14.3826,18.6208,13.4993,10.0789,110.585,0.7727,0.1914,7.3777,35.284,23.9173,,,,,,,,,,,,
2025-09_ASTRA_17_28,2025-09_ASTRA,17_28,C,2025-09-11T05:49:00,28.4827,43.227699,-60,36,14.9164,18.5885,13.3757,9.4115,104.392,0.6998,0.1762,6.3383,36.292,24.1789,,,,,,,,,,,,
2025-09_ASTRA_17_28,2025-09_ASTRA,17_28,C,2025-09-11T05:49:00,28.4827,43.227699,-60,37,13.0801,18.6525,13.7539,9.2809,99.096,0.661,0.1693,5.1973,37.3,23.2265,,,,,,,,,,,,
2025-09_ASTRA_17_28,2025-09_ASTRA,17_28,C,2025-09-11T05:49:00,28.4827,43.227699,-60,38,11.2694,18.6338,14.0309,9.2146,94.585,0.612,0.164,4.4164,38.309,22.2038,,,,,,,,,,,,
2025-09_ASTRA_17_28,2025-09_ASTRA,17_28,C,2025-09-11T05:49:00,28.4827,43.227699,-60,39,10.5426,18.6387,14.137,8.9985,90.891,0.5051,0.1718,3.7777,39.317,21.8133,,,,,,,,,,,,
2025-09_ASTRA_17_28,2025-09_ASTRA,17_28,C,2025-09-11T05:49:00,28.4827,43.227699,-60,40,10.2645,18.6563,14.1889,8.754,87.886,0.4012,0.1954,3.1079,40.325,21.6811,,,,,,,,,,,,
2025-09_ASTRA_17_28,2025-09_ASTRA,17_28,C,2025-09-11T05:49:00,28.4827,43.227699,-60,41,10.2512,18.6752,14.2054,8.6374,86.699,0.3464,0.2224,2.5722,41.333,21.6942,,,,,,,,,,,,
2025-09_ASTRA_17_28,2025-09_ASTRA,17_28,C,2025-09-11T05:49:00,28.4827,43.227699,-60,42,10.654,18.6994,14.1675,8.5164,86.269,0.3706,0.2361,2.7954,42.341,21.9403,,,,,,,,,,,,
2025-09_ASTRA_17_28,2025-09_ASTRA,17_28,C,2025-09-11T05:49:00,28.4827,43.227699,-60,43,10.2503,18.7454,14.2601,8.4942,85.298,0.4013,0.2443,2.8103,43.35,21.7688,,,,,,,,,,,,
2025-09_ASTRA_17_28,2025-09_ASTRA,17_28,C,2025-09-11T05:49:00,28.4827,43.227699,-60,44,10.1515,18.7227,14.2559,8.4284,84.437,0.3614,0.269,2.5007,44.357,21.691,8.273,14.8,172.9,,0.1837,0.2797,10.6179,0.36,0.3024,7.2956,0.021,7.9375
2025-09_ASTRA_17_28,2025-09_ASTRA,17_28,C,2025-09-11T05:49:00,28.4827,43.227699,-60,45,10.1598,18.7274,14.2584,8.3562,83.733,0.3337,0.2886,2.1979,45.366,21.7008,,,,,,,,,,,,
2025-09_ASTRA_17_28,2025-09_ASTRA,17_28,C,2025-09-11T05:49:00,28.4827,43.227699,-60,46,10.1589,18.7433,14.2709,8.2981,83.158,0.3178,0.2976,1.8866,46.374,21.7175,,,,,,,,,,,,
2025-09_ASTRA_17_28,2025-09_ASTRA,17_28,C,2025-09-11T05:49:00,28.4827,43.227699,-60,47,10.161,18.7552,14.2798,8.2865,83.052,0.2979,0.2939,1.6385,47.383,21.7315,,,,,,,,,,,,
2025-09_ASTRA_17_28,2025-09_ASTRA,17_28,C,2025-09-11T05:49:00,28.4827,43.227699,-60,48,10.1684,18.7601,14.2826,8.3202,83.406,0.3083,0.2771,1.5291,48.39,21.741,,,,,,,,,,,,
2025-09_ASTRA_17_28,2025-09_ASTRA,17_28,C,2025-09-11T05:49:00,28.4827,43.227699,-60,49,10.1601,18.7641,14.2869,8.3316,83.506,0.3078,0.2832,1.3743,49.399,21.7411,,,,,,,,,,,,
2025-09_ASTRA_17_28,2025-09_ASTRA,17_28,C,2025-09-11T05:49:00,28.4827,43.227699,-60,50,10.1584,18.7663,14.2889,8.2863,83.051,0.2965,0.3046,1.2022,50.407,21.7428,,,,,,,,,,,,
2025-09_ASTRA_17_28,2025-09_ASTRA,17_28,C,2025-09-11T05:49:00,28.4827,43.227699,-60,51,10.1583,18.7732,14.2942,8.2499,82.689,0.2961,0.3002,1.0487,51.415,21.7502,,,,,,,,,,,,
2025-09_ASTRA_17_28,2025-09_ASTRA,17_28,C,2025-09-11T05:49:00,28.4827,43.227699,-60,52,10.2239,18.7804,14.2907,8.3098,83.415,0.3049,0.2554,0.9011,52.424,21.794,,,,,,,,,,,,
2025-09_ASTRA_18_29,2025-09_ASTRA,18_29,C,2025-09-11T09:46:00,28.119499,42.9697,-32,1,24.7578,18.6448,11.0999,7.3106,97.939,0.1184,0.1311,1199.9,1.007,29.965,8.432,23.8,174.7,16.0,0.02,0.2195,0.06,0.05,0.8085,5.966,0.217,7.2649
2025-09_ASTRA_18_29,2025-09_ASTRA,18_29,C,2025-09-11T09:46:00,28.119499,42.9697,-32,2,24.7191,18.6445,11.1105,7.3763,98.751,0.1368,0.1432,1138.8001,2.016,29.9417,,,,,,,,,,,,
2025-09_ASTRA_18_29,2025-09_ASTRA,18_29,C,2025-09-11T09:46:00,28.119499,42.9697,-32,3,24.6646,18.641,11.1231,7.3713,98.586,0.149,0.1592,952.34,3.024,29.9043,,,,,,,,,,,,
2025-09_ASTRA_18_29,2025-09_ASTRA,18_29,C,2025-09-11T09:46:00,28.119499,42.9697,-32,4,24.6413,18.6397,11.1286,7.3516,98.282,0.1575,0.177,816.68,4.032,29.8886,,,,,,,,,,,,
2025-09_ASTRA_18_29,2025-09_ASTRA,18_29,C,2025-09-11T09:46:00,28.119499,42.9697,-32,5,24.6472,18.6394,11.1269,7.3772,98.633,0.1629,0.1573,687.4,5.04,29.892,,,,,,,,,,,,
2025-09_ASTRA_18_29,2025-09_ASTRA,18_29,C,2025-09-11T09:46:00,28.119499,42.9697,-32,6,24.6268,18.639,11.1322,7.3865,98.722,0.1833,0.1635,599.55,6.048,29.8795,,,,,,,,,,,,
2025-09_ASTRA_18_29,2025-09_ASTRA,18_29,C,2025-09-11T09:46:00,28.119499,42.9697,-32,7,24.608,18.6379,11.1366,7.3946,98.798,0.2089,0.1664,522.26,7.056,29.8669,,,,,,,,,,,,
2025-09_ASTRA_18_29,2025-09_ASTRA,18_29,C,2025-09-11T09:46:00,28.119499,42.9697,-32,8,24.5957,18.637,11.1394,7.3882,98.689,0.2238,0.1615,454.29,8.064,29.8585,,,,,,,,,,,,
2025-09_ASTRA_18_29,2025-09_ASTRA,18_29,C,2025-09-11T09:46:00,28.119499,42.9697,-32,9,24.5891,18.6362,11.1406,7.3757,98.51,0.2317,0.1422,424.47,9.072,29.8536,,,,,,,,,,,,
2025-09_ASTRA_18_29,2025-09_ASTRA,18_29,C,2025-09-11T09:46:00,28.119499,42.9697,-32,10,24.5879,18.6367,11.1413,7.3894,98.691,0.2528,0.1486,378.61,10.081,29.8538,,,,,,,,,,,,
2025-09_ASTRA_18_29,2025-09_ASTRA,18_29,C,2025-09-11T09:46:00,28.119499,42.9697,-32,11,24.5851,18.6379,11.1429,7.3576,98.263,0.2975,0.1585,344.74,11.088,29.8542,,,,,,,,,,,,
2025-09_ASTRA_18_29,2025-09_ASTRA,18_29,C,2025-09-11T09:46:00,28.119499,42.9697,-32,12,24.5823,18.6386,11.1443,7.3514,98.174,0.3182,0.155,318.12,12.096,29.8538,,,,,,,,,,,,
2025-09_ASTRA_18_29,2025-09_ASTRA,18_29,C,2025-09-11T09:46:00,28.119499,42.9697,-32,13,24.5814,18.639,11.1448,7.344,98.075,0.3417,0.153,287.54,13.105,29.8541,,,,,,,,,,,,
2025-09_ASTRA_18_29,2025-09_ASTRA,18_29,C,2025-09-11T09:46:00,28.119499,42.9697,-32,14,24.5814,18.6396,11.1453,7.402,98.85,0.3543,0.1466,259.06,14.113,29.8553,,,,,,,,,,,,
2025-09_ASTRA_18_29,2025-09_ASTRA,18_29,C,2025-09-11T09:46:00,28.119499,42.9697,-32,15,24.5839,18.6431,11.1473,7.3736,98.477,0.3758,0.1583,235.47,15.12,29.8622,,,,,,,,,,,,
2025-09_ASTRA_18_29,2025-09_ASTRA,18_29,C,2025-09-11T09:46:00,28.119499,42.9697,-32,16,24.5895,18.6492,11.1502,7.3822,98.604,0.4218,0.17,209.78,16.129,29.8746,,,,,,,,,,,,
2025-09_ASTRA_18_29,2025-09_ASTRA,18_29,C,2025-09-11T09:46:00,28.119499,42.9697,-32,17,24.6009,18.6622,11.1568,7.3702,98.471,0.4612,0.1904,192.72,17.137,29.9007,,,,,,,,,,,,
2025-09_ASTRA_18_29,2025-09_ASTRA,18_29,C,2025-09-11T09:46:00,28.119499,42.9697,-32,18,24.6193,18.6864,11.1699,7.3323,98.011,0.5144,0.1738,173.05,18.145,29.9473,,,,,,,,,,,,
2025-09_ASTRA_18_29,2025-09_ASTRA,18_29,C,2025-09-11T09:46:00,28.119499,42.9697,-32,19,24.6284,18.7149,11.1887,7.3392,98.135,0.5563,0.1621,159.64,19.153,29.9945,,,,,,,,,,,,
2025-09_ASTRA_18_29,2025-09_ASTRA,18_29,C,2025-09-11T09:46:00,28.119499,42.9697,-32,20,24.6235,18.7403,11.2092,7.335,98.084,0.5746,0.1798,143.54,20.161,30.0288,8.422,24.2,166.0,,0.02,0.2241,0.1098,0.05,5.4345,7.8952,0.426,7.1654
2025-09_ASTRA_18_29,2025-09_ASTRA,18_29,C,2025-09-11T09:46:00,28.119499,42.9697,-32,21,24.6173,18.7588,11.2248,7.304,97.67,0.5942,0.1777,129.35,21.169,30.0523,,,,,,,,,,,,
2025-09_ASTRA_18_29,2025-09_ASTRA,18_29,C,2025-09-11T09:46:00,28.119499,42.9697,-32,22,24.5868,18.7664,11.239,7.2542,96.955,0.6648,0.1933,117.12,22.177,30.0453,,,,,,,,,,,,
2025-09_ASTRA_18_29,2025-09_ASTRA,18_29,C,2025-09-11T09:46:00,28.119499,42.9697,-32,23,24.5549,18.7711,11.2514,7.2554,96.919,0.7567,0.2212,106.54,23.185,30.0331,,,,,,,,,,,,
2025-09_ASTRA_18_29,2025-09_ASTRA,18_29,C,2025-09-11T09:46:00,28.119499,42.9697,-32,24,24.4899,18.7822,11.2779,7.0813,94.491,0.9176,0.2939,94.5,24.194,30.0104,,,,,,,,,,,,
2025-09_ASTRA_18_29,2025-09_ASTRA,18_29,C,2025-09-11T09:46:00,28.119499,42.9697,-32,25,24.3857,18.7921,11.3142,6.8038,90.625,1.1892,0.5781,87.085,25.202,29.9623,,,,,,,,,,,,
2025-09_ASTRA_18_29,2025-09_ASTRA,18_29,C,2025-09-11T09:46:00,28.119499,42.9697,-32,26,24.3649,18.7994,11.3254,6.7519,89.904,1.1572,0.7503,74.839,26.21,29.9606,8.388,24.3,174.8,,0.0508,0.2374,2.4529,0.05,0.4429,9.3997,0.781,6.4914
2025-09_ASTRA_18_29,2025-09_ASTRA,18_29,C,2025-09-11T09:46:00,28.119499,42.9697,-32,27,24.3429,18.8141,11.3426,6.5826,87.622,1.0568,0.8497,56.435,27.217,29.969,,,,,,,,,,,,
2025-09_ASTRA_19_30,2025-09_ASTRA,19_30,C,2025-09-11T13:00:00,28.4202,42.731998,-243,1,25.2703,18.8757,11.1282,7.3183,99.063,0.1323,0.1323,468.08,2.016,30.6131,8.421,24.4,192.4,9.0,0.02,0.185,0.2223,0.05,0.0481,6.7821,0.109,7.1793
2025-09_ASTRA_19_30,2025-09_ASTRA,19_30,C,2025-09-11T13:00:00,28.4202,42.731998,-243,2,25.2703,18.8757,11.1282,7.3183,99.063,0.1323,0.1323,468.08,2.016,30.6131,,,,,,,,,,,,
2025-09_ASTRA_19_30,2025-09_ASTRA,19_30,C,2025-09-11T13:00:00,28.4202,42.731998,-243,3,25.2133,18.877,11.1455,7.3509,99.405,0.129,0.1286,377.58,3.024,30.5808,,,,,,,,,,,,
2025-09_ASTRA_19_30,2025-09_ASTRA,19_30,C,2025-09-11T13:00:00,28.4202,42.731998,-243,4,25.2531,18.8743,11.1322,7.2525,98.142,0.1067,0.1315,373.16,4.032,30.6013,,,,,,,,,,,,
2025-09_ASTRA_19_30,2025-09_ASTRA,19_30,C,2025-09-11T13:00:00,28.4202,42.731998,-243,5,25.1663,18.8775,11.1592,7.2491,97.947,0.123,0.1432,336.37,5.04,30.5534,,,,,,,,,,,,
2025-09_ASTRA_19_30,2025-09_ASTRA,19_30,C,2025-09-11T13:00:00,28.4202,42.731998,-243,6,25.0881,18.875,11.1795,7.3247,98.831,0.1341,0.1342,292.29,6.047,30.5026,,,,,,,,,,,,
2025-09_ASTRA_19_30,2025-09_ASTRA,19_30,C,2025-09-11T13:00:00,28.4202,42.731998,-243,7,25.1238,18.8741,11.1687,7.2819,98.315,0.1522,0.1266,275.85,7.056,30.5232,,,,,,,,,,,,
2025-09_ASTRA_19_30,2025-09_ASTRA,19_30,C,2025-09-11T13:00:00,28.4202,42.731998,-243,8,25.0701,18.8767,11.1859,7.2786,98.179,0.1573,0.131,230.89,8.064,30.4948,,,,,,,,,,,,
2025-09_ASTRA_19_30,2025-09_ASTRA,19_30,C,2025-09-11T13:00:00,28.4202,42.731998,-243,9,25.0526,18.8752,11.1897,7.281,98.181,0.1683,0.1346,226.88,9.072,30.4823,,,,,,,,,,,,
2025-09_ASTRA_19_30,2025-09_ASTRA,19_30,C,2025-09-11T13:00:00,28.4202,42.731998,-243,10,25.0656,18.8748,11.1858,7.3187,98.712,0.1702,0.1338,236.3,10.08,30.4898,,,,,,,,,,,,
2025-09_ASTRA_19_30,2025-09_ASTRA,19_30,C,2025-09-11T13:00:00,28.4202,42.731998,-243,11,25.0434,18.8761,11.193,7.2859,98.231,0.1871,0.1372,212.75,11.088,30.4785,,,,,,,,,,,,
2025-09_ASTRA_19_30,2025-09_ASTRA,19_30,C,2025-09-11T13:00:00,28.4202,42.731998,-243,12,25.0364,18.8765,11.1952,7.3117,98.567,0.1983,0.1363,184.87,12.096,30.4751,,,,,,,,,,,,
2025-09_ASTRA_19_30,2025-09_ASTRA,19_30,C,2025-09-11T13:00:00,28.4202,42.731998,-243,13,25.0334,18.8774,11.1968,7.3334,98.855,0.2081,0.1348,174.43,13.104,30.4748,,,,,,,,,,,,
2025-09_ASTRA_19_30,2025-09_ASTRA,19_30,C,2025-09-11T13:00:00,28.4202,42.731998,-243,14,25.0384,18.8769,11.195,7.3006,98.421,0.2172,0.1298,159.69,14.112,30.4775,,,,,,,,,,,,
2025-09_ASTRA_19_30,2025-09_ASTRA,19_30,C,2025-09-11T13:00:00,28.4202,42.731998,-243,15,25.0301,18.8784,11.1985,7.2334,97.502,0.2277,0.1301,143.59,15.12,30.4748,,,,,,,,,,,,
2025-09_ASTRA_19_30,2025-09_ASTRA,19_30,C,2025-09-11T13:00:00,28.4202,42.731998,-243,16,25.0246,18.8788,11.2003,7.297,98.349,0.2297,0.1305,138.18,16.128,30.4724,,,,,,,,,,,,
2025-09_ASTRA_19_30,2025-09_ASTRA,19_30,C,2025-09-11T13:00:00,28.4202,42.731998,-243,17,25.0241,18.8797,11.2011,7.317,98.619,0.2441,0.1356,126.03,17.136,30.4736,,,,,,,,,,,,
2025-09_ASTRA_19_30,2025-09_ASTRA,19_30,C,2025-09-11T13:00:00,28.4202,42.731998,-243,18,25.023,18.8804,11.202,7.2839,98.17,0.2458,0.1378,116.43,18.144,30.4743,,,,,,,,,,,,
2025-09_ASTRA_19_30,2025-09_ASTRA,19_30,C,2025-09-11T13:00:00,28.4202,42.731998,-243,19,25.0209,18.8808,11.2029,7.2608,97.856,0.258,0.1345,109.02,19.152,30.4738,,,,,,,,,,,,
2025-09_ASTRA_19_30,2025-09_ASTRA,19_30,C,2025-09-11T13:00:00,28.4202,42.731998,-243,20,25.0187,18.881,11.2036,7.2588,97.825,0.2654,0.1357,96.554,20.16,30.473,,,,,,,,,,,,
2025-09_ASTRA_19_30,2025-09_ASTRA,19_30,C,2025-09-11T13:00:00,28.4202,42.731998,-243,21,25.0181,18.8816,11.2043,7.2466,97.66,0.2709,0.1335,88.52,21.169,30.4739,,,,,,,,,,,,
2025-09_ASTRA_19_30,2025-09_ASTRA,19_30,C,2025-09-11T13:00:00,28.4202,42.731998,-243,22,25.0156,18.8822,11.2054,7.2783,98.084,0.2905,0.1309,81.878,22.177,30.4735,,,,,,,,,,,,
2025-09_ASTRA_19_30,2025-09_ASTRA,19_30,C,2025-09-11T13:00:00,28.4202,42.731998,-243,23,25.0144,18.8831,11.2064,7.3151,98.578,0.287,0.1348,73.51,23.185,30.4743,,,,,,,,,,,,
2025-09_ASTRA_19_30,2025-09_ASTRA,19_30,C,2025-09-11T13:00:00,28.4202,42.731998,-243,24,25.0119,18.884,11.2078,7.2838,98.152,0.2882,0.1404,65.743,24.192,30.4745,,,,,,,,,,,,
2025-09_ASTRA_19_30,2025-09_ASTRA,19_30,C,2025-09-11T13:00:00,28.4202,42.731998,-243,25,25.0074,18.8842,11.2092,7.3113,98.516,0.2759,0.1331,60.07,25.201,30.4722,,,,,,,,,,,,
2025-09_ASTRA_19_30,2025-09_ASTRA,19_30,C,2025-09-11T13:00:00,28.4202,42.731998,-243,26,25.0128,18.8835,11.2072,7.2662,97.917,0.2999,0.1349,52.435,26.209,30.4748,,,,,,,,,,,,
2025-09_ASTRA_19_30,2025-09_ASTRA,19_30,C,2025-09-11T13:00:00,28.4202,42.731998,-243,27,25.0073,18.8853,11.21,7.2452,97.625,0.3121,0.1464,49.979,27.217,30.4742,,,,,,,,,,,,
2025-09_ASTRA_19_30,2025-09_ASTRA,19_30,C,2025-09-11T13:00:00,28.4202,42.731998,-243,28,25.0032,18.8864,11.2121,7.3089,98.477,0.3158,0.1471,46.838,28.225,30.4737,,,,,,,,,,,,
2025-09_ASTRA_19_30,2025-09_ASTRA,19_30,C,2025-09-11T13:00:00,28.4202,42.731998,-243,29,24.9986,18.8866,11.2135,7.2602,97.813,0.3245,0.1421,41.964,29.233,30.4714,,,,,,,,,,,,
2025-09_ASTRA_19_30,2025-09_ASTRA,19_30,C,2025-09-11T13:00:00,28.4202,42.731998,-243,30,24.747,18.884,11.2821,7.1973,96.53,0.5277,0.1411,38.302,30.241,30.3155,,,,,,,,,,,,
2025-09_ASTRA_19_30,2025-09_ASTRA,19_30,C,2025-09-11T13:00:00,28.4202,42.731998,-243,31,22.8153,18.8376,11.7692,7.7308,100.069,1.0744,0.1604,35.221,31.25,29.0887,,,,,,,,,,,,
2025-09_ASTRA_19_30,2025-09_ASTRA,19_30,C,2025-09-11T13:00:00,28.4202,42.731998,-243,32,19.9523,18.737,12.4135,8.6169,105.715,1.4939,0.175,31.395,32.258,27.256,,,,,,,,,,,,
2025-09_ASTRA_19_30,2025-09_ASTRA,19_30,C,2025-09-11T13:00:00,28.4202,42.731998,-243,33,17.2409,18.6555,12.9657,8.9199,103.814,1.6443,0.1974,26.748,33.266,25.5773,,,,,,,,,,,,
2025-09_ASTRA_19_30,2025-09_ASTRA,19_30,C,2025-09-11T13:00:00,28.4202,42.731998,-243,34,14.7524,18.6562,13.4607,9.0661,100.278,1.5706,0.2116,22.546,34.274,24.1656,8.339,17.7,181.2,,0.0248,0.2288,8.9555,0.05,0.0767,10.3879,0.736,8.9771
2025-09_ASTRA_19_30,2025-09_ASTRA,19_30,C,2025-09-11T13:00:00,28.4202,42.731998,-243,35,13.6514,18.6367,13.6429,9.1648,99.046,1.4558,0.1957,18.128,35.282,23.5261,,,,,,,,,,,,
2025-09_ASTRA_19_30,2025-09_ASTRA,19_30,C,2025-09-11T13:00:00,28.4202,42.731998,-243,36,12.5291,18.6431,13.8366,9.2873,97.983,1.3272,0.1887,15.441,36.29,22.9094,,,,,,,,,,,,
2025-09_ASTRA_19_30,2025-09_ASTRA,19_30,C,2025-09-11T13:00:00,28.4202,42.731998,-243,37,11.5335,18.6349,13.9889,9.4786,97.87,1.1696,0.1865,13.05,37.299,22.3509,,,,,,,,,,,,
2025-09_ASTRA_19_30,2025-09_ASTRA,19_30,C,2025-09-11T13:00:00,28.4202,42.731998,-243,38,11.0698,18.6496,14.0691,9.6899,99.036,0.9436,0.1681,11.228,38.307,22.1132,,,,,,,,,,,,
2025-09_ASTRA_19_30,2025-09_ASTRA,19_30,C,2025-09-11T13:00:00,28.4202,42.731998,-243,39,11.3218,18.6851,14.0583,9.5667,98.317,0.8016,0.1506,9.0957,39.315,22.2907,,,,,,,,,,,,
2025-09_ASTRA_19_30,2025-09_ASTRA,19_30,C,2025-09-11T13:00:00,28.4202,42.731998,-243,40,10.4425,18.7313,14.2232,9.4875,95.678,0.8115,0.1384,8.4824,40.323,21.8581,,,,,,,,,,,,
2025-09_ASTRA_19_30,2025-09_ASTRA,19_30,C,2025-09-11T13:00:00,28.4202,42.731998,-243,41,10.0853,18.7225,14.2651,9.4359,94.389,0.8839,0.1307,7.4755,41.331,21.6538,,,,,,,,,,,,
2025-09_ASTRA_19_30,2025-09_ASTRA,19_30,C,2025-09-11T13:00:00,28.4202,42.731998,-243,42,10.2131,18.7352,14.2569,9.444,94.745,0.9008,0.1291,6.9929,42.339,21.7375,,,,,,,,,,,,
2025-09_ASTRA_19_30,2025-09_ASTRA,19_30,C,2025-09-11T13:00:00,28.4202,42.731998,-243,43,9.8763,18.7612,14.3227,9.3039,92.657,0.8582,0.1268,6.4564,43.347,21.5814,,,,,,,,,,,,
2025-09_ASTRA_19_30,2025-09_ASTRA,19_30,C,2025-09-11T13:00:00,28.4202,42.731998,-243,44,9.6381,18.7563,14.3505,9.1656,90.785,0.832,0.1313,5.7583,44.356,21.4467,8.303,13.6,170.0,,0.0927,0.273,8.1627,0.05,0.1571,6.9014,0.457,8.6729
2025-09_ASTRA_19_30,2025-09_ASTRA,19_30,C,2025-09-11T13:00:00,28.4202,42.731998,-243,45,9.5676,18.7593,14.3621,9.0266,89.266,0.7477,0.1323,5.0819,45.364,21.4118,,,,,,,,,,,,
2025-09_ASTRA_19_30,2025-09_ASTRA,19_30,C,2025-09-11T13:00:00,28.4202,42.731998,-243,46,9.5764,18.771,14.37,8.8799,87.839,0.6289,0.1314,4.1685,46.372,21.429,,,,,,,,,,,,
2025-09_ASTRA_19_30,2025-09_ASTRA,19_30,C,2025-09-11T13:00:00,28.4202,42.731998,-243,47,9.4654,18.7804,14.3917,8.6955,85.803,0.5687,0.122,3.8184,47.38,21.3787,,,,,,,,,,,,
2025-09_ASTRA_19_30,2025-09_ASTRA,19_30,C,2025-09-11T13:00:00,28.4202,42.731998,-243,48,9.4058,18.7853,14.4032,8.576,84.512,0.4871,0.1173,3.6476,48.389,21.3517,,,,,,,,,,,,
2025-09_ASTRA_19_30,2025-09_ASTRA,19_30,C,2025-09-11T13:00:00,28.4202,42.731998,-243,49,9.3679,18.7903,14.412,8.5159,83.849,0.4196,0.1155,3.1801,49.396,21.3366,,,,,,,,,,,,
2025-09_ASTRA_19_30,2025-09_ASTRA,19_30,C,2025-09-11T13:00:00,28.4202,42.731998,-243,50,9.3159,18.7986,14.425,8.5755,84.341,0.416,0.1087,2.8136,50.405,21.3172,,,,,,,,,,,,
2025-09_ASTRA_19_30,2025-09_ASTRA,19_30,C,2025-09-11T13:00:00,28.4202,42.731998,-243,51,9.2793,18.8052,14.4348,8.707,85.567,0.4324,0.103,2.6314,51.413,21.3045,,,,,,,,,,,,
2025-09_ASTRA_19_30,2025-09_ASTRA,19_30,C,2025-09-11T13:00:00,28.4202,42.731998,-243,52,9.2565,18.8093,14.4408,8.7434,85.882,0.4234,0.1055,2.4505,52.421,21.2966,,,,,,,,,,,,
2025-09_ASTRA_19_30,2025-09_ASTRA,19_30,C,2025-09-11T13:00:00,28.4202,42.731998,-243,53,9.2258,18.8122,14.447,8.6586,84.991,0.3492,0.1121,2.2256,53.43,21.2832,,,,,,,,,,,,
2025-09_ASTRA_19_30,2025-09_ASTRA,19_30,C,2025-09-11T13:00:00,28.4202,42.731998,-243,54,9.2061,18.8167,14.4529,8.4856,83.257,0.2586,0.1096,2.0162,54.438,21.2774,,,,,,,,,,,,
2025-09_ASTRA_19_30,2025-09_ASTRA,19_30,C,2025-09-11T13:00:00,28.4202,42.731998,-243,55,9.1731,18.8241,14.4629,8.2758,81.141,0.2035,0.1033,1.846,55.446,21.2674,,,,,,,,,,,,
2025-09_ASTRA_19_30,2025-09_ASTRA,19_30,C,2025-09-11T13:00:00,28.4202,42.731998,-243,56,9.1346,18.8352,14.4763,8.0162,78.533,0.1605,0.1075,1.6906,56.454,21.2582,,,,,,,,,,,,
2025-09_ASTRA_19_30,2025-09_ASTRA,19_30,C,2025-09-11T13:00:00,28.4202,42.731998,-243,57,9.1178,18.8415,14.4833,7.9173,77.537,0.1477,0.1107,1.5438,57.463,21.2558,,,,,,,,,,,,
2025-09_ASTRA_19_30,2025-09_ASTRA,19_30,C,2025-09-11T13:00:00,28.4202,42.731998,-243,58,9.1038,18.8441,14.4871,7.9309,77.647,0.1486,0.1101,1.4003,58.471,21.2512,,,,,,,,,,,,
2025-09_ASTRA_19_30,2025-09_ASTRA,19_30,C,2025-09-11T13:00:00,28.4202,42.731998,-243,59,9.0799,18.8484,14.4934,7.9735,78.023,0.1436,0.1064,1.2789,59.479,21.243,,,,,,,,,,,,
2025-09_ASTRA_19_30,2025-09_ASTRA,19_30,C,2025-09-11T13:00:00,28.4202,42.731998,-243,60,9.0491,18.8554,14.5027,8.0037,78.266,0.1399,0.1078,1.1805,60.487,21.2336,,,,,,,,,,,,
2025-09_ASTRA_19_30,2025-09_ASTRA,19_30,C,2025-09-11T13:00:00,28.4202,42.731998,-243,61,9.0276,18.8634,14.5116,7.9962,78.16,0.1313,0.1129,1.0839,61.495,21.2305,,,,,,,,,,,,
2025-09_ASTRA_19_30,2025-09_ASTRA,19_30,C,2025-09-11T13:00:00,28.4202,42.731998,-243,62,8.9823,18.8817,14.5315,7.9414,77.552,0.1039,0.1184,0.9875,62.503,21.2251,,,,,,,,,,,,
2025-09_ASTRA_19_30,2025-09_ASTRA,19_30,C,2025-09-11T13:00:00,28.4202,42.731998,-243,63,8.9621,18.8904,14.5407,7.9388,77.495,0.0876,0.1195,0.8958,63.512,21.2232,,,,,,,,,,,,
2025-09_ASTRA_19_30,2025-09_ASTRA,19_30,C,2025-09-11T13:00:00,28.4202,42.731998,-243,64,8.9491,18.8985,14.5486,7.9725,77.804,0.0949,0.1161,0.8237,64.521,21.2248,,,,,,,,,,,,
2025-09_ASTRA_19_30,2025-09_ASTRA,19_30,C,2025-09-11T13:00:00,28.4202,42.731998,-243,65,8.9491,18.9109,14.5583,7.9157,77.256,0.1076,0.1195,0.7525,65.528,21.2378,,,,,,,,,,,,
2025-09_ASTRA_19_30,2025-09_ASTRA,19_30,C,2025-09-11T13:00:00,28.4202,42.731998,-243,66,8.9407,18.9266,14.5715,7.8428,76.539,0.0971,0.1187,0.6804,66.537,21.2496,,,,,,,,,,,,
2025-09_ASTRA_19_30,2025-09_ASTRA,19_30,C,2025-09-11T13:00:00,28.4202,42.731998,-243,67,8.9344,18.9375,14.5808,7.7676,75.799,0.0746,0.116,0.6073,67.545,21.2577,,,,,,,,,,,,
2025-09_ASTRA_19_30,2025-09_ASTRA,19_30,C,2025-09-11T13:00:00,28.4202,42.731998,-243,68,8.9242,18.9474,14.5898,7.6844,74.973,0.0815,0.1207,0.5579,68.554,21.2625,,,,,,,,,,,,
2025-09_ASTRA_19_30,2025-09_ASTRA,19_30,C,2025-09-11T13:00:00,28.4202,42.731998,-243,69,8.9249,18.9622,14.6012,7.5643,73.811,0.0972,0.1367,0.5201,69.562,21.2784,,,,,,,,,,,,
2025-09_ASTRA_19_30,2025-09_ASTRA,19_30,C,2025-09-11T13:00:00,28.4202,42.731998,-243,70,8.8995,18.9864,14.6232,7.4094,72.267,0.0876,0.1525,0.4796,70.57,21.2897,,,,,,,,,,,,
2025-09_ASTRA_19_30,2025-09_ASTRA,19_30,C,2025-09-11T13:00:00,28.4202,42.731998,-243,71,8.9074,19.0217,14.6498,7.2097,70.348,0.0845,0.1687,0.4389,71.579,21.3306,,,,,,,,,,,,
2025-09_ASTRA_19_30,2025-09_ASTRA,19_30,C,2025-09-11T13:00:00,28.4202,42.731998,-243,72,8.8953,19.0602,14.6812,7.0504,68.793,0.0816,0.174,0.3962,72.587,21.3637,,,,,,,,,,,,
2025-09_ASTRA_19_30,2025-09_ASTRA,19_30,C,2025-09-11T13:00:00,28.4202,42.731998,-243,73,8.8624,19.0889,14.7076,6.9696,67.966,0.0704,0.1714,0.3512,73.595,21.3753,,,,,,,,,,,,
2025-09_ASTRA_19_30,2025-09_ASTRA,19_30,C,2025-09-11T13:00:00,28.4202,42.731998,-243,74,8.8503,19.109,14.7248,6.9117,67.39,0.0622,0.1622,0.3112,74.603,21.3895,,,,,,,,,,,,
2025-09_ASTRA_19_30,2025-09_ASTRA,19_30,C,2025-09-11T13:00:00,28.4202,42.731998,-243,75,8.8376,19.1304,14.743,6.7229,65.539,0.0697,0.1551,0.2789,75.612,21.4047,,,,,,,,,,,,
2025-09_ASTRA_19_30,2025-09_ASTRA,19_30,C,2025-09-11T13:00:00,28.4202,42.731998,-243,76,8.8828,19.2126,14.8017,6.2855,61.372,0.0752,0.1566,0.2525,76.62,21.5142,,,,,,,,,,,,
2025-09_ASTRA_19_30,2025-09_ASTRA,19_30,C,2025-09-11T13:00:00,28.4202,42.731998,-243,77,8.8703,19.2584,14.8388,6.0132,58.713,0.0755,0.1759,0.2303,77.629,21.5544,,,,,,,,,,,,
2025-09_ASTRA_19_30,2025-09_ASTRA,19_30,C,2025-09-11T13:00:00,28.4202,42.731998,-243,78,8.8628,19.2882,14.863,5.7653,56.295,0.0733,0.1959,0.2038,78.637,21.581,,,,,,,,,,,,
2025-09_ASTRA_19_30,2025-09_ASTRA,19_30,C,2025-09-11T13:00:00,28.4202,42.731998,-243,79,8.8813,19.3593,14.9162,5.3269,52.06,0.0654,0.2075,0.1724,79.645,21.6644,,,,,,,,,,,,
2025-09_ASTRA_19_30,2025-09_ASTRA,19_30,C,2025-09-11T13:00:00,28.4202,42.731998,-243,80,8.9074,19.4797,15.0068,4.7661,46.642,0.0695,0.2116,0.1392,80.653,21.8025,,,,,,,,,,,,
2025-09_ASTRA_19_30,2025-09_ASTRA,19_30,C,2025-09-11T13:00:00,28.4202,42.731998,-243,81,8.9207,19.5401,15.0522,4.2645,41.763,0.0712,0.2169,0.1154,81.662,21.8721,,,,,,,,,,,,
2025-09_ASTRA_19_30,2025-09_ASTRA,19_30,C,2025-09-11T13:00:00,28.4202,42.731998,-243,82,8.9308,19.5665,15.0716,3.8928,38.138,0.0722,0.219,0.1102,82.67,21.9051,,,,,,,,,,,,
2025-09_ASTRA_19_30,2025-09_ASTRA,19_30,C,2025-09-11T13:00:00,28.4202,42.731998,-243,83,8.9291,19.5455,15.0555,3.7015,36.258,0.0839,0.2348,0.1066,83.679,21.883,,,,,,,,,,,,
2025-09_ASTRA_19_30,2025-09_ASTRA,19_30,C,2025-09-11T13:00:00,28.4202,42.731998,-243,84,8.9354,19.6305,15.121,3.3342,32.682,0.0781,0.246,0.1036,84.687,21.9738,,,,,,,,,,,,
2025-09_ASTRA_19_30,2025-09_ASTRA,19_30,C,2025-09-11T13:00:00,28.4202,42.731998,-243,85,8.9355,19.6954,15.1715,3.2031,31.411,0.0645,0.2284,0.1037,85.696,22.0406,,,,,,,,,,,,
2025-09_ASTRA_19_30,2025-09_ASTRA,19_30,C,2025-09-11T13:00:00,28.4202,42.731998,-243,86,8.9353,19.7353,15.2026,3.1498,30.896,0.0555,0.2033,0.1039,86.704,22.0816,,,,,,,,,,,,
2025-09_ASTRA_19_30,2025-09_ASTRA,19_30,C,2025-09-11T13:00:00,28.4202,42.731998,-243,87,8.9358,19.7505,15.2144,3.0941,30.353,0.0544,0.1907,0.1046,87.713,22.0977,,,,,,,,,,,,
2025-09_ASTRA_19_30,2025-09_ASTRA,19_30,C,2025-09-11T13:00:00,28.4202,42.731998,-243,88,8.9407,19.7247,15.1936,3.0825,30.237,0.0611,0.197,0.106,88.72,22.0743,,,,,,,,,,,,
2025-09_ASTRA_19_30,2025-09_ASTRA,19_30,C,2025-09-11T13:00:00,28.4202,42.731998,-243,89,8.9375,19.7346,15.2019,3.0408,29.828,0.0664,0.2024,0.1065,89.729,22.083,,,,,,,,,,,,
2025-09_ASTRA_19_30,2025-09_ASTRA,19_30,C,2025-09-11T13:00:00,28.4202,42.731998,-243,90,8.9351,19.7591,15.2213,2.9829,29.263,0.0649,0.195,0.1065,90.737,22.1071,,,,,,,,,,,,
2025-09_ASTRA_19_30,2025-09_ASTRA,19_30,C,2025-09-11T13:00:00,28.4202,42.731998,-243,91,8.9344,19.7708,15.2304,2.9359,28.804,0.0667,0.1862,0.1065,91.746,22.1188,,,,,,,,,,,,
2025-09_ASTRA_19_30,2025-09_ASTRA,19_30,C,2025-09-11T13:00:00,28.4202,42.731998,-243,92,8.9378,19.7845,15.2406,2.888,28.339,0.0649,0.1813,0.1065,92.755,22.135,,,,,,,,,,,,
2025-09_ASTRA_19_30,2025-09_ASTRA,19_30,C,2025-09-11T13:00:00,28.4202,42.731998,-243,93,8.9418,19.8188,15.2669,2.8395,27.871,0.0656,0.1729,0.1065,93.763,22.1727,,,,,,,,,,,,
2025-09_ASTRA_19_30,2025-09_ASTRA,19_30,C,2025-09-11T13:00:00,28.4202,42.731998,-243,94,8.9421,19.8265,15.2729,2.8062,27.546,0.0658,0.1683,0.1065,94.771,22.1811,,,,,,,,,,,,
2025-09_ASTRA_19_30,2025-09_ASTRA,19_30,C,2025-09-11T13:00:00,28.4202,42.731998,-243,95,8.9389,19.858,15.2979,2.7059,26.565,0.071,0.1721,0.1065,95.779,22.2118,,,,,,,,,,,,
2025-09_ASTRA_19_30,2025-09_ASTRA,19_30,C,2025-09-11T13:00:00,28.4202,42.731998,-243,96,8.9364,19.8868,15.3206,2.6028,25.556,0.0703,0.1695,0.1064,96.788,22.24,,,,,,,,,,,,
2025-09_ASTRA_19_30,2025-09_ASTRA,19_30,C,2025-09-11T13:00:00,28.4202,42.731998,-243,97,8.9413,19.9033,15.3329,2.4868,24.423,0.0624,0.1649,0.1064,97.797,22.26,,,,,,,,,,,,
2025-09_ASTRA_19_30,2025-09_ASTRA,19_30,C,2025-09-11T13:00:00,28.4202,42.731998,-243,98,8.9535,19.9368,15.3575,2.347,23.061,0.0553,0.1602,0.1064,98.805,22.3016,,,,,,,,,,,,
2025-09_ASTRA_19_30,2025-09_ASTRA,19_30,C,2025-09-11T13:00:00,28.4202,42.731998,-243,99,8.9586,19.9541,15.3703,2.2415,22.03,0.0537,0.1584,0.1064,99.814,22.3225,,,,,,,,,,,,
2025-09_ASTRA_19_30,2025-09_ASTRA,19_30,C,2025-09-11T13:00:00,28.4202,42.731998,-243,100,8.9637,19.9775,15.3879,2.101,20.654,0.067,0.1564,0.1065,100.822,22.3496,,,,,,,,,,,,
2025-09_ASTRA_20_35,2025-09_ASTRA,20_35,C,2025-09-12T04:29:00,28.742901,41.467201,-86,1,24.7077,18.8925,11.2998,7.282,97.606,0.171,0.1412,47.024,2.015,30.2964,8.43,22.9,188.5,19.0,0.02,0.1975,0.0794,0.05,0.1364,6.3269,0.147,7.2973
2025-09_ASTRA_20_35,2025-09_ASTRA,20_35,C,2025-09-12T04:29:00,28.742901,41.467201,-86,2,24.7077,18.8925,11.2998,7.282,97.606,0.171,0.1412,47.024,2.015,30.2964,,,,,,,,,,,,
2025-09_ASTRA_20_35,2025-09_ASTRA,20_35,C,2025-09-12T04:29:00,28.742901,41.467201,-86,3,24.7166,18.8923,11.2972,7.3279,98.237,0.1688,0.1417,34.64,3.024,30.302,,,,,,,,,,,,
2025-09_ASTRA_20_35,2025-09_ASTRA,20_35,C,2025-09-12T04:29:00,28.742901,41.467201,-86,4,24.7168,18.8927,11.2974,7.3409,98.412,0.1615,0.1387,27.093,4.031,30.3028,,,,,,,,,,,,
2025-09_ASTRA_20_35,2025-09_ASTRA,20_35,C,2025-09-12T04:29:00,28.742901,41.467201,-86,5,24.7171,18.8927,11.2973,7.3298,98.264,0.1607,0.1362,26.141,5.04,30.3033,,,,,,,,,,,,
2025-09_ASTRA_20_35,2025-09_ASTRA,20_35,C,2025-09-12T04:29:00,28.742901,41.467201,-86,6,24.7192,18.8923,11.2964,7.3155,98.075,0.1601,0.1337,25.324,6.047,30.3042,,,,,,,,,,,,
2025-09_ASTRA_20_35,2025-09_ASTRA,20_35,C,2025-09-12T04:29:00,28.742901,41.467201,-86,7,24.717,18.8925,11.2972,7.3533,98.578,0.1618,0.1369,23.067,7.055,30.3035,,,,,,,,,,,,
2025-09_ASTRA_20_35,2025-09_ASTRA,20_35,C,2025-09-12T04:29:00,28.742901,41.467201,-86,8,24.7166,18.8925,11.2973,7.3356,98.34,0.1656,0.1471,22.271,8.063,30.3034,,,,,,,,,,,,
2025-09_ASTRA_20_35,2025-09_ASTRA,20_35,C,2025-09-12T04:29:00,28.742901,41.467201,-86,9,24.7174,18.8924,11.297,7.349,98.521,0.1693,0.1465,21.441,9.071,30.3041,,,,,,,,,,,,
2025-09_ASTRA_20_35,2025-09_ASTRA,20_35,C,2025-09-12T04:29:00,28.742901,41.467201,-86,10,24.7203,18.8925,11.2963,7.3115,98.024,0.16,0.1488,20.046,10.079,30.3063,,,,,,,,,,,,
2025-09_ASTRA_20_35,2025-09_ASTRA,20_35,C,2025-09-12T04:29:00,28.742901,41.467201,-86,11,24.7216,18.8923,11.2958,7.3118,98.029,0.1513,0.1515,19.034,11.087,30.3071,,,,,,,,,,,,
2025-09_ASTRA_20_35,2025-09_ASTRA,20_35,C,2025-09-12T04:29:00,28.742901,41.467201,-86,12,24.7205,18.8921,11.296,7.3305,98.277,0.1483,0.1508,18.389,12.095,30.3064,,,,,,,,,,,,
2025-09_ASTRA_20_35,2025-09_ASTRA,20_35,C,2025-09-12T04:29:00,28.742901,41.467201,-86,13,24.7188,18.8916,11.296,7.3123,98.032,0.1689,0.1491,17.462,13.103,30.3049,,,,,,,,,,,,
2025-09_ASTRA_20_35,2025-09_ASTRA,20_35,C,2025-09-12T04:29:00,28.742901,41.467201,-86,14,24.7187,18.8909,11.2955,7.261,97.343,0.1717,0.1416,16.462,14.11,30.3041,,,,,,,,,,,,
2025-09_ASTRA_20_35,2025-09_ASTRA,20_35,C,2025-09-12T04:29:00,28.742901,41.467201,-86,15,24.7047,18.8882,11.2974,7.3168,98.064,0.1811,0.1449,15.507,15.118,30.2919,,,,,,,,,,,,
2025-09_ASTRA_20_35,2025-09_ASTRA,20_35,C,2025-09-12T04:29:00,28.742901,41.467201,-86,16,24.7024,18.8873,11.2975,7.3447,98.434,0.187,0.1419,14.659,16.126,30.2896,,,,,,,,,,,,
2025-09_ASTRA_20_35,2025-09_ASTRA,20_35,C,2025-09-12T04:29:00,28.742901,41.467201,-86,17,24.6998,18.8865,11.2976,7.3177,98.067,0.1868,0.1455,13.706,17.135,30.2872,,,,,,,,,,,,
2025-09_ASTRA_20_35,2025-09_ASTRA,20_35,C,2025-09-12T04:29:00,28.742901,41.467201,-86,18,24.6903,18.8852,11.2992,7.2853,97.616,0.1916,0.1431,12.631,18.142,30.2796,,,,,,,,,,,,
2025-09_ASTRA_20_35,2025-09_ASTRA,20_35,C,2025-09-12T04:29:00,28.742901,41.467201,-86,19,24.6799,18.8835,11.3008,7.2971,97.756,0.2005,0.138,11.632,19.15,30.2712,,,,,,,,,,,,
2025-09_ASTRA_20_35,2025-09_ASTRA,20_35,C,2025-09-12T04:29:00,28.742901,41.467201,-86,20,24.6768,18.8826,11.3011,7.3229,98.095,0.2175,0.1342,10.817,20.158,30.2683,,,,,,,,,,,,
2025-09_ASTRA_20_35,2025-09_ASTRA,20_35,C,2025-09-12T04:29:00,28.742901,41.467201,-86,21,24.6569,18.8794,11.3043,7.3156,97.961,0.2199,0.1385,10.083,21.166,30.2518,,,,,,,,,,,,
2025-09_ASTRA_20_35,2025-09_ASTRA,20_35,C,2025-09-12T04:29:00,28.742901,41.467201,-86,22,24.6458,18.8772,11.3057,7.2685,97.31,0.2265,0.1475,9.2721,22.174,30.2421,,,,,,,,,,,,
2025-09_ASTRA_20_35,2025-09_ASTRA,20_35,C,2025-09-12T04:29:00,28.742901,41.467201,-86,23,24.6421,18.8766,11.3063,7.3024,97.757,0.2427,0.1467,8.4732,23.182,30.2393,,,,,,,,,,,,
2025-09_ASTRA_20_35,2025-09_ASTRA,20_35,C,2025-09-12T04:29:00,28.742901,41.467201,-86,24,24.6314,18.8759,11.3087,7.3063,97.789,0.2594,0.138,7.8091,24.19,30.2321,,,,,,,,,,,,
2025-09_ASTRA_20_35,2025-09_ASTRA,20_35,C,2025-09-12T04:29:00,28.742901,41.467201,-86,25,24.6221,18.8756,11.311,7.2789,97.407,0.2582,0.1393,7.2505,25.198,30.2262,,,,,,,,,,,,
2025-09_ASTRA_20_35,2025-09_ASTRA,20_35,C,2025-09-12T04:29:00,28.742901,41.467201,-86,26,24.5972,18.8777,11.3196,7.3021,97.676,0.2645,0.157,6.7042,26.206,30.2145,,,,,,,,,,,,
2025-09_ASTRA_20_35,2025-09_ASTRA,20_35,C,2025-09-12T04:29:00,28.742901,41.467201,-86,27,24.5587,18.8839,11.335,7.3268,97.943,0.2656,0.1644,6.1732,27.214,30.2006,,,,,,,,,,,,
2025-09_ASTRA_20_35,2025-09_ASTRA,20_35,C,2025-09-12T04:29:00,28.742901,41.467201,-86,28,24.5361,18.8884,11.3447,7.3025,97.581,0.2715,0.1608,5.6825,28.222,30.1936,,,,,,,,,,,,
2025-09_ASTRA_20_35,2025-09_ASTRA,20_35,C,2025-09-12T04:29:00,28.742901,41.467201,-86,29,24.5315,18.8892,11.3465,7.2957,97.483,0.2826,0.1649,5.1924,29.23,30.1923,,,,,,,,,,,,
2025-09_ASTRA_20_35,2025-09_ASTRA,20_35,C,2025-09-12T04:29:00,28.742901,41.467201,-86,30,24.4995,18.8885,11.355,7.2972,97.446,0.3141,0.1628,4.7415,30.238,30.1721,,,,,,,,,,,,
2025-09_ASTRA_20_35,2025-09_ASTRA,20_35,C,2025-09-12T04:29:00,28.742901,41.467201,-86,31,24.2963,18.8812,11.4058,7.3071,97.222,0.3601,0.1498,4.3453,31.246,30.0389,,,,,,,,,,,,
2025-09_ASTRA_20_35,2025-09_ASTRA,20_35,C,2025-09-12T04:29:00,28.742901,41.467201,-86,32,23.8694,18.8684,11.5135,7.3873,97.533,0.4645,0.1475,3.9676,32.254,29.7633,,,,,,,,,,,,
2025-09_ASTRA_20_35,2025-09_ASTRA,20_35,C,2025-09-12T04:29:00,28.742901,41.467201,-86,33,23.0226,18.8402,11.7199,7.6138,98.978,0.7209,0.1654,3.5651,33.262,29.215,,,,,,,,,,,,
2025-09_ASTRA_20_35,2025-09_ASTRA,20_35,C,2025-09-12T04:29:00,28.742901,41.467201,-86,34,21.8003,18.7968,12.0042,7.8986,100.367,0.9777,0.1809,3.1532,34.27,28.4267,,,,,,,,,,,,
2025-09_ASTRA_20_35,2025-09_ASTRA,20_35,C,2025-09-12T04:29:00,28.742901,41.467201,-86,35,19.9266,18.7211,12.4052,8.5825,105.183,1.1723,0.1801,2.7455,35.278,27.222,,,,,,,,,,,,
2025-09_ASTRA_20_35,2025-09_ASTRA,20_35,C,2025-09-12T04:29:00,28.742901,41.467201,-86,36,16.9195,18.7028,13.0634,9.5767,110.696,1.246,0.1734,2.3488,36.286,25.4564,,,,,,,,,,,,
2025-09_ASTRA_20_35,2025-09_ASTRA,20_35,C,2025-09-12T04:29:00,28.742901,41.467201,-86,37,15.4449,18.64,13.3138,9.8698,110.721,1.1176,0.1807,1.9915,37.294,24.5394,8.383,17.9,170.2,,0.02,0.2206,2.9225,0.05,0.1206,6.7543,0.884,9.9192
2025-09_ASTRA_20_35,2025-09_ASTRA,20_35,C,2025-09-12T04:29:00,28.742901,41.467201,-86,38,14.1598,18.6263,13.5445,9.944,108.616,0.9452,0.1685,1.6712,38.302,23.7993,,,,,,,,,,,,
2025-09_ASTRA_20_35,2025-09_ASTRA,20_35,C,2025-09-12T04:29:00,28.742901,41.467201,-86,39,12.9912,18.6166,13.7405,10.0888,107.495,0.7531,0.1565,1.376,39.31,23.1367,,,,,,,,,,,,
2025-09_ASTRA_20_35,2025-09_ASTRA,20_35,C,2025-09-12T04:29:00,28.742901,41.467201,-86,40,12.2317,18.6226,13.8702,10.1105,105.986,0.598,0.1504,1.18,40.318,22.723,,,,,,,,,,,,
2025-09_ASTRA_20_35,2025-09_ASTRA,20_35,C,2025-09-12T04:29:00,28.742901,41.467201,-86,41,11.7571,18.6392,13.9579,10.0099,103.86,0.532,0.1386,1.0646,41.326,22.48,,,,,,,,,,,,
2025-09_ASTRA_20_35,2025-09_ASTRA,20_35,C,2025-09-12T04:29:00,28.742901,41.467201,-86,42,11.4399,18.6656,14.0264,9.9772,102.822,0.5355,0.1277,0.9615,42.334,22.3348,,,,,,,,,,,,
2025-09_ASTRA_20_35,2025-09_ASTRA,20_35,C,2025-09-12T04:29:00,28.742901,41.467201,-86,43,11.2632,18.6811,14.0649,9.9175,101.821,0.535,0.1268,0.8756,43.343,22.2547,,,,,,,,,,,,
2025-09_ASTRA_20_35,2025-09_ASTRA,20_35,C,2025-09-12T04:29:00,28.742901,41.467201,-86,44,11.0179,18.68,14.1003,9.8648,100.731,0.4974,0.1293,0.7798,44.35,22.1192,,,,,,,,,,,,
2025-09_ASTRA_20_35,2025-09_ASTRA,20_35,C,2025-09-12T04:29:00,28.742901,41.467201,-86,45,10.8582,18.6873,14.1291,9.7534,99.246,0.4827,0.1245,0.6831,45.359,22.0399,,,,,,,,,,,,
2025-09_ASTRA_20_35,2025-09_ASTRA,20_35,C,2025-09-12T04:29:00,28.742901,41.467201,-86,46,10.5612,18.6999,14.1812,9.7296,98.359,0.4874,0.1182,0.5981,46.367,21.8911,,,,,,,,,,,,
2025-09_ASTRA_20_35,2025-09_ASTRA,20_35,C,2025-09-12T04:29:00,28.742901,41.467201,-86,47,10.337,18.7008,14.2133,9.7577,98.149,0.5082,0.1175,0.5524,47.375,21.7699,,,,,,,,,,,,
2025-09_ASTRA_20_35,2025-09_ASTRA,20_35,C,2025-09-12T04:29:00,28.742901,41.467201,-86,48,10.2231,18.7112,14.2372,9.7351,97.678,0.5595,0.121,0.5165,48.382,21.7191,,,,,,,,,,,,
2025-09_ASTRA_20_35,2025-09_ASTRA,20_35,C,2025-09-12T04:29:00,28.742901,41.467201,-86,49,10.092,18.7204,14.2622,9.6546,96.591,0.5925,0.122,0.4671,49.391,21.6577,,,,,,,,,,,,
2025-09_ASTRA_20_35,2025-09_ASTRA,20_35,C,2025-09-12T04:29:00,28.742901,41.467201,-86,50,9.9501,18.7291,14.2882,9.5781,95.525,0.5974,0.1314,0.416,50.399,21.5897,,,,,,,,,,,,
2025-09_ASTRA_20_35,2025-09_ASTRA,20_35,C,2025-09-12T04:29:00,28.742901,41.467201,-86,51,9.8369,18.7426,14.3138,9.4945,94.458,0.6142,0.1394,0.3695,51.407,21.5426,,,,,,,,,,,,
2025-09_ASTRA_20_35,2025-09_ASTRA,20_35,C,2025-09-12T04:29:00,28.742901,41.467201,-86,52,9.6978,18.7481,14.3364,9.4393,93.616,0.6311,0.1326,0.3309,52.415,21.4728,,,,,,,,,,,,
2025-09_ASTRA_20_35,2025-09_ASTRA,20_35,C,2025-09-12T04:29:00,28.742901,41.467201,-86,53,9.5621,18.7495,14.3551,9.4317,93.254,0.6438,0.1291,0.3006,53.423,21.4008,,,,,,,,,,,,
2025-09_ASTRA_20_35,2025-09_ASTRA,20_35,C,2025-09-12T04:29:00,28.742901,41.467201,-86,54,9.4654,18.7533,14.3707,9.417,92.907,0.6526,0.1333,0.2779,54.431,21.3526,,,,,,,,,,,,
2025-09_ASTRA_20_35,2025-09_ASTRA,20_35,C,2025-09-12T04:29:00,28.742901,41.467201,-86,55,9.427,18.7574,14.3787,9.3777,92.44,0.6513,0.1363,0.2563,55.439,21.3362,,,,,,,,,,,,
2025-09_ASTRA_20_35,2025-09_ASTRA,20_35,C,2025-09-12T04:29:00,28.742901,41.467201,-86,56,9.4179,18.7631,14.3843,9.3205,91.861,0.6547,0.1361,0.2317,56.448,21.3375,8.318,12.8,175.7,,0.0649,0.3427,5.0856,0.05,0.1031,7.0208,0.384,8.7602
2025-09_ASTRA_20_35,2025-09_ASTRA,20_35,C,2025-09-12T04:29:00,28.742901,41.467201,-86,57,9.4076,18.7709,14.3918,9.2712,91.359,0.6491,0.1342,0.2063,57.456,21.3403,,,,,,,,,,,,
2025-09_ASTRA_20_35,2025-09_ASTRA,20_35,C,2025-09-12T04:29:00,28.742901,41.467201,-86,58,9.3578,18.7785,14.404,9.2153,90.708,0.622,0.1289,0.1778,58.464,21.3214,,,,,,,,,,,,
2025-09_ASTRA_20_35,2025-09_ASTRA,20_35,C,2025-09-12T04:29:00,28.742901,41.467201,-86,59,9.2884,18.7839,14.4171,9.1662,90.085,0.5776,0.1272,0.1574,59.472,21.2896,,,,,,,,,,,,
2025-09_ASTRA_20_35,2025-09_ASTRA,20_35,C,2025-09-12T04:29:00,28.742901,41.467201,-86,60,9.2479,18.7973,14.4325,9.1491,89.842,0.5654,0.1239,0.1509,60.48,21.2817,,,,,,,,,,,,
2025-09_ASTRA_20_35,2025-09_ASTRA,20_35,C,2025-09-12T04:29:00,28.742901,41.467201,-86,61,9.2253,18.8046,14.4411,9.0985,89.303,0.5436,0.1236,0.1417,61.489,21.2774,,,,,,,,,,,,
2025-09_ASTRA_20_35,2025-09_ASTRA,20_35,C,2025-09-12T04:29:00,28.742901,41.467201,-86,62,9.1843,18.8105,14.4509,8.9999,88.257,0.4813,0.1284,0.1269,62.497,21.2614,,,,,,,,,,,,
2025-09_ASTRA_20_35,2025-09_ASTRA,20_35,C,2025-09-12T04:29:00,28.742901,41.467201,-86,63,9.1413,18.8228,14.4658,8.859,86.796,0.4093,0.1322,0.1144,63.505,21.251,,,,,,,,,,,,
2025-09_ASTRA_20_35,2025-09_ASTRA,20_35,C,2025-09-12T04:29:00,28.742901,41.467201,-86,64,9.0927,18.8408,14.4858,8.6988,85.141,0.3551,0.1392,0.1079,64.513,21.2435,,,,,,,,,,,,
2025-09_ASTRA_20_35,2025-09_ASTRA,20_35,C,2025-09-12T04:29:00,28.742901,41.467201,-86,65,9.0709,18.8517,14.4972,8.5577,83.724,0.3248,0.1549,0.1066,65.521,21.2432,,,,,,,,,,,,
2025-09_ASTRA_20_35,2025-09_ASTRA,20_35,C,2025-09-12T04:29:00,28.742901,41.467201,-86,66,9.0466,18.8733,14.5169,8.394,82.088,0.2991,0.1848,0.1065,66.529,21.2525,,,,,,,,,,,,
2025-09_ASTRA_20_35,2025-09_ASTRA,20_35,C,2025-09-12T04:29:00,28.742901,41.467201,-86,67,9.0335,18.9078,14.5454,8.205,80.234,0.2655,0.2322,0.1065,67.538,21.2812,,,,,,,,,,,,
2025-09_ASTRA_20_35,2025-09_ASTRA,20_35,C,2025-09-12T04:29:00,28.742901,41.467201,-86,68,9.0291,18.9328,14.5655,8.0367,78.593,0.2279,0.2994,0.1065,68.546,21.3048,,,,,,,,,,,,
2025-09_ASTRA_20_35,2025-09_ASTRA,20_35,C,2025-09-12T04:29:00,28.742901,41.467201,-86,69,9.0155,18.9569,14.5859,7.9105,77.346,0.1895,0.3496,0.1064,69.554,21.3224,,,,,,,,,,,,
2025-09_ASTRA_20_35,2025-09_ASTRA,20_35,C,2025-09-12T04:29:00,28.742901,41.467201,-86,70,9.001,18.9683,14.5965,7.8393,76.63,0.1483,0.3475,0.1064,70.562,21.3265,,,,,,,,,,,,
2025-09_ASTRA_20_35,2025-09_ASTRA,20_35,C,2025-09-12T04:29:00,28.742901,41.467201,-86,71,8.9887,18.9741,14.6026,7.7991,76.218,0.1227,0.3153,0.1065,71.57,21.3261,,,,,,,,,,,,
2025-09_ASTRA_20_35,2025-09_ASTRA,20_35,C,2025-09-12T04:29:00,28.742901,41.467201,-86,72,8.9809,18.9778,14.6065,7.7696,75.918,0.1106,0.2811,0.1065,72.579,21.3259,,,,,,,,,,,,
2025-09_ASTRA_20_35,2025-09_ASTRA,20_35,C,2025-09-12T04:29:00,28.742901,41.467201,-86,73,8.9826,18.9788,14.6071,7.7667,75.893,0.1067,0.28,0.1065,73.586,21.3282,,,,,,,,,,,,
2025-09_ASTRA_20_35,2025-09_ASTRA,20_35,C,2025-09-12T04:29:00,28.742901,41.467201,-86,74,8.986,18.9791,14.6068,7.7915,76.143,0.1022,0.2935,0.1065,74.595,21.3306,,,,,,,,,,,,
2025-09_ASTRA_20_35,2025-09_ASTRA,20_35,C,2025-09-12T04:29:00,28.742901,41.467201,-86,75,8.9943,18.98,14.6066,7.7894,76.137,0.1174,0.2961,0.1064,75.603,21.3364,,,,,,,,,,,,
2025-09_ASTRA_20_35,2025-09_ASTRA,20_35,C,2025-09-12T04:29:00,28.742901,41.467201,-86,76,8.9782,18.9839,14.6115,7.763,75.853,0.1257,0.3372,0.1063,76.611,21.3319,,,,,,,,,,,,
2025-09_ASTRA_20_35,2025-09_ASTRA,20_35,C,2025-09-12T04:29:00,28.742901,41.467201,-86,77,8.9773,18.98,14.6087,7.6949,75.184,0.1127,0.3237,0.1063,77.619,21.3277,,,,,,,,,,,,
2025-09_ASTRA_21_25,2025-09_ASTRA,21_25,C,2025-09-16T05:49:00,29.320299,42.921299,-2000,1,24.0191,18.8497,11.4586,7.4295,98.344,0.1537,0.126,624.08,1.008,29.8183,8.424,22.8,147.1,21.0,0.02,0.2914,0.06,0.05,0.2854,9.0305,0.184,7.3421
2025-09_ASTRA_21_25,2025-09_ASTRA,21_25,C,2025-09-16T05:49:00,29.320299,42.921299,-2000,2,24.0217,18.8499,11.458,7.4145,98.151,0.1716,0.1415,525.53,2.016,29.8204,,,,,,,,,,,,
2025-09_ASTRA_21_25,2025-09_ASTRA,21_25,C,2025-09-16T05:49:00,29.320299,42.921299,-2000,3,24.0216,18.8501,11.4582,7.4235,98.27,0.162,0.1324,371.67,3.024,29.8209,,,,,,,,,,,,
2025-09_ASTRA_21_25,2025-09_ASTRA,21_25,C,2025-09-16T05:49:00,29.320299,42.921299,-2000,4,24.0218,18.8501,11.4582,7.4209,98.235,0.1463,0.1291,332.63,4.032,29.8213,,,,,,,,,,,,
2025-09_ASTRA_21_25,2025-09_ASTRA,21_25,C,2025-09-16T05:49:00,29.320299,42.921299,-2000,5,24.022,18.8502,11.4581,7.372,97.589,0.1576,0.1369,292.74,5.04,29.8218,,,,,,,,,,,,
2025-09_ASTRA_21_25,2025-09_ASTRA,21_25,C,2025-09-16T05:49:00,29.320299,42.921299,-2000,6,24.0216,18.8502,11.4582,7.3444,97.223,0.171,0.1331,278.88,6.048,29.8218,,,,,,,,,,,,
2025-09_ASTRA_21_25,2025-09_ASTRA,21_25,C,2025-09-16T05:49:00,29.320299,42.921299,-2000,7,24.0221,18.8501,11.4581,7.3666,97.517,0.1817,0.1305,225.67,7.056,29.8223,,,,,,,,,,,,
2025-09_ASTRA_21_25,2025-09_ASTRA,21_25,C,2025-09-16T05:49:00,29.320299,42.921299,-2000,8,24.0218,18.8502,11.4582,7.3694,97.554,0.1979,0.1301,197.57,8.064,29.8225,,,,,,,,,,,,
2025-09_ASTRA_21_25,2025-09_ASTRA,21_25,C,2025-09-16T05:49:00,29.320299,42.921299,-2000,9,24.0214,18.8502,11.4583,7.384,97.746,0.2061,0.1301,169.48,9.072,29.8226,,,,,,,,,,,,
2025-09_ASTRA_21_25,2025-09_ASTRA,21_25,C,2025-09-16T05:49:00,29.320299,42.921299,-2000,10,24.0211,18.8503,11.4584,7.4053,98.029,0.2161,0.1297,149.66,10.08,29.8227,,,,,,,,,,,,
2025-09_ASTRA_21_25,2025-09_ASTRA,21_25,C,2025-09-16T05:49:00,29.320299,42.921299,-2000,11,24.0212,18.8503,11.4584,7.404,98.011,0.2182,0.1276,139.19,11.088,29.823,,,,,,,,,,,,
2025-09_ASTRA_21_25,2025-09_ASTRA,21_25,C,2025-09-16T05:49:00,29.320299,42.921299,-2000,12,24.0221,18.8502,11.4581,7.3559,97.376,0.2186,0.1271,127.5,12.096,29.8237,,,,,,,,,,,,
2025-09_ASTRA_21_25,2025-09_ASTRA,21_25,C,2025-09-16T05:49:00,29.320299,42.921299,-2000,13,24.0214,18.8502,11.4584,7.3369,97.123,0.2227,0.1292,117.51,13.104,29.8237,,,,,,,,,,,,
2025-09_ASTRA_21_25,2025-09_ASTRA,21_25,C,2025-09-16T05:49:00,29.320299,42.921299,-2000,14,24.021,18.8503,11.4585,7.3572,97.391,0.2238,0.1296,108.96,14.112,29.8237,,,,,,,,,,,,
2025-09_ASTRA_21_25,2025-09_ASTRA,21_25,C,2025-09-16T05:49:00,29.320299,42.921299,-2000,15,24.0211,18.8501,11.4583,7.3839,97.745,0.2199,0.1271,95.727,15.12,29.8239,,,,,,,,,,,,
2025-09_ASTRA_21_25,2025-09_ASTRA,21_25,C,2025-09-16T05:49:00,29.320299,42.921299,-2000,16,24.021,18.85,11.4583,7.3778,97.664,0.2211,0.1256,85.438,16.128,29.8239,,,,,,,,,,,,
2025-09_ASTRA_21_25,2025-09_ASTRA,21_25,C,2025-09-16T05:49:00,29.320299,42.921299,-2000,17,24.0209,18.8503,11.4585,7.371,97.574,0.2277,0.1305,77.244,17.137,29.8244,,,,,,,,,,,,
2025-09_ASTRA_21_25,2025-09_ASTRA,21_25,C,2025-09-16T05:49:00,29.320299,42.921299,-2000,18,24.0209,18.8502,11.4584,7.3614,97.447,0.2265,0.137,71.14,18.144,29.8246,,,,,,,,,,,,
2025-09_ASTRA_21_25,2025-09_ASTRA,21_25,C,2025-09-16T05:49:00,29.320299,42.921299,-2000,19,24.0205,18.8502,11.4586,7.3886,97.807,0.2147,0.1386,64.811,19.153,29.8246,,,,,,,,,,,,
2025-09_ASTRA_21_25,2025-09_ASTRA,21_25,C,2025-09-16T05:49:00,29.320299,42.921299,-2000,20,24.0208,18.8502,11.4584,7.4035,98.004,0.2169,0.1363,57.781,20.16,29.825,,,,,,,,,,,,
2025-09_ASTRA_21_25,2025-09_ASTRA,21_25,C,2025-09-16T05:49:00,29.320299,42.921299,-2000,21,24.0212,18.8501,11.4583,7.3765,97.647,0.2271,0.1438,51.994,21.169,29.8255,,,,,,,,,,,,
2025-09_ASTRA_21_25,2025-09_ASTRA,21_25,C,2025-09-16T05:49:00,29.320299,42.921299,-2000,22,24.0217,18.8503,11.4583,7.3451,97.232,0.2223,0.1333,47.267,22.177,29.8263,,,,,,,,,,,,
2025-09_ASTRA_21_25,2025-09_ASTRA,21_25,C,2025-09-16T05:49:00,29.320299,42.921299,-2000,23,24.0196,18.8509,11.4593,7.2542,96.025,0.2213,0.1263,42.98,23.185,29.8261,,,,,,,,,,,,
2025-09_ASTRA_21_25,2025-09_ASTRA,21_25,C,2025-09-16T05:49:00,29.320299,42.921299,-2000,24,24.0186,18.8509,11.4595,7.0745,93.646,0.2592,0.1308,37.603,24.193,29.8258,,,,,,,,,,,,
2025-09_ASTRA_21_25,2025-09_ASTRA,21_25,C,2025-09-16T05:49:00,29.320299,42.921299,-2000,25,23.8499,18.8216,11.4836,7.2887,96.165,0.4257,0.153,33.44,25.201,29.6826,,,,,,,,,,,,
2025-09_ASTRA_21_25,2025-09_ASTRA,21_25,C,2025-09-16T05:49:00,29.320299,42.921299,-2000,26,18.955,18.8685,12.7347,9.5017,114.277,0.733,0.1822,30.273,26.21,26.8484,,,,,,,,,,,,
2025-09_ASTRA_21_25,2025-09_ASTRA,21_25,C,2025-09-16T05:49:00,29.320299,42.921299,-2000,27,15.7929,18.7005,13.2897,10.4157,117.688,0.7169,0.1524,26.128,27.217,24.8085,,,,,,,,,,,,
2025-09_ASTRA_21_25,2025-09_ASTRA,21_25,C,2025-09-16T05:49:00,29.320299,42.921299,-2000,28,14.6413,18.6816,13.4997,10.3606,114.35,0.6463,0.1377,20.773,28.225,24.1318,8.36,15.4,156.1,,0.021,0.2968,4.3944,0.11,0.3002,9.7689,0.457,10.1156
2025-09_ASTRA_21_25,2025-09_ASTRA,21_25,C,2025-09-16T05:49:00,29.320299,42.921299,-2000,29,13.7742,18.67,13.648,10.2244,110.804,0.6133,0.1366,15.662,29.234,23.6312,,,,,,,,,,,,
2025-09_ASTRA_21_25,2025-09_ASTRA,21_25,C,2025-09-16T05:49:00,29.320299,42.921299,-2000,30,12.9017,18.6802,13.8057,10.124,107.707,0.6111,0.1422,11.913,30.242,23.1562,,,,,,,,,,,,
2025-09_ASTRA_21_25,2025-09_ASTRA,21_25,C,2025-09-16T05:49:00,29.320299,42.921299,-2000,31,12.2387,18.684,13.9161,10.026,105.156,0.6295,0.1403,9.7776,31.25,22.7929,,,,,,,,,,,,
2025-09_ASTRA_21_25,2025-09_ASTRA,21_25,C,2025-09-16T05:49:00,29.320299,42.921299,-2000,32,11.5212,18.6734,14.0201,9.9772,103.012,0.6328,0.1411,8.3086,32.258,22.3853,,,,,,,,,,,,
2025-09_ASTRA_21_25,2025-09_ASTRA,21_25,C,2025-09-16T05:49:00,29.320299,42.921299,-2000,33,11.0315,18.6849,14.1021,9.9165,101.293,0.6985,0.1375,7.1166,33.266,22.129,,,,,,,,,,,,
2025-09_ASTRA_21_25,2025-09_ASTRA,21_25,C,2025-09-16T05:49:00,29.320299,42.921299,-2000,34,10.8051,18.724,14.1653,9.7895,99.519,0.853,0.1434,6.1855,34.275,22.0472,,,,,,,,,,,,
2025-09_ASTRA_21_25,2025-09_ASTRA,21_25,C,2025-09-16T05:49:00,29.320299,42.921299,-2000,35,10.5854,18.7321,14.2029,9.6661,97.791,0.9975,0.146,5.4899,35.283,21.9359,,,,,,,,,,,,
2025-09_ASTRA_21_25,2025-09_ASTRA,21_25,C,2025-09-16T05:49:00,29.320299,42.921299,-2000,36,10.354,18.7348,14.2374,9.5524,96.144,1.0601,0.1452,4.8595,36.291,21.8123,,,,,,,,,,,,
2025-09_ASTRA_21_25,2025-09_ASTRA,21_25,C,2025-09-16T05:49:00,29.320299,42.921299,-2000,37,10.1426,18.7405,14.271,9.4735,94.9,1.0945,0.1491,4.2672,37.299,21.7031,,,,,,,,,,,,
2025-09_ASTRA_21_25,2025-09_ASTRA,21_25,C,2025-09-16T05:49:00,29.320299,42.921299,-2000,38,9.9666,18.7576,14.308,9.4121,93.922,1.0634,0.1503,3.76,38.307,21.6254,8.31,12.7,159.1,,0.1002,0.34,5.3195,0.16,0.2251,8.5559,0.588,9.0143
2025-09_ASTRA_21_25,2025-09_ASTRA,21_25,C,2025-09-16T05:49:00,29.320299,42.921299,-2000,39,9.7826,18.7636,14.3372,9.3654,93.071,0.9699,0.1484,3.285,39.316,21.5316,,,,,,,,,,,,
2025-09_ASTRA_21_25,2025-09_ASTRA,21_25,C,2025-09-16T05:49:00,29.320299,42.921299,-2000,40,9.6784,18.7709,14.3567,9.3168,92.373,0.8675,0.148,2.8878,40.324,21.4828,,,,,,,,,,,,
2025-09_ASTRA_21_25,2025-09_ASTRA,21_25,C,2025-09-16T05:49:00,29.320299,42.921299,-2000,41,9.6299,18.7798,14.37,9.2318,91.435,0.8073,0.1474,2.5889,41.332,21.466,,,,,,,,,,,,
2025-09_ASTRA_21_25,2025-09_ASTRA,21_25,C,2025-09-16T05:49:00,29.320299,42.921299,-2000,42,9.5337,18.7949,14.3943,9.1884,90.817,0.6883,0.1445,2.3074,42.34,21.4296,,,,,,,,,,,,
2025-09_ASTRA_21_25,2025-09_ASTRA,21_25,C,2025-09-16T05:49:00,29.320299,42.921299,-2000,43,9.421,18.8058,14.4172,9.2152,90.854,0.6386,0.14,2.0564,43.348,21.3799,,,,,,,,,,,,
2025-09_ASTRA_21_25,2025-09_ASTRA,21_25,C,2025-09-16T05:49:00,29.320299,42.921299,-2000,44,9.3823,18.8241,14.4363,9.1893,90.53,0.6003,0.1289,1.832,44.356,21.3781,,,,,,,,,,,,
2025-09_ASTRA_21_25,2025-09_ASTRA,21_25,C,2025-09-16T05:49:00,29.320299,42.921299,-2000,45,9.3938,18.8595,14.4625,9.0987,89.682,0.5286,0.1231,1.6323,45.365,21.4215,,,,,,,,,,,,
2025-09_ASTRA_21_25,2025-09_ASTRA,21_25,C,2025-09-16T05:49:00,29.320299,42.921299,-2000,46,9.2961,18.875,14.487,9.0534,89.044,0.4739,0.1212,1.4491,46.373,21.3845,,,,,,,,,,,,
2025-09_ASTRA_21_25,2025-09_ASTRA,21_25,C,2025-09-16T05:49:00,29.320299,42.921299,-2000,47,9.2457,18.8867,14.5025,9.0087,88.51,0.3983,0.1239,1.2019,47.381,21.3694,,,,,,,,,,,,
2025-09_ASTRA_21_25,2025-09_ASTRA,21_25,C,2025-09-16T05:49:00,29.320299,42.921299,-2000,48,9.1893,18.8966,14.5173,8.9684,88.006,0.3241,0.121,0.9639,48.389,21.3492,,,,,,,,,,,,
2025-09_ASTRA_21_25,2025-09_ASTRA,21_25,C,2025-09-16T05:49:00,29.320299,42.921299,-2000,49,9.0702,18.8957,14.5315,8.9272,87.363,0.2529,0.1139,0.8762,49.397,21.2836,,,,,,,,,,,,
2025-09_ASTRA_21_25,2025-09_ASTRA,21_25,C,2025-09-16T05:49:00,29.320299,42.921299,-2000,50,8.9802,18.8967,14.5434,8.8354,86.286,0.1882,0.1181,0.8046,50.406,21.2358,,,,,,,,,,,,
2025-09_ASTRA_21_25,2025-09_ASTRA,21_25,C,2025-09-16T05:49:00,29.320299,42.921299,-2000,51,8.9258,18.9063,14.5576,8.7463,85.314,0.1544,0.1216,0.7195,51.414,21.2164,,,,,,,,,,,,
2025-09_ASTRA_21_25,2025-09_ASTRA,21_25,C,2025-09-16T05:49:00,29.320299,42.921299,-2000,52,8.8738,18.9256,14.579,8.7112,84.881,0.1527,0.1132,0.6778,52.422,21.2082,,,,,,,,,,,,
2025-09_ASTRA_21_25,2025-09_ASTRA,21_25,C,2025-09-16T05:49:00,29.320299,42.921299,-2000,53,8.8622,18.9488,14.5984,8.6689,84.459,0.1634,0.1114,0.651,53.43,21.2259,,,,,,,,,,,,
2025-09_ASTRA_21_25,2025-09_ASTRA,21_25,C,2025-09-16T05:49:00,29.320299,42.921299,-2000,54,8.7963,18.9627,14.6173,8.6312,83.973,0.1716,0.1121,0.6093,54.439,21.2045,,,,,,,,,,,,
2025-09_ASTRA_21_25,2025-09_ASTRA,21_25,C,2025-09-16T05:49:00,29.320299,42.921299,-2000,55,8.7287,18.97,14.6311,8.6053,83.594,0.1699,0.1128,0.5327,55.447,21.1753,,,,,,,,,,,,
2025-09_ASTRA_21_25,2025-09_ASTRA,21_25,C,2025-09-16T05:49:00,29.320299,42.921299,-2000,56,8.7009,18.9816,14.6435,8.5761,83.262,0.1593,0.1172,0.4378,56.455,21.1723,,,,,,,,,,,,
2025-09_ASTRA_21_25,2025-09_ASTRA,21_25,C,2025-09-16T05:49:00,29.320299,42.921299,-2000,57,8.6846,18.9952,14.6561,8.505,82.549,0.1432,0.1182,0.3874,57.463,21.1776,,,,,,,,,,,,
2025-09_ASTRA_21_25,2025-09_ASTRA,21_25,C,2025-09-16T05:49:00,29.320299,42.921299,-2000,58,8.6604,19.0143,14.6739,8.3969,81.464,0.1234,0.1247,0.3697,58.472,21.1841,,,,,,,,,,,,
2025-09_ASTRA_21_25,2025-09_ASTRA,21_25,C,2025-09-16T05:49:00,29.320299,42.921299,-2000,59,8.6425,19.0303,14.6885,8.3123,80.618,0.1228,0.1244,0.3564,59.48,21.1909,,,,,,,,,,,,
2025-09_ASTRA_21_25,2025-09_ASTRA,21_25,C,2025-09-16T05:49:00,29.320299,42.921299,-2000,60,8.6312,19.0455,14.7017,8.23,79.808,0.1141,0.1231,0.3354,60.488,21.2005,,,,,,,,,,,,
2025-09_ASTRA_21_25,2025-09_ASTRA,21_25,C,2025-09-16T05:49:00,29.320299,42.921299,-2000,61,8.6348,19.0847,14.7319,8.0358,77.95,0.1018,0.1202,0.2966,61.497,21.2427,,,,,,,,,,,,
2025-09_ASTRA_21_25,2025-09_ASTRA,21_25,C,2025-09-16T05:49:00,29.320299,42.921299,-2000,62,8.6379,19.1397,14.7744,7.7649,75.354,0.0965,0.1197,0.264,62.505,21.3007,,,,,,,,,,,,
2025-09_ASTRA_21_25,2025-09_ASTRA,21_25,C,2025-09-16T05:49:00,29.320299,42.921299,-2000,63,8.6353,19.1826,14.8082,7.4544,72.356,0.0925,0.1241,0.2391,63.513,21.3432,,,,,,,,,,,,
2025-09_ASTRA_21_25,2025-09_ASTRA,21_25,C,2025-09-16T05:49:00,29.320299,42.921299,-2000,64,8.6693,19.2215,14.8345,7.0978,68.966,0.084,0.1258,0.2172,64.522,21.402,,,,,,,,,,,,
2025-09_ASTRA_21_25,2025-09_ASTRA,21_25,C,2025-09-16T05:49:00,29.320299,42.921299,-2000,65,8.708,19.2597,14.8596,6.7448,65.613,0.0833,0.1262,0.1996,65.53,21.4624,,,,,,,,,,,,
2025-09_ASTRA_21_25,2025-09_ASTRA,21_25,C,2025-09-16T05:49:00,29.320299,42.921299,-2000,66,8.7682,19.3113,14.8926,6.4117,62.479,0.0894,0.1257,0.1839,66.538,21.5487,,,,,,,,,,,,
2025-09_ASTRA_21_25,2025-09_ASTRA,21_25,C,2025-09-16T05:49:00,29.320299,42.921299,-2000,67,8.7768,19.3635,14.9323,6.1199,59.668,0.0846,0.124,0.1728,67.546,21.6071,,,,,,,,,,,,
2025-09_ASTRA_21_25,2025-09_ASTRA,21_25,C,2025-09-16T05:49:00,29.320299,42.921299,-2000,68,8.7591,19.4149,14.9745,5.7324,55.885,0.0797,0.1293,0.1809,68.555,21.65,,,,,,,,,,,,
2025-09_ASTRA_21_25,2025-09_ASTRA,21_25,C,2025-09-16T05:49:00,29.320299,42.921299,-2000,69,8.812,19.4882,15.0252,5.1711,50.498,0.082,0.1276,0.1836,69.563,21.7546,,,,,,,,,,,,
2025-09_ASTRA_21_25,2025-09_ASTRA,21_25,C,2025-09-16T05:49:00,29.320299,42.921299,-2000,70,8.8644,19.5564,15.072,4.6681,45.66,0.0863,0.1291,0.1727,70.571,21.854,,,,,,,,,,,,
2025-09_ASTRA_21_25,2025-09_ASTRA,21_25,C,2025-09-16T05:49:00,29.320299,42.921299,-2000,71,8.9244,19.6265,15.1192,4.2029,41.187,0.0789,0.1286,0.1598,71.579,21.9597,,,,,,,,,,,,
2025-09_ASTRA_21_25,2025-09_ASTRA,21_25,C,2025-09-16T05:49:00,29.320299,42.921299,-2000,72,8.9659,19.69,15.1635,3.7629,36.926,0.0669,0.1264,0.1468,72.588,22.0484,,,,,,,,,,,,
2025-09_ASTRA_21_25,2025-09_ASTRA,21_25,C,2025-09-16T05:49:00,29.320299,42.921299,-2000,73,8.996,19.7544,15.2099,3.32,32.614,0.0761,0.1274,0.1308,73.596,22.1317,,,,,,,,,,,,
2025-09_ASTRA_21_25,2025-09_ASTRA,21_25,C,2025-09-16T05:49:00,29.320299,42.921299,-2000,74,9.0174,19.8237,15.2612,2.8473,27.997,0.0881,0.1279,0.1113,74.604,22.215,,,,,,,,,,,,
2025-09_ASTRA_21_25,2025-09_ASTRA,21_25,C,2025-09-16T05:49:00,29.320299,42.921299,-2000,75,9.0293,19.901,15.32,2.3945,23.563,0.0745,0.1298,0.1044,75.613,22.3014,,,,,,,,,,,,
2025-09_ASTRA_21_25,2025-09_ASTRA,21_25,C,2025-09-16T05:49:00,29.320299,42.921299,-2000,76,9.0425,19.9585,15.3632,2.0587,20.273,0.0813,0.1237,0.1039,76.622,22.3681,,,,,,,,,,,,
2025-09_ASTRA_21_25,2025-09_ASTRA,21_25,C,2025-09-16T05:49:00,29.320299,42.921299,-2000,77,9.0318,20.0071,15.4024,1.7995,17.721,0.0691,0.1277,0.1038,77.63,22.4119,,,,,,,,,,,,
2025-09_ASTRA_21_25,2025-09_ASTRA,21_25,C,2025-09-16T05:49:00,29.320299,42.921299,-2000,78,9.0296,20.048,15.4346,1.5881,15.642,0.0649,0.13,0.1037,78.638,22.453,,,,,,,,,,,,
2025-09_ASTRA_21_25,2025-09_ASTRA,21_25,C,2025-09-16T05:49:00,29.320299,42.921299,-2000,79,9.0317,20.0785,15.4581,1.37,13.497,0.0538,0.1335,0.1037,79.646,22.4857,,,,,,,,,,,,
2025-09_ASTRA_21_25,2025-09_ASTRA,21_25,C,2025-09-16T05:49:00,29.320299,42.921299,-2000,80,9.0299,20.127,15.4961,1.1447,11.281,0.0455,0.1379,0.104,80.655,22.5345,,,,,,,,,,,,
2025-09_ASTRA_21_25,2025-09_ASTRA,21_25,C,2025-09-16T05:49:00,29.320299,42.921299,-2000,81,9.0262,20.16,15.5223,0.9163,9.032,0.0362,0.1345,0.1053,81.664,22.5666,,,,,,,,,,,,
2025-09_ASTRA_21_25,2025-09_ASTRA,21_25,C,2025-09-16T05:49:00,29.320299,42.921299,-2000,82,9.0297,20.1847,15.5411,0.7195,7.093,0.0439,0.1279,0.1063,82.672,22.594,,,,,,,,,,,,
2025-09_ASTRA_21_25,2025-09_ASTRA,21_25,C,2025-09-16T05:49:00,29.320299,42.921299,-2000,83,9.0237,20.212,15.5631,0.6261,6.173,0.0529,0.1229,0.1064,83.68,22.6187,,,,,,,,,,,,
2025-09_ASTRA_21_25,2025-09_ASTRA,21_25,C,2025-09-16T05:49:00,29.320299,42.921299,-2000,84,9.0155,20.2348,15.5819,0.5965,5.88,0.0638,0.1235,0.1063,84.688,22.6377,,,,,,,,,,,,
2025-09_ASTRA_21_25,2025-09_ASTRA,21_25,C,2025-09-16T05:49:00,29.320299,42.921299,-2000,85,9.0137,20.2557,15.5985,0.5316,5.241,0.0576,0.1127,0.1051,85.697,22.6584,,,,,,,,,,,,
2025-09_ASTRA_21_25,2025-09_ASTRA,21_25,C,2025-09-16T05:49:00,29.320299,42.921299,-2000,86,9.0131,20.276,15.6143,0.4674,4.609,0.0581,0.1057,0.1037,86.706,22.679,,,,,,,,,,,,
2025-09_ASTRA_21_25,2025-09_ASTRA,21_25,C,2025-09-16T05:49:00,29.320299,42.921299,-2000,87,9.0093,20.3206,15.6496,0.4307,4.248,0.0635,0.1023,0.1036,87.713,22.7227,,,,,,,,,,,,
2025-09_ASTRA_21_25,2025-09_ASTRA,21_25,C,2025-09-16T05:49:00,29.320299,42.921299,-2000,88,9.0051,20.3567,15.6783,0.4035,3.98,0.0511,0.0979,0.1037,88.722,22.7574,,,,,,,,,,,,
2025-09_ASTRA_21_25,2025-09_ASTRA,21_25,C,2025-09-16T05:49:00,29.320299,42.921299,-2000,89,9.0006,20.3918,15.7062,0.3794,3.743,0.0467,0.0976,0.1037,89.731,22.791,,,,,,,,,,,,
2025-09_ASTRA_21_25,2025-09_ASTRA,21_25,C,2025-09-16T05:49:00,29.320299,42.921299,-2000,90,8.9983,20.4111,15.7216,0.3575,3.527,0.0569,0.0981,0.1037,90.739,22.8096,,,,,,,,,,,,
2025-09_ASTRA_21_25,2025-09_ASTRA,21_25,C,2025-09-16T05:49:00,29.320299,42.921299,-2000,91,8.9949,20.4337,15.7396,0.3333,3.289,0.0641,0.0894,0.1037,91.748,22.8309,,,,,,,,,,,,
2025-09_ASTRA_21_25,2025-09_ASTRA,21_25,C,2025-09-16T05:49:00,29.320299,42.921299,-2000,92,8.9903,20.4565,15.758,0.31,3.059,0.0628,0.0959,0.1037,92.756,22.8518,,,,,,,,,,,,
2025-09_ASTRA_21_25,2025-09_ASTRA,21_25,C,2025-09-16T05:49:00,29.320299,42.921299,-2000,93,8.9849,20.4827,15.7791,0.2996,2.956,0.0588,0.1018,0.1037,93.765,22.8758,,,,,,,,,,,,
2025-09_ASTRA_21_25,2025-09_ASTRA,21_25,C,2025-09-16T05:49:00,29.320299,42.921299,-2000,94,8.9797,20.5039,15.7962,0.298,2.941,0.0549,0.0995,0.1037,94.772,22.8946,,,,,,,,,,,,
2025-09_ASTRA_21_25,2025-09_ASTRA,21_25,C,2025-09-16T05:49:00,29.320299,42.921299,-2000,95,8.9766,20.5275,15.815,0.2821,2.784,0.0601,0.0963,0.1038,95.781,22.9171,,,,,,,,,,,,
2025-09_ASTRA_21_25,2025-09_ASTRA,21_25,C,2025-09-16T05:49:00,29.320299,42.921299,-2000,96,8.9745,20.5458,15.8296,0.24,2.369,0.0818,0.0919,0.1044,96.79,22.9349,,,,,,,,,,,,
2025-09_ASTRA_21_25,2025-09_ASTRA,21_25,C,2025-09-16T05:49:00,29.320299,42.921299,-2000,97,8.9732,20.5589,15.8399,0.2067,2.04,0.0792,0.0923,0.1054,97.798,22.9478,,,,,,,,,,,,
2025-09_ASTRA_21_25,2025-09_ASTRA,21_25,C,2025-09-16T05:49:00,29.320299,42.921299,-2000,98,8.971,20.5765,15.8539,0.1836,1.812,0.0701,0.0978,0.1051,98.807,22.9647,,,,,,,,,,,,
2025-09_ASTRA_21_25,2025-09_ASTRA,21_25,C,2025-09-16T05:49:00,29.320299,42.921299,-2000,99,8.9661,20.6053,15.8771,0.1695,1.673,0.0709,0.093,0.105,99.815,22.9915,,,,,,,,,,,,
2025-09_ASTRA_21_25,2025-09_ASTRA,21_25,C,2025-09-16T05:49:00,29.320299,42.921299,-2000,100,8.9899,20.5685,15.8453,0.1578,1.558,0.0468,0.092,0.103,100.824,22.9684,,,,,,,,,,,,
2025-09_ASTRA_22_24,2025-09_ASTRA,22_24,C,2025-09-16T10:04:00,30.0184,43.1702,-1600,1,24.1846,18.843,11.4081,7.4314,98.658,0.0909,0.1156,1268.8001,1.007,29.9084,8.425,23.2,164.0,19.0,0.02,0.2254,0.06,0.06,0.2911,7.5038,0.18,7.3505
2025-09_ASTRA_22_24,2025-09_ASTRA,22_24,C,2025-09-16T10:04:00,30.0184,43.1702,-1600,2,24.1809,18.8435,11.4094,7.4535,98.945,0.1108,0.1329,1263.5,2.016,29.9071,,,,,,,,,,,,
2025-09_ASTRA_22_24,2025-09_ASTRA,22_24,C,2025-09-16T10:04:00,30.0184,43.1702,-1600,3,24.1861,18.8434,11.4079,7.4555,98.98,0.1186,0.1341,1087.1,3.024,29.9103,,,,,,,,,,,,
2025-09_ASTRA_22_24,2025-09_ASTRA,22_24,C,2025-09-16T10:04:00,30.0184,43.1702,-1600,4,24.1901,18.8436,11.407,7.4278,98.62,0.1175,0.1187,670.03,4.032,29.9134,,,,,,,,,,,,
2025-09_ASTRA_22_24,2025-09_ASTRA,22_24,C,2025-09-16T10:04:00,30.0184,43.1702,-1600,5,24.1723,18.8435,11.4118,7.4447,98.812,0.1119,0.1343,695.02,5.04,29.9027,,,,,,,,,,,,
2025-09_ASTRA_22_24,2025-09_ASTRA,22_24,C,2025-09-16T10:04:00,30.0184,43.1702,-1600,6,24.1176,18.8417,11.4256,7.4075,98.221,0.1341,0.1258,607.41,6.048,29.8675,,,,,,,,,,,,
2025-09_ASTRA_22_24,2025-09_ASTRA,22_24,C,2025-09-16T10:04:00,30.0184,43.1702,-1600,7,24.0247,18.8415,11.4509,7.3937,97.876,0.1336,0.1285,581.71,7.056,29.8115,,,,,,,,,,,,
2025-09_ASTRA_22_24,2025-09_ASTRA,22_24,C,2025-09-16T10:04:00,30.0184,43.1702,-1600,8,24.0027,18.8405,11.4561,7.409,98.04,0.1396,0.1274,459.77,8.064,29.797,,,,,,,,,,,,
2025-09_ASTRA_22_24,2025-09_ASTRA,22_24,C,2025-09-16T10:04:00,30.0184,43.1702,-1600,9,23.9917,18.8396,11.4585,7.4046,97.961,0.1537,0.1272,413.07,9.072,29.7894,,,,,,,,,,,,
2025-09_ASTRA_22_24,2025-09_ASTRA,22_24,C,2025-09-16T10:04:00,30.0184,43.1702,-1600,10,23.9783,18.8393,11.4619,7.437,98.366,0.18,0.1242,391.61,10.08,29.7811,,,,,,,,,,,,
2025-09_ASTRA_22_24,2025-09_ASTRA,22_24,C,2025-09-16T10:04:00,30.0184,43.1702,-1600,11,23.974,18.8395,11.4633,7.3923,97.768,0.19,0.1207,384.3,11.088,29.7792,,,,,,,,,,,,
2025-09_ASTRA_22_24,2025-09_ASTRA,22_24,C,2025-09-16T10:04:00,30.0184,43.1702,-1600,12,23.9709,18.8401,11.4645,7.4033,97.908,0.1963,0.1279,350.39,12.097,29.7784,,,,,,,,,,,,
2025-09_ASTRA_22_24,2025-09_ASTRA,22_24,C,2025-09-16T10:04:00,30.0184,43.1702,-1600,13,23.9718,18.8418,11.4656,7.4322,98.293,0.2133,0.1275,303.48,13.105,29.7816,,,,,,,,,,,,
2025-09_ASTRA_22_24,2025-09_ASTRA,22_24,C,2025-09-16T10:04:00,30.0184,43.1702,-1600,14,23.9722,18.8427,11.4661,7.4377,98.367,0.2274,0.1323,268.44,14.113,29.7834,,,,,,,,,,,,
2025-09_ASTRA_22_24,2025-09_ASTRA,22_24,C,2025-09-16T10:04:00,30.0184,43.1702,-1600,15,23.9699,18.843,11.467,7.4363,98.343,0.2584,0.1303,256.22,15.121,29.7827,,,,,,,,,,,,
2025-09_ASTRA_22_24,2025-09_ASTRA,22_24,C,2025-09-16T10:04:00,30.0184,43.1702,-1600,16,23.9672,18.8439,11.4685,7.3996,97.854,0.2945,0.1292,236.76,16.129,29.7828,,,,,,,,,,,,
2025-09_ASTRA_22_24,2025-09_ASTRA,22_24,C,2025-09-16T10:04:00,30.0184,43.1702,-1600,17,23.9673,18.8449,11.4692,7.3719,97.489,0.2993,0.1262,222.54,17.137,29.7844,,,,,,,,,,,,
2025-09_ASTRA_22_24,2025-09_ASTRA,22_24,C,2025-09-16T10:04:00,30.0184,43.1702,-1600,18,23.9675,18.8452,11.4694,7.3432,97.109,0.2915,0.1243,197.76,18.145,29.7854,,,,,,,,,,,,
2025-09_ASTRA_22_24,2025-09_ASTRA,22_24,C,2025-09-16T10:04:00,30.0184,43.1702,-1600,19,23.9678,18.8459,11.4698,7.3815,97.617,0.2966,0.1261,176.48,19.153,29.7868,,,,,,,,,,,,
2025-09_ASTRA_22_24,2025-09_ASTRA,22_24,C,2025-09-16T10:04:00,30.0184,43.1702,-1600,20,23.9669,18.8463,11.4704,7.3993,97.851,0.305,0.1311,162.43,20.162,29.7871,,,,,,,,,,,,
2025-09_ASTRA_22_24,2025-09_ASTRA,22_24,C,2025-09-16T10:04:00,30.0184,43.1702,-1600,21,23.966,18.8466,11.4708,7.4023,97.889,0.3046,0.1259,148.69,21.169,29.7872,,,,,,,,,,,,
2025-09_ASTRA_22_24,2025-09_ASTRA,22_24,C,2025-09-16T10:04:00,30.0184,43.1702,-1600,22,23.965,18.8468,11.4712,7.393,97.765,0.315,0.1239,133.38,22.178,29.7872,,,,,,,,,,,,
2025-09_ASTRA_22_24,2025-09_ASTRA,22_24,C,2025-09-16T10:04:00,30.0184,43.1702,-1600,23,23.961,18.8465,11.4721,7.4063,97.934,0.3063,0.124,121.12,23.186,29.7846,,,,,,,,,,,,
2025-09_ASTRA_22_24,2025-09_ASTRA,22_24,C,2025-09-16T10:04:00,30.0184,43.1702,-1600,24,23.9603,18.8461,11.472,7.3379,97.028,0.3212,0.1253,107.71,24.194,29.7838,,,,,,,,,,,,
2025-09_ASTRA_22_24,2025-09_ASTRA,22_24,C,2025-09-16T10:04:00,30.0184,43.1702,-1600,25,23.9424,18.839,11.4715,7.2195,95.428,0.4597,0.1329,98.33,25.202,29.7631,,,,,,,,,,,,
2025-09_ASTRA_22_24,2025-09_ASTRA,22_24,C,2025-09-16T10:04:00,30.0184,43.1702,-1600,26,22.6105,18.8065,11.8009,7.9082,101.972,0.8221,0.1434,92.303,26.21,28.92,,,,,,,,,,,,
2025-09_ASTRA_22_24,2025-09_ASTRA,22_24,C,2025-09-16T10:04:00,30.0184,43.1702,-1600,27,19.6834,18.7358,12.4753,8.8352,107.82,1.0761,0.1499,78.942,27.218,27.0962,,,,,,,,,,,,
2025-09_ASTRA_22_24,2025-09_ASTRA,22_24,C,2025-09-16T10:04:00,30.0184,43.1702,-1600,28,17.2839,18.701,12.9845,9.5083,110.702,1.0732,0.1456,68.704,28.226,25.6611,8.399,20.9,169.5,,0.02,0.2366,0.8458,0.05,0.4062,9.2748,0.39,8.7227
2025-09_ASTRA_22_24,2025-09_ASTRA,22_24,C,2025-09-16T10:04:00,30.0184,43.1702,-1600,29,15.2021,18.7298,13.4292,10.0083,111.771,1.0151,0.1501,57.37,29.235,24.507,,,,,,,,,,,,
2025-09_ASTRA_22_24,2025-09_ASTRA,22_24,C,2025-09-16T10:04:00,30.0184,43.1702,-1600,30,13.9985,18.7463,13.6661,10.0646,109.646,0.975,0.1584,45.901,30.242,23.846,,,,,,,,,,,,
2025-09_ASTRA_22_24,2025-09_ASTRA,22_24,C,2025-09-16T10:04:00,30.0184,43.1702,-1600,31,13.1379,18.7275,13.8012,10.0348,107.334,0.966,0.1554,38.445,31.251,23.3423,,,,,,,,,,,,
2025-09_ASTRA_22_24,2025-09_ASTRA,22_24,C,2025-09-16T10:04:00,30.0184,43.1702,-1600,32,12.7551,18.7054,13.849,9.8647,104.638,0.9453,0.1551,31.004,32.259,23.1037,,,,,,,,,,,,
2025-09_ASTRA_22_24,2025-09_ASTRA,22_24,C,2025-09-16T10:04:00,30.0184,43.1702,-1600,33,12.0937,18.7079,13.9579,9.7292,101.737,0.9201,0.1658,26.815,33.267,22.7397,,,,,,,,,,,,
2025-09_ASTRA_22_24,2025-09_ASTRA,22_24,C,2025-09-16T10:04:00,30.0184,43.1702,-1600,34,11.509,18.7093,14.0494,9.8547,101.739,0.8624,0.1515,23.595,34.275,22.4185,,,,,,,,,,,,
2025-09_ASTRA_22_24,2025-09_ASTRA,22_24,C,2025-09-16T10:04:00,30.0184,43.1702,-1600,35,11.1365,18.7106,14.1066,9.9454,101.841,0.7813,0.135,20.094,35.284,22.2151,,,,,,,,,,,,
2025-09_ASTRA_22_24,2025-09_ASTRA,22_24,C,2025-09-16T10:04:00,30.0184,43.1702,-1600,36,11.0643,18.7593,14.1549,9.8157,100.383,0.8173,0.1369,17.904,36.292,22.2284,,,,,,,,,,,,
2025-09_ASTRA_22_24,2025-09_ASTRA,22_24,C,2025-09-16T10:04:00,30.0184,43.1702,-1600,37,10.808,18.7921,14.2176,9.7176,98.838,0.9789,0.1528,15.788,37.3,22.123,,,,,,,,,,,,
2025-09_ASTRA_22_24,2025-09_ASTRA,22_24,C,2025-09-16T10:04:00,30.0184,43.1702,-1600,38,10.5382,18.798,14.2606,9.6766,97.834,1.1259,0.1562,14.061,38.308,21.9813,,,,,,,,,,,,
2025-09_ASTRA_22_24,2025-09_ASTRA,22_24,C,2025-09-16T10:04:00,30.0184,43.1702,-1600,39,10.2864,18.8038,14.3004,9.6748,97.269,1.2682,0.1563,12.69,39.316,21.8496,,,,,,,,,,,,
2025-09_ASTRA_22_24,2025-09_ASTRA,22_24,C,2025-09-16T10:04:00,30.0184,43.1702,-1600,40,10.1748,18.8056,14.3171,9.5839,96.115,1.364,0.1605,10.914,40.324,21.7905,,,,,,,,,,,,
2025-09_ASTRA_22_24,2025-09_ASTRA,22_24,C,2025-09-16T10:04:00,30.0184,43.1702,-1600,41,9.9914,18.819,14.3524,9.5131,95.02,1.2604,0.1535,9.6819,41.332,21.7046,8.313,14.0,165.6,,0.0864,0.3496,5.3427,0.15,0.321,7.2512,0.498,9.0756
2025-09_ASTRA_22_24,2025-09_ASTRA,22_24,C,2025-09-16T10:04:00,30.0184,43.1702,-1600,42,9.8708,18.8305,14.3776,9.4435,94.075,1.0933,0.1573,8.5931,42.341,21.651,,,,,,,,,,,,
2025-09_ASTRA_22_24,2025-09_ASTRA,22_24,C,2025-09-16T10:04:00,30.0184,43.1702,-1600,43,9.8333,18.8515,14.3989,9.3674,93.251,0.9513,0.1592,7.4565,43.349,21.6528,,,,,,,,,,,,
2025-09_ASTRA_22_24,2025-09_ASTRA,22_24,C,2025-09-16T10:04:00,30.0184,43.1702,-1600,44,9.7367,18.8595,14.418,9.3517,92.895,0.8513,0.1549,6.6588,44.358,21.6086,,,,,,,,,,,,
2025-09_ASTRA_22_24,2025-09_ASTRA,22_24,C,2025-09-16T10:04:00,30.0184,43.1702,-1600,45,9.6543,18.8691,14.4363,9.352,92.731,0.7734,0.1564,5.9651,45.365,21.5739,,,,,,,,,,,,
2025-09_ASTRA_22_24,2025-09_ASTRA,22_24,C,2025-09-16T10:04:00,30.0184,43.1702,-1600,46,9.6163,18.882,14.4513,9.2948,92.092,0.6694,0.1467,5.3532,46.374,21.5669,,,,,,,,,,,,
2025-09_ASTRA_22_24,2025-09_ASTRA,22_24,C,2025-09-16T10:04:00,30.0184,43.1702,-1600,47,9.4661,18.8944,14.4803,9.2432,91.277,0.5739,0.1351,4.7277,47.382,21.4979,,,,,,,,,,,,
2025-09_ASTRA_22_24,2025-09_ASTRA,22_24,C,2025-09-16T10:04:00,30.0184,43.1702,-1600,48,9.3762,18.9054,14.5005,9.1649,90.324,0.5035,0.1347,4.248,48.391,21.4604,,,,,,,,,,,,
2025-09_ASTRA_22_24,2025-09_ASTRA,22_24,C,2025-09-16T10:04:00,30.0184,43.1702,-1600,49,9.2796,18.9277,14.5302,9.0987,89.487,0.428,0.1307,3.8745,49.398,21.431,,,,,,,,,,,,
2025-09_ASTRA_22_24,2025-09_ASTRA,22_24,C,2025-09-16T10:04:00,30.0184,43.1702,-1600,50,9.158,18.937,14.5527,9.0535,88.801,0.382,0.1241,3.4778,50.407,21.3744,,,,,,,,,,,,
2025-09_ASTRA_22_24,2025-09_ASTRA,22_24,C,2025-09-16T10:04:00,30.0184,43.1702,-1600,51,9.1189,18.9409,14.5606,8.9994,88.193,0.353,0.1184,3.0855,51.415,21.3573,,,,,,,,,,,,
2025-09_ASTRA_22_24,2025-09_ASTRA,22_24,C,2025-09-16T10:04:00,30.0184,43.1702,-1600,52,9.0428,18.9622,14.5866,8.9033,87.111,0.3089,0.1138,2.5299,52.423,21.3379,,,,,,,,,,,,
2025-09_ASTRA_22_24,2025-09_ASTRA,22_24,C,2025-09-16T10:04:00,30.0184,43.1702,-1600,53,9.0307,18.9927,14.612,8.7891,85.987,0.2722,0.1154,2.1091,53.432,21.363,,,,,,,,,,,,
2025-09_ASTRA_22_24,2025-09_ASTRA,22_24,C,2025-09-16T10:04:00,30.0184,43.1702,-1600,54,8.9397,19.0037,14.6317,8.7123,85.064,0.2239,0.1127,1.8314,54.44,21.3249,,,,,,,,,,,,
2025-09_ASTRA_22_24,2025-09_ASTRA,22_24,C,2025-09-16T10:04:00,30.0184,43.1702,-1600,55,8.889,19.0148,14.6466,8.622,84.09,0.1901,0.1118,1.7009,55.448,21.3088,,,,,,,,,,,,
2025-09_ASTRA_22_24,2025-09_ASTRA,22_24,C,2025-09-16T10:04:00,30.0184,43.1702,-1600,56,8.837,19.03,14.6648,8.5108,82.914,0.1666,0.1118,1.6666,56.457,21.2962,,,,,,,,,,,,
2025-09_ASTRA_22_24,2025-09_ASTRA,22_24,C,2025-09-16T10:04:00,30.0184,43.1702,-1600,57,8.7888,19.0506,14.6867,8.3767,81.528,0.1522,0.1118,1.5891,57.465,21.2911,,,,,,,,,,,,
2025-09_ASTRA_22_24,2025-09_ASTRA,22_24,C,2025-09-16T10:04:00,30.0184,43.1702,-1600,58,8.7546,19.0693,14.7055,8.2206,79.956,0.1441,0.112,1.548,58.473,21.2918,,,,,,,,,,,,
2025-09_ASTRA_22_24,2025-09_ASTRA,22_24,C,2025-09-16T10:04:00,30.0184,43.1702,-1600,59,8.7165,19.0989,14.7331,8.0026,77.782,0.1302,0.1132,1.4929,59.481,21.3014,,,,,,,,,,,,
2025-09_ASTRA_22_24,2025-09_ASTRA,22_24,C,2025-09-16T10:04:00,30.0184,43.1702,-1600,60,8.7002,19.1479,14.7734,7.6944,74.782,0.1214,0.1134,1.4016,60.49,21.3428,,,,,,,,,,,,
2025-09_ASTRA_22_24,2025-09_ASTRA,22_24,C,2025-09-16T10:04:00,30.0184,43.1702,-1600,61,8.703,19.199,14.8129,7.3471,71.435,0.1042,0.1085,1.2945,61.498,21.3967,,,,,,,,,,,,
2025-09_ASTRA_22_24,2025-09_ASTRA,22_24,C,2025-09-16T10:04:00,30.0184,43.1702,-1600,62,8.7181,19.2411,14.8439,7.0162,68.26,0.1063,0.1094,1.1997,62.506,21.4482,,,,,,,,,,,,
2025-09_ASTRA_22_24,2025-09_ASTRA,22_24,C,2025-09-16T10:04:00,30.0184,43.1702,-1600,63,8.7241,19.2898,14.8812,6.6469,64.697,0.1003,0.108,1.102,63.515,21.5016,,,,,,,,,,,,
2025-09_ASTRA_22_24,2025-09_ASTRA,22_24,C,2025-09-16T10:04:00,30.0184,43.1702,-1600,64,8.7506,19.3388,14.9161,6.2253,60.648,0.0822,0.1128,1.01,64.523,21.5665,,,,,,,,,,,,
2025-09_ASTRA_22_24,2025-09_ASTRA,22_24,C,2025-09-16T10:04:00,30.0184,43.1702,-1600,65,8.8089,19.4103,14.9648,5.6852,55.485,0.0826,0.1164,0.8862,65.532,21.6722,,,,,,,,,,,,
2025-09_ASTRA_22_24,2025-09_ASTRA,22_24,C,2025-09-16T10:04:00,30.0184,43.1702,-1600,66,8.8569,19.4973,15.0267,5.15,50.346,0.0802,0.1161,0.8094,66.54,21.7881,,,,,,,,,,,,
2025-09_ASTRA_22_24,2025-09_ASTRA,22_24,C,2025-09-16T10:04:00,30.0184,43.1702,-1600,67,8.8807,19.5515,15.0661,4.7176,46.161,0.0747,0.1149,0.7824,67.548,21.8572,,,,,,,,,,,,
2025-09_ASTRA_22_24,2025-09_ASTRA,22_24,C,2025-09-16T10:04:00,30.0184,43.1702,-1600,68,8.9049,19.6026,15.103,4.3198,42.306,0.0722,0.1168,0.7372,68.557,21.9234,,,,,,,,,,,,
2025-09_ASTRA_22_24,2025-09_ASTRA,22_24,C,2025-09-16T10:04:00,30.0184,43.1702,-1600,69,8.9406,19.6685,15.1499,3.8897,38.14,0.0716,0.1191,0.6854,69.565,22.0112,,,,,,,,,,,,
2025-09_ASTRA_22_24,2025-09_ASTRA,22_24,C,2025-09-16T10:04:00,30.0184,43.1702,-1600,70,8.9751,19.7434,15.204,3.4434,33.807,0.0715,0.1229,0.6313,70.573,22.1076,,,,,,,,,,,,
2025-09_ASTRA_22_24,2025-09_ASTRA,22_24,C,2025-09-16T10:04:00,30.0184,43.1702,-1600,71,8.9949,19.7964,15.2428,3.039,29.861,0.0737,0.1256,0.5809,71.581,22.1734,,,,,,,,,,,,
2025-09_ASTRA_22_24,2025-09_ASTRA,22_24,C,2025-09-16T10:04:00,30.0184,43.1702,-1600,72,9.0137,19.8351,15.2706,2.7079,26.626,0.0795,0.1199,0.5376,72.59,22.224,,,,,,,,,,,,
2025-09_ASTRA_22_24,2025-09_ASTRA,22_24,C,2025-09-16T10:04:00,30.0184,43.1702,-1600,73,9.032,19.8915,15.3123,2.3949,23.566,0.0835,0.1131,0.4972,73.598,22.2926,,,,,,,,,,,,
2025-09_ASTRA_22_24,2025-09_ASTRA,22_24,C,2025-09-16T10:04:00,30.0184,43.1702,-1600,74,9.0429,19.9546,15.3601,2.1146,20.823,0.1113,0.1169,0.452,74.607,22.3638,,,,,,,,,,,,
2025-09_ASTRA_22_24,2025-09_ASTRA,22_24,C,2025-09-16T10:04:00,30.0184,43.1702,-1600,75,9.043,19.9769,15.3774,1.8588,18.306,0.1155,0.1213,0.4125,75.615,22.387,,,,,,,,,,,,
2025-09_ASTRA_22_24,2025-09_ASTRA,22_24,C,2025-09-16T10:04:00,30.0184,43.1702,-1600,76,9.0426,20.0304,15.4192,1.6014,15.776,0.0868,0.1159,0.3823,76.623,22.4418,,,,,,,,,,,,
2025-09_ASTRA_22_24,2025-09_ASTRA,22_24,C,2025-09-16T10:04:00,30.0184,43.1702,-1600,77,9.0393,20.0605,15.443,1.4021,13.815,0.0684,0.1148,0.3495,77.632,22.4709,,,,,,,,,,,,
2025-09_ASTRA_22_24,2025-09_ASTRA,22_24,C,2025-09-16T10:04:00,30.0184,43.1702,-1600,78,9.0376,20.0972,15.4718,1.2481,12.3,0.0543,0.1154,0.3161,78.64,22.5078,,,,,,,,,,,,
2025-09_ASTRA_22_24,2025-09_ASTRA,22_24,C,2025-09-16T10:04:00,30.0184,43.1702,-1600,79,9.0364,20.1164,15.487,1.1097,10.937,0.0582,0.1125,0.2907,79.648,22.5271,,,,,,,,,,,,
2025-09_ASTRA_22_24,2025-09_ASTRA,22_24,C,2025-09-16T10:04:00,30.0184,43.1702,-1600,80,9.0349,20.146,15.5103,0.9208,9.076,0.0545,0.1115,0.2666,80.657,22.5569,,,,,,,,,,,,
2025-09_ASTRA_22_24,2025-09_ASTRA,22_24,C,2025-09-16T10:04:00,30.0184,43.1702,-1600,81,9.0274,20.1984,15.552,0.7334,7.231,0.0495,0.1091,0.2431,81.665,22.6064,,,,,,,,,,,,
2025-09_ASTRA_22_24,2025-09_ASTRA,22_24,C,2025-09-16T10:04:00,30.0184,43.1702,-1600,82,9.0197,20.2504,15.5935,0.5892,5.809,0.0476,0.105,0.2214,82.674,22.6555,,,,,,,,,,,,
2025-09_ASTRA_22_24,2025-09_ASTRA,22_24,C,2025-09-16T10:04:00,30.0184,43.1702,-1600,83,9.0139,20.2948,15.6289,0.4989,4.92,0.0475,0.1007,0.2039,83.682,22.6977,,,,,,,,,,,,
2025-09_ASTRA_22_24,2025-09_ASTRA,22_24,C,2025-09-16T10:04:00,30.0184,43.1702,-1600,84,9.006,20.3463,15.6701,0.434,4.28,0.0476,0.0967,0.1894,84.691,22.7461,,,,,,,,,,,,
2025-09_ASTRA_22_24,2025-09_ASTRA,22_24,C,2025-09-16T10:04:00,30.0184,43.1702,-1600,85,8.9941,20.4112,15.7221,0.3839,3.787,0.048,0.0914,0.1755,85.699,22.8057,,,,,,,,,,,,
2025-09_ASTRA_22_24,2025-09_ASTRA,22_24,C,2025-09-16T10:04:00,30.0184,43.1702,-1600,86,8.9867,20.4662,15.766,0.3467,3.421,0.0504,0.0918,0.1632,86.707,22.8578,,,,,,,,,,,,
2025-09_ASTRA_22_24,2025-09_ASTRA,22_24,C,2025-09-16T10:04:00,30.0184,43.1702,-1600,87,8.9811,20.5003,15.7933,0.302,2.98,0.0626,0.0949,0.1496,87.716,22.8896,,,,,,,,,,,,
2025-09_ASTRA_22_24,2025-09_ASTRA,22_24,C,2025-09-16T10:04:00,30.0184,43.1702,-1600,88,8.967,20.5486,15.8328,0.2442,2.409,0.0706,0.1028,0.1365,88.724,22.931,,,,,,,,,,,,
2025-09_ASTRA_22_24,2025-09_ASTRA,22_24,C,2025-09-16T10:04:00,30.0184,43.1702,-1600,89,8.9585,20.5856,15.8626,0.209,2.062,0.0592,0.0986,0.1255,89.733,22.9639,,,,,,,,,,,,
2025-09_ASTRA_22_24,2025-09_ASTRA,22_24,C,2025-09-16T10:04:00,30.0184,43.1702,-1600,90,8.9585,20.6091,15.881,0.1898,1.874,0.0543,0.0913,0.1164,90.741,22.9881,,,,,,,,,,,,
2025-09_ASTRA_22_24,2025-09_ASTRA,22_24,C,2025-09-16T10:04:00,30.0184,43.1702,-1600,91,8.9568,20.6251,15.8937,0.1705,1.683,0.0593,0.0962,0.111,91.749,23.0038,,,,,,,,,,,,
2025-09_ASTRA_22_24,2025-09_ASTRA,22_24,C,2025-09-16T10:04:00,30.0184,43.1702,-1600,92,8.9523,20.6505,15.914,0.156,1.539,0.0598,0.1018,0.1071,92.758,23.0273,,,,,,,,,,,,
2025-09_ASTRA_22_24,2025-09_ASTRA,22_24,C,2025-09-16T10:04:00,30.0184,43.1702,-1600,93,8.951,20.6731,15.9319,0.1481,1.463,0.0595,0.1055,0.1062,93.767,23.0499,,,,,,,,,,,,
2025-09_ASTRA_22_24,2025-09_ASTRA,22_24,C,2025-09-16T10:04:00,30.0184,43.1702,-1600,94,8.9397,20.6962,15.9512,0.1453,1.435,0.0561,0.1074,0.1057,94.775,23.067,,,,,,,,,,,,
2025-09_ASTRA_22_24,2025-09_ASTRA,22_24,C,2025-09-16T10:04:00,30.0184,43.1702,-1600,95,8.9373,20.7157,15.9668,0.1554,1.534,0.0528,0.1094,0.1047,95.784,23.0857,,,,,,,,,,,,
2025-09_ASTRA_22_24,2025-09_ASTRA,22_24,C,2025-09-16T10:04:00,30.0184,43.1702,-1600,96,8.9429,20.74,15.9851,0.1756,1.733,0.061,0.1105,0.104,96.792,23.1141,,,,,,,,,,,,
2025-09_ASTRA_22_24,2025-09_ASTRA,22_24,C,2025-09-16T10:04:00,30.0184,43.1702,-1600,97,8.9391,20.769,16.0081,0.1617,1.597,0.0712,0.1249,0.1046,97.8,23.1417,,,,,,,,,,,,
2025-09_ASTRA_22_24,2025-09_ASTRA,22_24,C,2025-09-16T10:04:00,30.0184,43.1702,-1600,98,8.9328,20.8035,16.0359,0.1367,1.35,0.0778,0.153,0.1062,98.809,23.1734,,,,,,,,,,,,
2025-09_ASTRA_22_24,2025-09_ASTRA,22_24,C,2025-09-16T10:04:00,30.0184,43.1702,-1600,99,8.9327,20.8207,16.0492,0.1264,1.249,0.0922,0.1724,0.1064,99.818,23.191,,,,,,,,,,,,
2025-09_ASTRA_22_24,2025-09_ASTRA,22_24,C,2025-09-16T10:04:00,30.0184,43.1702,-1600,100,8.9384,20.8389,16.0627,0.1289,1.274,0.0937,0.1451,0.1064,100.826,23.2133,,,,,,,,,,,,
2025-09_ASTRA_23_12,2025-09_ASTRA,23_12,C,2025-09-16T12:55:00,30.3685,42.913601,-1900,1,24.5852,19.0167,11.4273,7.4719,100.006,0.1482,0.1239,779.35,1.008,30.4026,8.423,23.4,189.0,15.0,0.02,0.2606,0.3383,0.05,0.3028,6.9042,0.198,7.2611
2025-09_ASTRA_23_12,2025-09_ASTRA,23_12,C,2025-09-16T12:55:00,30.3685,42.913601,-1900,2,24.5914,19.0167,11.4256,7.416,99.268,0.158,0.1216,236.12,2.016,30.4067,,,,,,,,,,,,
2025-09_ASTRA_23_12,2025-09_ASTRA,23_12,C,2025-09-16T12:55:00,30.3685,42.913601,-1900,3,24.5468,19.0164,11.4378,7.4059,99.054,0.1615,0.1358,111.36,3.024,30.3794,,,,,,,,,,,,
2025-09_ASTRA_23_12,2025-09_ASTRA,23_12,C,2025-09-16T12:55:00,30.3685,42.913601,-1900,4,24.4912,19.0134,11.4511,7.4542,99.6,0.182,0.1331,95.302,4.032,30.3414,,,,,,,,,,,,
2025-09_ASTRA_23_12,2025-09_ASTRA,23_12,C,2025-09-16T12:55:00,30.3685,42.913601,-1900,5,24.3739,19.0094,11.4807,7.3881,98.508,0.1892,0.1325,83.604,5.04,30.2645,,,,,,,,,,,,
2025-09_ASTRA_23_12,2025-09_ASTRA,23_12,C,2025-09-16T12:55:00,30.3685,42.913601,-1900,6,24.2676,19.0063,11.5078,7.3695,98.073,0.1977,0.1314,77.603,6.048,30.1956,,,,,,,,,,,,
2025-09_ASTRA_23_12,2025-09_ASTRA,23_12,C,2025-09-16T12:55:00,30.3685,42.913601,-1900,7,24.2371,19.0026,11.5134,7.4208,98.7,0.2221,0.1325,72.533,7.056,30.172,,,,,,,,,,,,
2025-09_ASTRA_23_12,2025-09_ASTRA,23_12,C,2025-09-16T12:55:00,30.3685,42.913601,-1900,8,24.2236,19.0028,11.5173,7.4479,99.036,0.2281,0.14,68.342,8.064,30.1645,,,,,,,,,,,,
2025-09_ASTRA_23_12,2025-09_ASTRA,23_12,C,2025-09-16T12:55:00,30.3685,42.913601,-1900,9,24.2043,19.003,11.5229,7.4118,98.522,0.2293,0.1433,65.499,9.072,30.1532,,,,,,,,,,,,
2025-09_ASTRA_23_12,2025-09_ASTRA,23_12,C,2025-09-16T12:55:00,30.3685,42.913601,-1900,10,24.2006,19.0025,11.5234,7.4247,98.687,0.2437,0.1343,63.373,10.08,30.1506,,,,,,,,,,,,
2025-09_ASTRA_23_12,2025-09_ASTRA,23_12,C,2025-09-16T12:55:00,30.3685,42.913601,-1900,11,24.1918,19.0029,11.5262,7.4282,98.718,0.2565,0.1372,60.446,11.088,30.146,,,,,,,,,,,,
2025-09_ASTRA_23_12,2025-09_ASTRA,23_12,C,2025-09-16T12:55:00,30.3685,42.913601,-1900,12,24.1816,19.0035,11.5294,7.3936,98.24,0.2758,0.1374,57.384,12.096,30.1409,,,,,,,,,,,,
2025-09_ASTRA_23_12,2025-09_ASTRA,23_12,C,2025-09-16T12:55:00,30.3685,42.913601,-1900,13,24.1753,19.0035,11.5312,7.3994,98.306,0.2901,0.1357,55.221,13.104,30.1374,,,,,,,,,,,,
2025-09_ASTRA_23_12,2025-09_ASTRA,23_12,C,2025-09-16T12:55:00,30.3685,42.913601,-1900,14,24.1706,19.0038,11.5327,7.457,99.064,0.3087,0.1352,53.378,14.112,30.1352,,,,,,,,,,,,
2025-09_ASTRA_23_12,2025-09_ASTRA,23_12,C,2025-09-16T12:55:00,30.3685,42.913601,-1900,15,24.1684,19.004,11.5334,7.4656,99.174,0.2934,0.1439,50.683,15.12,30.1345,,,,,,,,,,,,
2025-09_ASTRA_23_12,2025-09_ASTRA,23_12,C,2025-09-16T12:55:00,30.3685,42.913601,-1900,16,24.1657,19.0043,11.5344,7.429,98.683,0.3005,0.1461,48.046,16.128,30.1334,,,,,,,,,,,,
2025-09_ASTRA_23_12,2025-09_ASTRA,23_12,C,2025-09-16T12:55:00,30.3685,42.913601,-1900,17,24.1618,19.0041,11.5353,7.4195,98.551,0.3078,0.1421,44.786,17.137,30.1311,,,,,,,,,,,,
2025-09_ASTRA_23_12,2025-09_ASTRA,23_12,C,2025-09-16T12:55:00,30.3685,42.913601,-1900,18,24.1588,19.004,11.5361,7.4383,98.795,0.3103,0.1484,42.443,18.144,30.1294,,,,,,,,,,,,
2025-09_ASTRA_23_12,2025-09_ASTRA,23_12,C,2025-09-16T12:55:00,30.3685,42.913601,-1900,19,24.1578,19.004,11.5364,7.4464,98.9,0.3156,0.1785,41.534,19.153,30.1291,,,,,,,,,,,,
2025-09_ASTRA_23_12,2025-09_ASTRA,23_12,C,2025-09-16T12:55:00,30.3685,42.913601,-1900,20,24.1567,19.0042,11.5368,7.4438,98.864,0.3149,0.1567,39.843,20.161,30.1289,,,,,,,,,,,,
2025-09_ASTRA_23_12,2025-09_ASTRA,23_12,C,2025-09-16T12:55:00,30.3685,42.913601,-1900,21,24.1544,19.0042,11.5374,7.4268,98.635,0.3181,0.1407,37.5,21.169,30.1278,,,,,,,,,,,,
2025-09_ASTRA_23_12,2025-09_ASTRA,23_12,C,2025-09-16T12:55:00,30.3685,42.913601,-1900,22,24.1523,19.0043,11.5381,7.3982,98.251,0.3223,0.1413,34.824,22.177,30.127,,,,,,,,,,,,
2025-09_ASTRA_23_12,2025-09_ASTRA,23_12,C,2025-09-16T12:55:00,30.3685,42.913601,-1900,23,24.1507,19.0042,11.5386,7.4048,98.335,0.3279,0.1359,32.451,23.185,30.1262,,,,,,,,,,,,
2025-09_ASTRA_23_12,2025-09_ASTRA,23_12,C,2025-09-16T12:55:00,30.3685,42.913601,-1900,24,24.1495,19.0043,11.5389,7.435,98.736,0.3396,0.1284,31.328,24.193,30.1259,,,,,,,,,,,,
2025-09_ASTRA_23_12,2025-09_ASTRA,23_12,C,2025-09-16T12:55:00,30.3685,42.913601,-1900,25,24.1479,19.0045,11.5395,7.416,98.48,0.3562,0.1318,30.16,25.201,30.1254,,,,,,,,,,,,
2025-09_ASTRA_23_12,2025-09_ASTRA,23_12,C,2025-09-16T12:55:00,30.3685,42.913601,-1900,26,24.1469,19.0046,11.5398,7.3989,98.251,0.38,0.1379,28.026,26.21,30.1252,,,,,,,,,,,,
2025-09_ASTRA_23_12,2025-09_ASTRA,23_12,C,2025-09-16T12:55:00,30.3685,42.913601,-1900,27,24.1449,19.0047,11.5405,7.4038,98.312,0.3881,0.1379,26.034,27.217,30.1245,,,,,,,,,,,,
2025-09_ASTRA_23_12,2025-09_ASTRA,23_12,C,2025-09-16T12:55:00,30.3685,42.913601,-1900,28,24.1418,19.0046,11.5412,7.4125,98.423,0.3876,0.1338,24.498,28.226,30.1226,,,,,,,,,,,,
2025-09_ASTRA_23_12,2025-09_ASTRA,23_12,C,2025-09-16T12:55:00,30.3685,42.913601,-1900,29,24.1359,19.0047,11.5429,7.3301,97.319,0.4057,0.1295,22.853,29.234,30.1195,,,,,,,,,,,,
2025-09_ASTRA_23_12,2025-09_ASTRA,23_12,C,2025-09-16T12:55:00,30.3685,42.913601,-1900,30,24.1248,19.006,11.5469,6.9767,92.609,0.4801,0.1337,21.007,30.242,30.1148,,,,,,,,,,,,
2025-09_ASTRA_23_12,2025-09_ASTRA,23_12,C,2025-09-16T12:55:00,30.3685,42.913601,-1900,31,23.6628,18.9125,11.6017,7.137,93.869,0.7827,0.1454,19.342,31.25,29.7026,,,,,,,,,,,,
2025-09_ASTRA_23_12,2025-09_ASTRA,23_12,C,2025-09-16T12:55:00,30.3685,42.913601,-1900,32,18.4314,18.8361,12.8139,8.9392,106.155,1.089,0.1496,17.501,32.258,26.5102,,,,,,,,,,,,
2025-09_ASTRA_23_12,2025-09_ASTRA,23_12,C,2025-09-16T12:55:00,30.3685,42.913601,-1900,33,15.0627,18.665,13.3977,9.9692,110.859,1.1054,0.1442,15.106,33.267,24.3578,8.35,16.0,185.2,,0.02,0.3374,4.2928,0.05,0.4054,8.5364,0.596,9.9162
2025-09_ASTRA_23_12,2025-09_ASTRA,23_12,C,2025-09-16T12:55:00,30.3685,42.913601,-1900,34,13.6275,18.608,13.6243,10.197,110.124,1.012,0.1402,12.587,34.275,23.4798,,,,,,,,,,,,
2025-09_ASTRA_23_12,2025-09_ASTRA,23_12,C,2025-09-16T12:55:00,30.3685,42.913601,-1900,35,12.7918,18.6026,13.7632,10.1265,107.433,0.9425,0.1467,10.384,35.283,23.0092,,,,,,,,,,,,
2025-09_ASTRA_23_12,2025-09_ASTRA,23_12,C,2025-09-16T12:55:00,30.3685,42.913601,-1900,36,12.0768,18.6168,13.89,10.0029,104.504,0.9069,0.1498,8.6089,36.29,22.6301,,,,,,,,,,,,
2025-09_ASTRA_23_12,2025-09_ASTRA,23_12,C,2025-09-16T12:55:00,30.3685,42.913601,-1900,37,11.5268,18.6251,13.9817,9.8983,102.18,0.8767,0.1462,7.307,37.299,22.3369,,,,,,,,,,,,
2025-09_ASTRA_23_12,2025-09_ASTRA,23_12,C,2025-09-16T12:55:00,30.3685,42.913601,-1900,38,10.9721,18.6523,14.0852,9.8581,100.543,0.8568,0.1451,6.3188,38.307,22.0625,,,,,,,,,,,,
2025-09_ASTRA_23_12,2025-09_ASTRA,23_12,C,2025-09-16T12:55:00,30.3685,42.913601,-1900,39,10.6155,18.6797,14.1579,9.8373,99.556,0.8573,0.1415,5.4863,39.315,21.8973,,,,,,,,,,,,
2025-09_ASTRA_23_12,2025-09_ASTRA,23_12,C,2025-09-16T12:55:00,30.3685,42.913601,-1900,40,10.3721,18.6888,14.1992,9.8306,98.953,0.8448,0.1432,4.6376,40.323,21.7743,,,,,,,,,,,,
2025-09_ASTRA_23_12,2025-09_ASTRA,23_12,C,2025-09-16T12:55:00,30.3685,42.913601,-1900,41,10.1857,18.6921,14.2275,9.7868,98.103,0.845,0.1525,4.0126,41.332,21.6765,,,,,,,,,,,,
2025-09_ASTRA_23_12,2025-09_ASTRA,23_12,C,2025-09-16T12:55:00,30.3685,42.913601,-1900,42,10.0266,18.702,14.2568,9.695,96.842,0.8731,0.1637,3.5365,42.34,21.6006,,,,,,,,,,,,
2025-09_ASTRA_23_12,2025-09_ASTRA,23_12,C,2025-09-16T12:55:00,30.3685,42.913601,-1900,43,9.9137,18.7166,14.2833,9.621,95.868,0.9106,0.1667,3.1415,43.348,21.5548,,,,,,,,,,,,
2025-09_ASTRA_23_12,2025-09_ASTRA,23_12,C,2025-09-16T12:55:00,30.3685,42.913601,-1900,44,9.8013,18.7312,14.3096,9.5372,94.8,0.9451,0.1628,2.8176,44.356,21.5093,,,,,,,,,,,,
2025-09_ASTRA_23_12,2025-09_ASTRA,23_12,C,2025-09-16T12:55:00,30.3685,42.913601,-1900,45,9.6799,18.748,14.3386,9.4083,93.272,0.9223,0.1645,2.45,45.365,21.461,8.273,10.9,205.0,,0.0938,0.3399,5.5671,0.08,0.3146,7.9757,0.481,8.9991
2025-09_ASTRA_23_12,2025-09_ASTRA,23_12,C,2025-09-16T12:55:00,30.3685,42.913601,-1900,46,9.5424,18.7586,14.3648,9.3475,92.387,0.8126,0.1669,2.2788,46.373,21.3976,,,,,,,,,,,,
2025-09_ASTRA_23_12,2025-09_ASTRA,23_12,C,2025-09-16T12:55:00,30.3685,42.913601,-1900,47,9.3882,18.7644,14.3892,9.3548,92.137,0.6932,0.1609,2.2781,47.381,21.3201,,,,,,,,,,,,
2025-09_ASTRA_23_12,2025-09_ASTRA,23_12,C,2025-09-16T12:55:00,30.3685,42.913601,-1900,48,9.2683,18.7744,14.4121,9.3612,91.955,0.6298,0.1486,2.1774,48.389,21.2657,,,,,,,,,,,,
2025-09_ASTRA_23_12,2025-09_ASTRA,23_12,C,2025-09-16T12:55:00,30.3685,42.913601,-1900,49,9.2185,18.7916,14.4318,9.2978,91.237,0.5879,0.1403,1.9865,49.398,21.2567,,,,,,,,,,,,
2025-09_ASTRA_23_12,2025-09_ASTRA,23_12,C,2025-09-16T12:55:00,30.3685,42.913601,-1900,50,9.2427,18.8193,14.4504,9.1569,89.921,0.5331,0.1321,1.7964,50.406,21.2989,,,,,,,,,,,,
2025-09_ASTRA_23_12,2025-09_ASTRA,23_12,C,2025-09-16T12:55:00,30.3685,42.913601,-1900,51,9.1717,18.8294,14.4671,9.0798,89.024,0.4728,0.1298,1.6184,51.414,21.271,,,,,,,,,,,,
2025-09_ASTRA_23_12,2025-09_ASTRA,23_12,C,2025-09-16T12:55:00,30.3685,42.913601,-1900,52,9.1105,18.8376,14.4813,9.0549,88.661,0.4307,0.1295,1.4717,52.422,21.2465,,,,,,,,,,,,
2025-09_ASTRA_23_12,2025-09_ASTRA,23_12,C,2025-09-16T12:55:00,30.3685,42.913601,-1900,53,9.0442,18.8473,14.4969,9.0707,88.687,0.397,0.1286,1.3358,53.431,21.2206,,,,,,,,,,,,
2025-09_ASTRA_23_12,2025-09_ASTRA,23_12,C,2025-09-16T12:55:00,30.3685,42.913601,-1900,54,9.0252,18.8577,14.5074,9.0539,88.489,0.3578,0.1359,1.2175,54.438,21.2213,,,,,,,,,,,,
2025-09_ASTRA_23_12,2025-09_ASTRA,23_12,C,2025-09-16T12:55:00,30.3685,42.913601,-1900,55,8.9858,18.8776,14.5277,9.0097,87.989,0.321,0.1271,1.1071,55.447,21.2206,,,,,,,,,,,,
2025-09_ASTRA_23_12,2025-09_ASTRA,23_12,C,2025-09-16T12:55:00,30.3685,42.913601,-1900,56,8.9274,18.8887,14.5436,8.9617,87.409,0.2916,0.1187,1.0105,56.455,21.2005,,,,,,,,,,,,
2025-09_ASTRA_23_12,2025-09_ASTRA,23_12,C,2025-09-16T12:55:00,30.3685,42.913601,-1900,57,8.8867,18.901,14.5582,8.8823,86.561,0.2552,0.1221,0.9199,57.463,21.1913,,,,,,,,,,,,
2025-09_ASTRA_23_12,2025-09_ASTRA,23_12,C,2025-09-16T12:55:00,30.3685,42.913601,-1900,58,8.8345,18.9107,14.5721,8.754,85.213,0.2064,0.1277,0.8431,58.472,21.1732,,,,,,,,,,,,
2025-09_ASTRA_23_12,2025-09_ASTRA,23_12,C,2025-09-16T12:55:00,30.3685,42.913601,-1900,59,8.7803,18.9295,14.5933,8.6479,84.086,0.1616,0.1272,0.7736,59.48,21.1631,,,,,,,,,,,,
2025-09_ASTRA_23_12,2025-09_ASTRA,23_12,C,2025-09-16T12:55:00,30.3685,42.913601,-1900,60,8.701,18.9405,14.6115,8.6517,83.975,0.1379,0.114,0.7118,60.488,21.1315,,,,,,,,,,,,
2025-09_ASTRA_23_12,2025-09_ASTRA,23_12,C,2025-09-16T12:55:00,30.3685,42.913601,-1900,61,8.652,18.9504,14.625,8.6749,84.11,0.1318,0.1064,0.6537,61.496,21.1151,,,,,,,,,,,,
2025-09_ASTRA_23_12,2025-09_ASTRA,23_12,C,2025-09-16T12:55:00,30.3685,42.913601,-1900,62,8.6323,18.9648,14.6386,8.6027,83.38,0.1196,0.1014,0.6021,62.505,21.1194,,,,,,,,,,,,
2025-09_ASTRA_23_12,2025-09_ASTRA,23_12,C,2025-09-16T12:55:00,30.3685,42.913601,-1900,63,8.6325,18.9784,14.6492,8.4919,82.314,0.092,0.1113,0.5575,63.513,21.1337,,,,,,,,,,,,
2025-09_ASTRA_23_12,2025-09_ASTRA,23_12,C,2025-09-16T12:55:00,30.3685,42.913601,-1900,64,8.6208,18.9949,14.6635,8.4111,81.517,0.0751,0.1165,0.518,64.522,21.1445,,,,,,,,,,,,
2025-09_ASTRA_23_12,2025-09_ASTRA,23_12,C,2025-09-16T12:55:00,30.3685,42.913601,-1900,65,8.5999,19.0093,14.6772,8.3967,81.345,0.0715,0.1174,0.4807,65.53,21.148,,,,,,,,,,,,
2025-09_ASTRA_23_12,2025-09_ASTRA,23_12,C,2025-09-16T12:55:00,30.3685,42.913601,-1900,66,8.5694,19.0308,14.6976,8.3939,81.273,0.071,0.1176,0.448,66.538,21.1535,,,,,,,,,,,,
2025-09_ASTRA_23_12,2025-09_ASTRA,23_12,C,2025-09-16T12:55:00,30.3685,42.913601,-1900,67,8.573,19.0593,14.7194,8.2641,80.037,0.0692,0.1176,0.4151,67.547,21.1847,,,,,,,,,,,,
2025-09_ASTRA_23_12,2025-09_ASTRA,23_12,C,2025-09-16T12:55:00,30.3685,42.913601,-1900,68,8.6098,19.095,14.7429,7.9877,77.444,0.0635,0.117,0.3821,68.555,21.2415,,,,,,,,,,,,
2025-09_ASTRA_23_12,2025-09_ASTRA,23_12,C,2025-09-16T12:55:00,30.3685,42.913601,-1900,69,8.6768,19.1216,14.7556,7.5948,73.762,0.0623,0.114,0.3503,69.563,21.3057,,,,,,,,,,,,
2025-09_ASTRA_23_12,2025-09_ASTRA,23_12,C,2025-09-16T12:55:00,30.3685,42.913601,-1900,70,8.7268,19.1679,14.7857,7.1935,69.965,0.0713,0.1124,0.3177,70.571,21.3807,,,,,,,,,,,,
2025-09_ASTRA_23_12,2025-09_ASTRA,23_12,C,2025-09-16T12:55:00,30.3685,42.913601,-1900,71,8.7171,19.2088,14.8188,6.9603,67.701,0.0678,0.1149,0.293,71.58,21.4173,,,,,,,,,,,,
2025-09_ASTRA_23_12,2025-09_ASTRA,23_12,C,2025-09-16T12:55:00,30.3685,42.913601,-1900,72,8.7773,19.2446,14.8394,6.6922,65.198,0.0603,0.1153,0.2694,72.588,21.4874,,,,,,,,,,,,
2025-09_ASTRA_23_12,2025-09_ASTRA,23_12,C,2025-09-16T12:55:00,30.3685,42.913601,-1900,73,8.7981,19.2932,14.8748,6.4036,62.435,0.0597,0.1188,0.2459,73.597,21.5489,,,,,,,,,,,,
2025-09_ASTRA_23_12,2025-09_ASTRA,23_12,C,2025-09-16T12:55:00,30.3685,42.913601,-1900,74,8.8028,19.333,14.9052,6.1635,60.116,0.0628,0.1152,0.2265,74.605,21.5924,,,,,,,,,,,,
2025-09_ASTRA_23_12,2025-09_ASTRA,23_12,C,2025-09-16T12:55:00,30.3685,42.913601,-1900,75,8.8233,19.368,14.93,5.9603,58.175,0.0598,0.1059,0.2087,75.613,21.6399,,,,,,,,,,,,
2025-09_ASTRA_23_12,2025-09_ASTRA,23_12,C,2025-09-16T12:55:00,30.3685,42.913601,-1900,76,8.8295,19.3874,14.9445,5.7562,56.199,0.05,0.1108,0.1875,76.621,21.6635,,,,,,,,,,,,
2025-09_ASTRA_23_12,2025-09_ASTRA,23_12,C,2025-09-16T12:55:00,30.3685,42.913601,-1900,77,8.8539,19.437,14.9801,5.4583,53.336,0.0561,0.119,0.1719,77.63,21.728,,,,,,,,,,,,
2025-09_ASTRA_23_12,2025-09_ASTRA,23_12,C,2025-09-16T12:55:00,30.3685,42.913601,-1900,78,8.8822,19.4931,15.0204,5.0422,49.32,0.0646,0.1229,0.1528,78.638,21.8015,,,,,,,,,,,,
2025-09_ASTRA_23_12,2025-09_ASTRA,23_12,C,2025-09-16T12:55:00,30.3685,42.913601,-1900,79,8.948,19.5823,15.0818,4.4969,44.077,0.0658,0.1216,0.1396,79.647,21.9301,,,,,,,,,,,,
2025-09_ASTRA_23_12,2025-09_ASTRA,23_12,C,2025-09-16T12:55:00,30.3685,42.913601,-1900,80,8.9905,19.6511,15.1301,4.0096,39.358,0.0707,0.1215,0.1333,80.655,22.0247,,,,,,,,,,,,
2025-09_ASTRA_23_12,2025-09_ASTRA,23_12,C,2025-09-16T12:55:00,30.3685,42.913601,-1900,81,9.0172,19.7017,15.1662,3.6669,36.028,0.0702,0.1235,0.1227,81.663,22.092,,,,,,,,,,,,
2025-09_ASTRA_23_12,2025-09_ASTRA,23_12,C,2025-09-16T12:55:00,30.3685,42.913601,-1900,82,9.0342,19.7473,15.1996,3.3878,33.308,0.0635,0.1211,0.1133,82.672,22.1487,,,,,,,,,,,,
2025-09_ASTRA_23_12,2025-09_ASTRA,23_12,C,2025-09-16T12:55:00,30.3685,42.913601,-1900,83,9.0525,19.8006,15.2389,3.0587,30.095,0.0578,0.122,0.1069,83.68,22.2141,,,,,,,,,,,,
2025-09_ASTRA_23_12,2025-09_ASTRA,23_12,C,2025-09-16T12:55:00,30.3685,42.913601,-1900,84,9.0609,19.8607,15.2846,2.6679,26.265,0.0499,0.1207,0.1042,84.688,22.2808,,,,,,,,,,,,
2025-09_ASTRA_23_12,2025-09_ASTRA,23_12,C,2025-09-16T12:55:00,30.3685,42.913601,-1900,85,9.0623,19.9073,15.3208,2.3498,23.142,0.0475,0.117,0.1037,85.697,22.3296,,,,,,,,,,,,
2025-09_ASTRA_23_12,2025-09_ASTRA,23_12,C,2025-09-16T12:55:00,30.3685,42.913601,-1900,86,9.0652,19.9397,15.3457,2.2125,21.795,0.0556,0.123,0.1039,86.706,22.3648,,,,,,,,,,,,
2025-09_ASTRA_23_12,2025-09_ASTRA,23_12,C,2025-09-16T12:55:00,30.3685,42.913601,-1900,87,9.0656,19.9777,15.3752,2.1182,20.872,0.0678,0.1236,0.1052,87.714,22.4043,,,,,,,,,,,,
2025-09_ASTRA_23_12,2025-09_ASTRA,23_12,C,2025-09-16T12:55:00,30.3685,42.913601,-1900,88,9.0661,20.0112,15.4012,1.978,19.495,0.0673,0.1222,0.1063,88.722,22.4392,,,,,,,,,,,,
2025-09_ASTRA_23_12,2025-09_ASTRA,23_12,C,2025-09-16T12:55:00,30.3685,42.913601,-1900,89,9.0584,20.05,15.4325,1.7259,17.011,0.0613,0.1191,0.1066,89.731,22.4748,,,,,,,,,,,,
2025-09_ASTRA_23_12,2025-09_ASTRA,23_12,C,2025-09-16T12:55:00,30.3685,42.913601,-1900,90,9.0444,20.0842,15.4609,1.4099,13.895,0.0592,0.1189,0.1053,90.739,22.5021,,,,,,,,,,,,
2025-09_ASTRA_23_12,2025-09_ASTRA,23_12,C,2025-09-16T12:55:00,30.3685,42.913601,-1900,91,9.0368,20.1282,15.4962,1.149,11.326,0.0586,0.1217,0.1039,91.747,22.5431,,,,,,,,,,,,
2025-09_ASTRA_23_12,2025-09_ASTRA,23_12,C,2025-09-16T12:55:00,30.3685,42.913601,-1900,92,9.0359,20.1676,15.5269,0.9965,9.824,0.0583,0.1205,0.1037,92.756,22.5831,,,,,,,,,,,,
2025-09_ASTRA_23_12,2025-09_ASTRA,23_12,C,2025-09-16T12:55:00,30.3685,42.913601,-1900,93,9.0341,20.2015,15.5536,0.8639,8.519,0.0555,0.1121,0.1037,93.764,22.617,,,,,,,,,,,,
2025-09_ASTRA_23_12,2025-09_ASTRA,23_12,C,2025-09-16T12:55:00,30.3685,42.913601,-1900,94,9.0222,20.2418,15.5865,0.6639,6.547,0.0454,0.1099,0.1037,94.773,22.6517,,,,,,,,,,,,
2025-09_ASTRA_23_12,2025-09_ASTRA,23_12,C,2025-09-16T12:55:00,30.3685,42.913601,-1900,95,9.007,20.2901,15.6261,0.4783,4.716,0.0465,0.1099,0.1038,95.782,22.6926,,,,,,,,,,,,
2025-09_ASTRA_23_12,2025-09_ASTRA,23_12,C,2025-09-16T12:55:00,30.3685,42.913601,-1900,96,8.9973,20.3263,15.6556,0.3631,3.58,0.065,0.1042,0.1042,96.79,22.7243,,,,,,,,,,,,
2025-09_ASTRA_23_12,2025-09_ASTRA,23_12,C,2025-09-16T12:55:00,30.3685,42.913601,-1900,97,8.9894,20.3528,15.6772,0.3027,2.985,0.0743,0.0959,0.1045,97.798,22.7469,,,,,,,,,,,,
2025-09_ASTRA_23_12,2025-09_ASTRA,23_12,C,2025-09-16T12:55:00,30.3685,42.913601,-1900,98,8.9809,20.379,15.6987,0.2867,2.827,0.0656,0.0944,0.1058,98.807,22.7691,,,,,,,,,,,,
2025-09_ASTRA_23_12,2025-09_ASTRA,23_12,C,2025-09-16T12:55:00,30.3685,42.913601,-1900,99,8.9929,20.3935,15.7085,0.2711,2.674,0.0663,0.0963,0.1058,99.815,22.7912,,,,,,,,,,,,
2025-09_ASTRA_23_12,2025-09_ASTRA,23_12,C,2025-09-16T12:55:00,30.3685,42.913601,-1900,100,8.9734,20.4218,15.733,0.252,2.484,0.0642,0.0951,0.106,100.823,22.809,,,,,,,,,,,,
2025-09_ASTRA_23_12,2025-09_ASTRA,23_12,C,2025-09-16T12:55:00,30.3685,42.913601,-1900,101,8.9853,20.4076,15.7205,0.2385,2.353,0.0766,0.0999,0.1063,101.832,22.8018,,,,,,,,,,,,
2025-09_ASTRA_24_13,2025-09_ASTRA,24_13,C,2025-09-16T15:37:00,30.719101,43.153099,-1750,1,24.2776,19.0146,11.5113,7.4929,99.737,0.2203,0.1491,50.964,1.008,30.2124,8.425,23.0,172.7,18.0,0.02,0.2259,0.3832,0.05,0.1859,7.7731,0.233,7.3306
2025-09_ASTRA_24_13,2025-09_ASTRA,24_13,C,2025-09-16T15:37:00,30.719101,43.153099,-1750,2,24.2866,19.0142,11.5085,7.4545,99.242,0.2149,0.1461,41.323,2.016,30.2175,,,,,,,,,,,,
2025-09_ASTRA_24_13,2025-09_ASTRA,24_13,C,2025-09-16T15:37:00,30.719101,43.153099,-1750,3,24.2901,19.014,11.5073,7.4441,99.109,0.2164,0.1388,33.766,3.024,30.2197,,,,,,,,,,,,
2025-09_ASTRA_24_13,2025-09_ASTRA,24_13,C,2025-09-16T15:37:00,30.719101,43.153099,-1750,4,24.2861,19.0137,11.5082,7.4761,99.529,0.2114,0.1359,29.414,4.032,30.217,,,,,,,,,,,,
2025-09_ASTRA_24_13,2025-09_ASTRA,24_13,C,2025-09-16T15:37:00,30.719101,43.153099,-1750,5,24.2859,19.014,11.5085,7.4759,99.526,0.2174,0.1325,25.362,5.04,30.2177,,,,,,,,,,,,
2025-09_ASTRA_24_13,2025-09_ASTRA,24_13,C,2025-09-16T15:37:00,30.719101,43.153099,-1750,6,24.2828,19.0143,11.5096,7.4574,99.273,0.2094,0.1332,21.704,6.048,30.2165,,,,,,,,,,,,
2025-09_ASTRA_24_13,2025-09_ASTRA,24_13,C,2025-09-16T15:37:00,30.719101,43.153099,-1750,7,24.2617,19.0116,11.5134,7.4867,99.624,0.2138,0.1303,18.755,7.056,30.2,,,,,,,,,,,,
2025-09_ASTRA_24_13,2025-09_ASTRA,24_13,C,2025-09-16T15:37:00,30.719101,43.153099,-1750,8,24.2142,19.0077,11.5236,7.4678,99.286,0.2185,0.1269,16.73,8.064,30.1657,,,,,,,,,,,,
2025-09_ASTRA_24_13,2025-09_ASTRA,24_13,C,2025-09-16T15:37:00,30.719101,43.153099,-1750,9,24.194,19.0043,11.5266,7.4732,99.321,0.2145,0.1242,15.119,9.072,30.1488,,,,,,,,,,,,
2025-09_ASTRA_24_13,2025-09_ASTRA,24_13,C,2025-09-16T15:37:00,30.719101,43.153099,-1750,10,24.1713,19.0033,11.5321,7.5113,99.786,0.2197,0.1271,14.354,10.08,30.1339,,,,,,,,,,,,
2025-09_ASTRA_24_13,2025-09_ASTRA,24_13,C,2025-09-16T15:37:00,30.719101,43.153099,-1750,11,24.121,19.0015,11.5447,7.47,99.147,0.2291,0.1368,12.958,11.089,30.1011,,,,,,,,,,,,
2025-09_ASTRA_24_13,2025-09_ASTRA,24_13,C,2025-09-16T15:37:00,30.719101,43.153099,-1750,12,24.0944,19.0002,11.551,7.4667,99.056,0.2342,0.1328,11.828,12.096,30.0833,,,,,,,,,,,,
2025-09_ASTRA_24_13,2025-09_ASTRA,24_13,C,2025-09-16T15:37:00,30.719101,43.153099,-1750,13,24.0842,19.0003,11.5539,7.4668,99.039,0.2325,0.1365,10.521,13.105,30.0775,,,,,,,,,,,,
2025-09_ASTRA_24_13,2025-09_ASTRA,24_13,C,2025-09-16T15:37:00,30.719101,43.153099,-1750,14,24.078,19.0016,11.5566,7.49,99.337,0.2187,0.1315,9.8445,14.113,30.0759,,,,,,,,,,,,
2025-09_ASTRA_24_13,2025-09_ASTRA,24_13,C,2025-09-16T15:37:00,30.719101,43.153099,-1750,15,24.0727,19.0022,11.5584,7.5028,99.497,0.2347,0.1255,9.0984,15.121,30.0737,,,,,,,,,,,,
2025-09_ASTRA_24_13,2025-09_ASTRA,24_13,C,2025-09-16T15:37:00,30.719101,43.153099,-1750,16,24.0685,19.0027,11.56,7.4978,99.423,0.2455,0.1311,8.205,16.129,30.0722,,,,,,,,,,,,
2025-09_ASTRA_24_13,2025-09_ASTRA,24_13,C,2025-09-16T15:37:00,30.719101,43.153099,-1750,17,24.065,19.0037,11.5617,7.4877,99.283,0.2424,0.1322,7.2417,17.137,30.0718,,,,,,,,,,,,
2025-09_ASTRA_24_13,2025-09_ASTRA,24_13,C,2025-09-16T15:37:00,30.719101,43.153099,-1750,18,24.0608,19.0043,11.5633,7.4364,98.597,0.2472,0.1276,6.5803,18.145,30.0704,,,,,,,,,,,,
2025-09_ASTRA_24_13,2025-09_ASTRA,24_13,C,2025-09-16T15:37:00,30.719101,43.153099,-1750,19,24.0577,19.0052,11.5648,7.4228,98.411,0.2756,0.127,6.1466,19.153,30.0701,,,,,,,,,,,,
2025-09_ASTRA_24_13,2025-09_ASTRA,24_13,C,2025-09-16T15:37:00,30.719101,43.153099,-1750,20,24.0541,19.0054,11.5659,7.4272,98.463,0.2845,0.1263,5.6472,20.161,30.0684,,,,,,,,,,,,
2025-09_ASTRA_24_13,2025-09_ASTRA,24_13,C,2025-09-16T15:37:00,30.719101,43.153099,-1750,21,24.0484,19.0057,11.5677,7.4524,98.787,0.2973,0.1234,5.1955,21.169,30.0656,,,,,,,,,,,,
2025-09_ASTRA_24_13,2025-09_ASTRA,24_13,C,2025-09-16T15:37:00,30.719101,43.153099,-1750,22,24.0434,19.0062,11.5694,7.4262,98.432,0.304,0.1223,4.7813,22.178,30.0636,,,,,,,,,,,,
2025-09_ASTRA_24_13,2025-09_ASTRA,24_13,C,2025-09-16T15:37:00,30.719101,43.153099,-1750,23,24.0383,19.0069,11.5714,7.4304,98.479,0.3083,0.1204,4.389,23.186,30.0617,,,,,,,,,,,,
2025-09_ASTRA_24_13,2025-09_ASTRA,24_13,C,2025-09-16T15:37:00,30.719101,43.153099,-1750,24,24.0341,19.008,11.5734,7.427,98.427,0.3344,0.1185,4.007,24.194,30.0611,,,,,,,,,,,,
2025-09_ASTRA_24_13,2025-09_ASTRA,24_13,C,2025-09-16T15:37:00,30.719101,43.153099,-1750,25,24.0295,19.0084,11.575,7.4372,98.555,0.3666,0.1264,3.6234,25.202,30.0592,,,,,,,,,,,,
2025-09_ASTRA_24_13,2025-09_ASTRA,24_13,C,2025-09-16T15:37:00,30.719101,43.153099,-1750,26,24.0198,19.0091,11.5782,7.2546,96.119,0.3797,0.1309,3.2911,26.21,30.0546,,,,,,,,,,,,
2025-09_ASTRA_24_13,2025-09_ASTRA,24_13,C,2025-09-16T15:37:00,30.719101,43.153099,-1750,27,23.976,18.9868,11.5733,7.0289,93.043,0.4654,0.1346,2.997,27.218,29.9962,,,,,,,,,,,,
2025-09_ASTRA_24_13,2025-09_ASTRA,24_13,C,2025-09-16T15:37:00,30.719101,43.153099,-1750,28,18.9319,18.8521,12.7154,8.961,107.545,0.7811,0.1452,2.7217,28.227,26.8206,,,,,,,,,,,,
2025-09_ASTRA_24_13,2025-09_ASTRA,24_13,C,2025-09-16T15:37:00,30.719101,43.153099,-1750,29,14.928,18.6379,13.4021,10.1535,112.569,0.9284,0.148,2.4022,29.234,24.2485,,,,,,,,,,,,
2025-09_ASTRA_24_13,2025-09_ASTRA,24_13,C,2025-09-16T15:37:00,30.719101,43.153099,-1750,30,13.8608,18.5931,13.5721,10.2475,111.208,0.9032,0.1483,2.005,30.243,23.5915,8.365,15.5,171.5,,0.02,0.2737,4.2885,0.05,0.2024,7.7148,0.553,9.9648
2025-09_ASTRA_24_13,2025-09_ASTRA,24_13,C,2025-09-16T15:37:00,30.719101,43.153099,-1750,31,12.9919,18.6128,13.7377,10.3051,109.801,0.8541,0.147,1.5658,31.251,23.1303,,,,,,,,,,,,
2025-09_ASTRA_24_13,2025-09_ASTRA,24_13,C,2025-09-16T15:37:00,30.719101,43.153099,-1750,32,12.4878,18.6293,13.8342,10.2353,107.894,0.7793,0.138,1.2033,32.259,22.8698,,,,,,,,,,,,
2025-09_ASTRA_24_13,2025-09_ASTRA,24_13,C,2025-09-16T15:37:00,30.719101,43.153099,-1750,33,12.1031,18.652,13.9132,10.0745,105.332,0.7285,0.1399,1.028,33.267,22.6827,,,,,,,,,,,,
2025-09_ASTRA_24_13,2025-09_ASTRA,24_13,C,2025-09-16T15:37:00,30.719101,43.153099,-1750,34,11.3674,18.6806,14.0487,10.0351,103.265,0.7272,0.1356,0.8907,34.275,22.309,,,,,,,,,,,,
2025-09_ASTRA_24_13,2025-09_ASTRA,24_13,C,2025-09-16T15:37:00,30.719101,43.153099,-1750,35,11.0004,18.6919,14.112,9.9671,101.744,0.7559,0.1335,0.7602,35.283,22.12,,,,,,,,,,,,
2025-09_ASTRA_24_13,2025-09_ASTRA,24_13,C,2025-09-16T15:37:00,30.719101,43.153099,-1750,36,10.6595,18.6983,14.1661,9.9056,100.359,0.8003,0.1437,0.6481,36.291,21.9405,,,,,,,,,,,,
2025-09_ASTRA_24_13,2025-09_ASTRA,24_13,C,2025-09-16T15:37:00,30.719101,43.153099,-1750,37,10.4632,18.7233,14.2133,9.7921,98.789,0.8783,0.1521,0.5689,37.299,21.86,,,,,,,,,,,,
2025-09_ASTRA_24_13,2025-09_ASTRA,24_13,C,2025-09-16T15:37:00,30.719101,43.153099,-1750,38,10.2233,18.735,14.2558,9.7407,97.75,0.9591,0.1574,0.4913,38.308,21.7417,,,,,,,,,,,,
2025-09_ASTRA_24_13,2025-09_ASTRA,24_13,C,2025-09-16T15:37:00,30.719101,43.153099,-1750,39,10.0797,18.7499,14.2868,9.6735,96.773,1.0047,0.154,0.3988,39.316,21.6793,,,,,,,,,,,,
2025-09_ASTRA_24_13,2025-09_ASTRA,24_13,C,2025-09-16T15:37:00,30.719101,43.153099,-1750,40,9.943,18.7582,14.3117,9.619,95.936,1.1059,0.1545,0.3526,40.324,21.6137,,,,,,,,,,,,
2025-09_ASTRA_24_13,2025-09_ASTRA,24_13,C,2025-09-16T15:37:00,30.719101,43.153099,-1750,41,9.8213,18.7709,14.3378,9.5918,95.409,1.1526,0.1495,0.2793,41.333,21.561,,,,,,,,,,,,
2025-09_ASTRA_24_13,2025-09_ASTRA,24_13,C,2025-09-16T15:37:00,30.719101,43.153099,-1750,42,9.8089,18.7922,14.356,9.5324,94.805,1.1552,0.151,0.2013,42.341,21.5768,8.295,13.4,168.6,,0.1174,0.346,5.44,0.05,0.4456,8.7613,0.449,8.9923
2025-09_ASTRA_24_13,2025-09_ASTRA,24_13,C,2025-09-16T15:37:00,30.719101,43.153099,-1750,43,9.769,18.8157,14.3796,9.4643,94.057,1.0652,0.1513,0.1935,43.349,21.5801,,,,,,,,,,,,
2025-09_ASTRA_24_13,2025-09_ASTRA,24_13,C,2025-09-16T15:37:00,30.719101,43.153099,-1750,44,9.7296,18.8349,14.3997,9.3783,93.131,0.9404,0.1535,0.2136,44.358,21.5789,,,,,,,,,,,,
2025-09_ASTRA_24_13,2025-09_ASTRA,24_13,C,2025-09-16T15:37:00,30.719101,43.153099,-1750,45,9.6508,18.8489,14.421,9.3407,92.599,0.8628,0.154,0.2314,45.365,21.5507,,,,,,,,,,,,
2025-09_ASTRA_24_13,2025-09_ASTRA,24_13,C,2025-09-16T15:37:00,30.719101,43.153099,-1750,46,9.5658,18.8519,14.4344,9.3145,92.164,0.7945,0.1489,0.2001,46.374,21.5078,,,,,,,,,,,,
2025-09_ASTRA_24_13,2025-09_ASTRA,24_13,C,2025-09-16T15:37:00,30.719101,43.153099,-1750,47,9.5287,18.8819,14.4626,9.2565,91.53,0.6622,0.1397,0.1838,47.382,21.5191,,,,,,,,,,,,
2025-09_ASTRA_24_13,2025-09_ASTRA,24_13,C,2025-09-16T15:37:00,30.719101,43.153099,-1750,48,9.4445,18.8957,14.4842,9.2244,91.046,0.5756,0.133,0.1655,48.39,21.4877,,,,,,,,,,,,
2025-09_ASTRA_24_13,2025-09_ASTRA,24_13,C,2025-09-16T15:37:00,30.719101,43.153099,-1750,49,9.4284,18.9072,14.4951,9.1664,90.448,0.5307,0.1279,0.1482,49.398,21.4911,,,,,,,,,,,,
2025-09_ASTRA_24_13,2025-09_ASTRA,24_13,C,2025-09-16T15:37:00,30.719101,43.153099,-1750,50,9.4142,18.9236,14.5098,9.0977,89.75,0.4851,0.1325,0.132,50.407,21.5007,,,,,,,,,,,,
2025-09_ASTRA_24_13,2025-09_ASTRA,24_13,C,2025-09-16T15:37:00,30.719101,43.153099,-1750,51,9.3464,18.9308,14.524,9.0136,88.787,0.446,0.1326,0.1152,51.415,21.4713,,,,,,,,,,,,
2025-09_ASTRA_24_13,2025-09_ASTRA,24_13,C,2025-09-16T15:37:00,30.719101,43.153099,-1750,52,9.2855,18.9273,14.5292,8.9224,87.764,0.4115,0.1244,0.1066,52.423,21.4348,,,,,,,,,,,,
2025-09_ASTRA_24_13,2025-09_ASTRA,24_13,C,2025-09-16T15:37:00,30.719101,43.153099,-1750,53,9.0539,18.9152,14.5486,8.9399,87.465,0.3861,0.1149,0.1064,53.431,21.2959,,,,,,,,,,,,
2025-09_ASTRA_24_13,2025-09_ASTRA,24_13,C,2025-09-16T15:37:00,30.719101,43.153099,-1750,54,8.9744,18.9156,14.5588,8.938,87.287,0.3636,0.1125,0.1063,54.44,21.2533,,,,,,,,,,,,
2025-09_ASTRA_24_13,2025-09_ASTRA,24_13,C,2025-09-16T15:37:00,30.719101,43.153099,-1750,55,8.9666,18.9315,14.5721,8.9323,87.226,0.3416,0.1218,0.1062,55.448,21.2656,,,,,,,,,,,,
2025-09_ASTRA_24_13,2025-09_ASTRA,24_13,C,2025-09-16T15:37:00,30.719101,43.153099,-1750,56,8.9771,18.95,14.5853,8.8698,86.645,0.3054,0.1234,0.1057,56.456,21.2906,,,,,,,,,,,,
2025-09_ASTRA_24_13,2025-09_ASTRA,24_13,C,2025-09-16T15:37:00,30.719101,43.153099,-1750,57,8.9835,18.9656,14.5966,8.7644,85.638,0.2579,0.1274,0.1061,57.465,21.3105,,,,,,,,,,,,
2025-09_ASTRA_24_13,2025-09_ASTRA,24_13,C,2025-09-16T15:37:00,30.719101,43.153099,-1750,58,8.8812,18.9733,14.6152,8.7339,85.144,0.2107,0.1245,0.1053,58.473,21.2627,,,,,,,,,,,,
2025-09_ASTRA_24_13,2025-09_ASTRA,24_13,C,2025-09-16T15:37:00,30.719101,43.153099,-1750,59,8.8041,18.9736,14.6249,8.7212,84.869,0.1733,0.1282,0.1046,59.481,21.2213,,,,,,,,,,,,
2025-09_ASTRA_24_13,2025-09_ASTRA,24_13,C,2025-09-16T15:37:00,30.719101,43.153099,-1750,60,8.799,18.9843,14.6338,8.6357,84.033,0.1444,0.128,0.1058,60.489,21.2297,,,,,,,,,,,,
2025-09_ASTRA_24_13,2025-09_ASTRA,24_13,C,2025-09-16T15:37:00,30.719101,43.153099,-1750,61,8.7647,18.9998,14.65,8.459,82.257,0.1116,0.1259,0.1062,61.498,21.2271,,,,,,,,,,,,
2025-09_ASTRA_24_13,2025-09_ASTRA,24_13,C,2025-09-16T15:37:00,30.719101,43.153099,-1750,62,8.7132,19.0152,14.6682,8.29,80.526,0.0937,0.1209,0.1064,62.506,21.215,,,,,,,,,,,,
2025-09_ASTRA_24_13,2025-09_ASTRA,24_13,C,2025-09-16T15:37:00,30.719101,43.153099,-1750,63,8.7041,19.0361,14.6857,8.1513,79.172,0.0857,0.1155,0.1065,63.514,21.2316,,,,,,,,,,,,
2025-09_ASTRA_24_13,2025-09_ASTRA,24_13,C,2025-09-16T15:37:00,30.719101,43.153099,-1750,64,8.6963,19.0668,14.7105,8.0025,77.729,0.0746,0.1255,0.1063,64.523,21.259,,,,,,,,,,,,
2025-09_ASTRA_24_13,2025-09_ASTRA,24_13,C,2025-09-16T15:37:00,30.719101,43.153099,-1750,65,8.713,19.1005,14.7348,7.8978,76.758,0.0813,0.1375,0.1056,65.531,21.3028,,,,,,,,,,,,
2025-09_ASTRA_24_13,2025-09_ASTRA,24_13,C,2025-09-16T15:37:00,30.719101,43.153099,-1750,66,8.6956,19.1254,14.7563,7.848,76.256,0.0863,0.1387,0.1054,66.54,21.319,,,,,,,,,,,,
2025-09_ASTRA_24_13,2025-09_ASTRA,24_13,C,2025-09-16T15:37:00,30.719101,43.153099,-1750,67,8.6511,19.1552,14.7849,7.6738,74.501,0.0839,0.1335,0.1063,67.548,21.3252,,,,,,,,,,,,
2025-09_ASTRA_24_13,2025-09_ASTRA,24_13,C,2025-09-16T15:37:00,30.719101,43.153099,-1750,68,8.6594,19.1979,14.8173,7.3697,71.581,0.0806,0.1369,0.1065,68.556,21.3736,,,,,,,,,,,,
2025-09_ASTRA_24_13,2025-09_ASTRA,24_13,C,2025-09-16T15:37:00,30.719101,43.153099,-1750,69,8.6941,19.2501,14.8538,7.0117,68.182,0.074,0.143,0.1065,69.564,21.4462,,,,,,,,,,,,
2025-09_ASTRA_24_13,2025-09_ASTRA,24_13,C,2025-09-16T15:37:00,30.719101,43.153099,-1750,70,8.7407,19.309,14.8941,6.6449,64.709,0.0721,0.1466,0.1064,70.573,21.5323,,,,,,,,,,,,
2025-09_ASTRA_24_13,2025-09_ASTRA,24_13,C,2025-09-16T15:37:00,30.719101,43.153099,-1750,71,8.7756,19.3476,14.9199,6.3546,61.947,0.072,0.1391,0.1065,71.581,21.5914,,,,,,,,,,,,
2025-09_ASTRA_24_13,2025-09_ASTRA,24_13,C,2025-09-16T15:37:00,30.719101,43.153099,-1750,72,8.8028,19.3796,14.9416,6.0342,58.873,0.0714,0.1484,0.1065,72.59,21.6394,,,,,,,,,,,,
2025-09_ASTRA_24_13,2025-09_ASTRA,24_13,C,2025-09-16T15:37:00,30.719101,43.153099,-1750,73,8.8405,19.4542,14.9952,5.6552,55.249,0.0675,0.1622,0.1065,73.598,21.737,,,,,,,,,,,,
2025-09_ASTRA_24_13,2025-09_ASTRA,24_13,C,2025-09-16T15:37:00,30.719101,43.153099,-1750,74,8.8862,19.5321,15.0503,5.1128,50.028,0.0613,0.17,0.1065,74.606,21.8425,,,,,,,,,,,,
2025-09_ASTRA_24_13,2025-09_ASTRA,24_13,C,2025-09-16T15:37:00,30.719101,43.153099,-1750,75,8.9339,19.6122,15.1068,4.3915,43.039,0.0591,0.1612,0.1062,75.615,21.9516,,,,,,,,,,,,
2025-09_ASTRA_24_13,2025-09_ASTRA,24_13,C,2025-09-16T15:37:00,30.719101,43.153099,-1750,76,8.9877,19.6869,15.1584,3.81,37.405,0.053,0.1493,0.1047,76.623,22.0587,,,,,,,,,,,,
2025-09_ASTRA_24_13,2025-09_ASTRA,24_13,C,2025-09-16T15:37:00,30.719101,43.153099,-1750,77,9.0106,19.729,15.1883,3.4926,34.317,0.0478,0.1482,0.1038,77.631,22.1151,,,,,,,,,,,,
2025-09_ASTRA_24_13,2025-09_ASTRA,24_13,C,2025-09-16T15:37:00,30.719101,43.153099,-1750,78,9.0175,19.767,15.217,3.2567,32.011,0.048,0.1466,0.1037,78.64,22.1582,,,,,,,,,,,,
2025-09_ASTRA_24_13,2025-09_ASTRA,24_13,C,2025-09-16T15:37:00,30.719101,43.153099,-1750,79,9.0218,19.797,15.2399,3.026,29.752,0.0557,0.1353,0.1042,79.648,22.1917,,,,,,,,,,,,
2025-09_ASTRA_24_13,2025-09_ASTRA,24_13,C,2025-09-16T15:37:00,30.719101,43.153099,-1750,80,9.0217,19.8488,15.2803,2.7481,27.029,0.0634,0.1309,0.1055,80.657,22.245,,,,,,,,,,,,
2025-09_ASTRA_24_13,2025-09_ASTRA,24_13,C,2025-09-16T15:37:00,30.719101,43.153099,-1750,81,9.0266,19.8922,15.3135,2.4714,24.317,0.0541,0.1383,0.105,81.665,22.2926,,,,,,,,,,,,
2025-09_ASTRA_24_13,2025-09_ASTRA,24_13,C,2025-09-16T15:37:00,30.719101,43.153099,-1750,82,9.023,19.9398,15.351,2.2251,21.899,0.0485,0.1403,0.104,82.673,22.3396,,,,,,,,,,,,
2025-09_ASTRA_24_13,2025-09_ASTRA,24_13,C,2025-09-16T15:37:00,30.719101,43.153099,-1750,83,9.0291,19.9753,15.3779,2.0096,19.785,0.0538,0.1318,0.1046,83.682,22.3797,,,,,,,,,,,,
2025-09_ASTRA_24_13,2025-09_ASTRA,24_13,C,2025-09-16T15:37:00,30.719101,43.153099,-1750,84,9.0318,19.9985,15.3957,1.8246,17.967,0.0519,0.1276,0.1062,84.69,22.4052,,,,,,,,,,,,
2025-09_ASTRA_24_13,2025-09_ASTRA,24_13,C,2025-09-16T15:37:00,30.719101,43.153099,-1750,85,9.0361,20.0387,15.4265,1.6324,16.08,0.0552,0.1324,0.1065,85.699,22.4492,,,,,,,,,,,,
2025-09_ASTRA_24_13,2025-09_ASTRA,24_13,C,2025-09-16T15:37:00,30.719101,43.153099,-1750,86,9.0404,20.0762,15.4553,1.4431,14.221,0.0519,0.1307,0.1065,86.707,22.4905,,,,,,,,,,,,
2025-09_ASTRA_24_13,2025-09_ASTRA,24_13,C,2025-09-16T15:37:00,30.719101,43.153099,-1750,87,9.0351,20.0955,15.4708,1.257,12.387,0.0537,0.1279,0.1065,87.716,22.5073,,,,,,,,,,,,
2025-09_ASTRA_24_13,2025-09_ASTRA,24_13,C,2025-09-16T15:37:00,30.719101,43.153099,-1750,88,9.0307,20.1289,15.4975,1.0393,10.243,0.048,0.1247,0.1064,88.724,22.5393,,,,,,,,,,,,
2025-09_ASTRA_24_13,2025-09_ASTRA,24_13,C,2025-09-16T15:37:00,30.719101,43.153099,-1750,89,9.0282,20.1706,15.5303,0.8561,8.439,0.0471,0.1297,0.1057,89.733,22.5809,,,,,,,,,,,,
2025-09_ASTRA_24_13,2025-09_ASTRA,24_13,C,2025-09-16T15:37:00,30.719101,43.153099,-1750,90,9.0245,20.2098,15.5613,0.6961,6.864,0.0485,0.1425,0.104,90.741,22.6191,,,,,,,,,,,,
2025-09_ASTRA_24_13,2025-09_ASTRA,24_13,C,2025-09-16T15:37:00,30.719101,43.153099,-1750,91,9.0216,20.2348,15.5812,0.5452,5.376,0.0578,0.1365,0.1039,91.749,22.6433,,,,,,,,,,,,
2025-09_ASTRA_24_13,2025-09_ASTRA,24_13,C,2025-09-16T15:37:00,30.719101,43.153099,-1750,92,9.0166,20.2699,15.6092,0.4482,4.42,0.0695,0.117,0.1053,92.758,22.6767,,,,,,,,,,,,
2025-09_ASTRA_24_13,2025-09_ASTRA,24_13,C,2025-09-16T15:37:00,30.719101,43.153099,-1750,93,9.0121,20.2963,15.6303,0.4051,3.995,0.0645,0.1196,0.1065,93.767,22.7013,,,,,,,,,,,,
2025-09_ASTRA_24_13,2025-09_ASTRA,24_13,C,2025-09-16T15:37:00,30.719101,43.153099,-1750,94,9.0097,20.3169,15.6467,0.3828,3.775,0.0571,0.1119,0.1064,94.775,22.7212,,,,,,,,,,,,
2025-09_ASTRA_24_13,2025-09_ASTRA,24_13,C,2025-09-16T15:37:00,30.719101,43.153099,-1750,95,9.0102,20.3352,15.6608,0.3632,3.582,0.0448,0.1038,0.1064,95.783,22.7404,,,,,,,,,,,,
2025-09_ASTRA_24_13,2025-09_ASTRA,24_13,C,2025-09-16T15:37:00,30.719101,43.153099,-1750,96,9.0253,20.3405,15.6631,0.3426,3.381,0.0425,0.1081,0.1064,96.792,22.755,,,,,,,,,,,,
2025-09_ASTRA_24_13,2025-09_ASTRA,24_13,C,2025-09-16T15:37:00,30.719101,43.153099,-1750,97,9.004,20.3742,15.6921,0.3324,3.279,0.0416,0.1072,0.1064,97.8,22.7774,,,,,,,,,,,,
2025-09_ASTRA_24_13,2025-09_ASTRA,24_13,C,2025-09-16T15:37:00,30.719101,43.153099,-1750,98,8.9953,20.4135,15.7239,0.3236,3.192,0.0479,0.1008,0.1064,98.809,22.8128,,,,,,,,,,,,
2025-09_ASTRA_24_13,2025-09_ASTRA,24_13,C,2025-09-16T15:37:00,30.719101,43.153099,-1750,99,8.9904,20.4483,15.7516,0.308,3.039,0.0604,0.0948,0.1064,99.817,22.8457,,,,,,,,,,,,
2025-09_ASTRA_24_13,2025-09_ASTRA,24_13,C,2025-09-16T15:37:00,30.719101,43.153099,-1750,100,8.9997,20.4769,15.7727,0.2764,2.728,0.0602,0.0945,0.1065,100.826,22.8806,,,,,,,,,,,,
2025-09_ASTRA_25_14,2025-09_ASTRA,25_14,C,2025-09-16T18:11:00,31.049801,43.380402,-1300,1,23.2181,18.3833,11.3246,7.581,98.647,0.3311,0.1701,0.2493,1.008,28.6758,8.444,22.2,173.3,,0.02,0.304,0.06,0.05,0.2457,8.7474,0.194,7.4878
2025-09_ASTRA_25_14,2025-09_ASTRA,25_14,C,2025-09-16T18:11:00,31.049801,43.380402,-1300,2,23.2257,18.3828,11.3221,7.6056,98.981,0.3066,0.1652,0.2184,2.016,28.6797,,,,,,,,,,,,
2025-09_ASTRA_25_14,2025-09_ASTRA,25_14,C,2025-09-16T18:11:00,31.049801,43.380402,-1300,3,23.2272,18.3834,11.3221,7.6128,99.077,0.3004,0.1577,0.1562,3.024,28.6817,,,,,,,,,,,,
2025-09_ASTRA_25_14,2025-09_ASTRA,25_14,C,2025-09-16T18:11:00,31.049801,43.380402,-1300,4,23.2235,18.3825,11.3224,7.5986,98.885,0.2929,0.1551,0.1301,4.032,28.6786,,,,,,,,,,,,
2025-09_ASTRA_25_14,2025-09_ASTRA,25_14,C,2025-09-16T18:11:00,31.049801,43.380402,-1300,5,23.221,18.3816,11.3225,7.6189,99.144,0.2991,0.1518,0.13,5.04,28.6761,,,,,,,,,,,,
2025-09_ASTRA_25_14,2025-09_ASTRA,25_14,C,2025-09-16T18:11:00,31.049801,43.380402,-1300,6,23.2258,18.3821,11.3215,7.5786,98.629,0.2877,0.151,0.1142,6.048,28.6799,,,,,,,,,,,,
2025-09_ASTRA_25_14,2025-09_ASTRA,25_14,C,2025-09-16T18:11:00,31.049801,43.380402,-1300,7,23.2246,18.3828,11.3224,7.5532,98.295,0.2755,0.147,0.1053,7.056,28.6804,,,,,,,,,,,,
2025-09_ASTRA_25_14,2025-09_ASTRA,25_14,C,2025-09-16T18:11:00,31.049801,43.380402,-1300,8,23.2365,18.3834,11.3197,7.5957,98.872,0.2725,0.1474,0.104,8.065,28.6885,,,,,,,,,,,,
2025-09_ASTRA_25_14,2025-09_ASTRA,25_14,C,2025-09-16T18:11:00,31.049801,43.380402,-1300,9,23.2393,18.3843,11.3196,7.6085,99.043,0.2786,0.1565,0.1037,9.073,28.6916,,,,,,,,,,,,
2025-09_ASTRA_25_14,2025-09_ASTRA,25_14,C,2025-09-16T18:11:00,31.049801,43.380402,-1300,10,23.2354,18.3838,11.3202,7.5927,98.83,0.2831,0.1616,0.1037,10.08,28.689,,,,,,,,,,,,
2025-09_ASTRA_25_14,2025-09_ASTRA,25_14,C,2025-09-16T18:11:00,31.049801,43.380402,-1300,11,23.2311,18.3828,11.3207,7.5945,98.846,0.2877,0.1601,0.1037,11.089,28.6853,,,,,,,,,,,,
2025-09_ASTRA_25_14,2025-09_ASTRA,25_14,C,2025-09-16T18:11:00,31.049801,43.380402,-1300,12,23.2238,18.3808,11.3211,7.6012,98.919,0.2888,0.1499,0.1037,12.097,28.6783,,,,,,,,,,,,
2025-09_ASTRA_25_14,2025-09_ASTRA,25_14,C,2025-09-16T18:11:00,31.049801,43.380402,-1300,13,23.2277,18.381,11.3202,7.5778,98.621,0.2851,0.1503,0.1037,13.105,28.6813,,,,,,,,,,,,
2025-09_ASTRA_25_14,2025-09_ASTRA,25_14,C,2025-09-16T18:11:00,31.049801,43.380402,-1300,14,23.2142,18.3807,11.3236,7.5844,98.683,0.3258,0.1599,0.1037,14.113,28.6732,,,,,,,,,,,,
2025-09_ASTRA_25_14,2025-09_ASTRA,25_14,C,2025-09-16T18:11:00,31.049801,43.380402,-1300,15,23.2023,18.3802,11.3263,7.594,98.786,0.3441,0.152,0.1037,15.121,28.6657,,,,,,,,,,,,
2025-09_ASTRA_25_14,2025-09_ASTRA,25_14,C,2025-09-16T18:11:00,31.049801,43.380402,-1300,16,23.1867,18.3849,11.334,7.5788,98.563,0.3803,0.1507,0.1037,16.129,28.6635,,,,,,,,,,,,
2025-09_ASTRA_25_14,2025-09_ASTRA,25_14,C,2025-09-16T18:11:00,31.049801,43.380402,-1300,17,23.1655,18.3966,11.3485,7.577,98.508,0.419,0.1592,0.1037,17.137,28.6679,,,,,,,,,,,,
2025-09_ASTRA_25_14,2025-09_ASTRA,25_14,C,2025-09-16T18:11:00,31.049801,43.380402,-1300,18,23.1338,18.409,11.3663,7.601,98.771,0.4613,0.1601,0.1037,18.146,28.6672,,,,,,,,,,,,
2025-09_ASTRA_25_14,2025-09_ASTRA,25_14,C,2025-09-16T18:11:00,31.049801,43.380402,-1300,19,23.1219,18.4339,11.3882,7.6012,98.766,0.4965,0.1581,0.1037,19.153,28.6959,,,,,,,,,,,,
2025-09_ASTRA_25_14,2025-09_ASTRA,25_14,C,2025-09-16T18:11:00,31.049801,43.380402,-1300,20,23.105,18.4495,11.4044,7.5412,97.965,0.5334,0.1737,0.1037,20.162,28.7081,,,,,,,,,,,,
2025-09_ASTRA_25_14,2025-09_ASTRA,25_14,C,2025-09-16T18:11:00,31.049801,43.380402,-1300,21,22.5982,18.5145,11.5864,7.8331,100.844,0.6951,0.1775,0.1037,21.17,28.5017,,,,,,,,,,,,
2025-09_ASTRA_25_14,2025-09_ASTRA,25_14,C,2025-09-16T18:11:00,31.049801,43.380402,-1300,22,20.5836,18.6343,12.1859,8.8133,109.389,1.0264,0.1645,0.1037,22.178,27.485,,,,,,,,,,,,
2025-09_ASTRA_25_14,2025-09_ASTRA,25_14,C,2025-09-16T18:11:00,31.049801,43.380402,-1300,23,18.2853,18.6264,12.7156,9.622,114.288,1.12,0.1579,0.1037,23.186,26.1398,8.394,19.4,169.4,,0.02,0.2771,2.501,0.05,0.3049,10.0465,0.376,9.2543
2025-09_ASTRA_25_14,2025-09_ASTRA,25_14,C,2025-09-16T18:11:00,31.049801,43.380402,-1300,24,16.8622,18.6122,13.0085,9.7389,112.412,0.9665,0.1445,0.1037,24.194,25.3066,,,,,,,,,,,,
2025-09_ASTRA_25_14,2025-09_ASTRA,25_14,C,2025-09-16T18:11:00,31.049801,43.380402,-1300,25,15.2127,18.6461,13.3616,9.6131,107.317,0.8365,0.1394,0.1043,25.202,24.4122,,,,,,,,,,,,
2025-09_ASTRA_25_14,2025-09_ASTRA,25_14,C,2025-09-16T18:11:00,31.049801,43.380402,-1300,26,13.6042,18.6155,13.6339,9.9653,107.563,0.6602,0.1386,0.1045,26.211,23.4733,,,,,,,,,,,,
2025-09_ASTRA_25_14,2025-09_ASTRA,25_14,C,2025-09-16T18:11:00,31.049801,43.380402,-1300,27,12.9303,18.6174,13.7517,9.894,105.288,0.5919,0.1373,0.1037,27.219,23.1002,,,,,,,,,,,,
2025-09_ASTRA_25_14,2025-09_ASTRA,25_14,C,2025-09-16T18:11:00,31.049801,43.380402,-1300,28,12.1203,18.6278,13.8915,9.8105,102.597,0.5446,0.1312,0.1037,28.227,22.664,,,,,,,,,,,,
2025-09_ASTRA_25_14,2025-09_ASTRA,25_14,C,2025-09-16T18:11:00,31.049801,43.380402,-1300,29,11.5247,18.6286,13.9847,9.7221,100.357,0.4988,0.1247,0.1037,29.235,22.3372,,,,,,,,,,,,
2025-09_ASTRA_25_14,2025-09_ASTRA,25_14,C,2025-09-16T18:11:00,31.049801,43.380402,-1300,30,10.8745,18.6475,14.0958,9.7438,99.159,0.4817,0.1255,0.1037,30.243,22.0017,,,,,,,,,,,,
2025-09_ASTRA_25_14,2025-09_ASTRA,25_14,C,2025-09-16T18:11:00,31.049801,43.380402,-1300,31,10.5603,18.6603,14.1508,9.7741,98.781,0.4789,0.1253,0.1038,31.252,21.8441,,,,,,,,,,,,
2025-09_ASTRA_25_14,2025-09_ASTRA,25_14,C,2025-09-16T18:11:00,31.049801,43.380402,-1300,32,10.3504,18.6764,14.1926,9.7408,97.994,0.4767,0.1296,0.1042,32.259,21.747,,,,,,,,,,,,
2025-09_ASTRA_25_14,2025-09_ASTRA,25_14,C,2025-09-16T18:11:00,31.049801,43.380402,-1300,33,10.181,18.6918,14.2279,9.7366,97.59,0.4635,0.1292,0.1044,33.268,21.6712,,,,,,,,,,,,
2025-09_ASTRA_25_14,2025-09_ASTRA,25_14,C,2025-09-16T18:11:00,31.049801,43.380402,-1300,34,10.0659,18.7057,14.2543,9.6845,96.825,0.5013,0.1249,0.1057,34.276,21.6236,,,,,,,,,,,,
2025-09_ASTRA_25_14,2025-09_ASTRA,25_14,C,2025-09-16T18:11:00,31.049801,43.380402,-1300,35,9.9197,18.7168,14.2827,9.562,95.293,0.5907,0.1247,0.1064,35.284,21.556,,,,,,,,,,,,
2025-09_ASTRA_25_14,2025-09_ASTRA,25_14,C,2025-09-16T18:11:00,31.049801,43.380402,-1300,36,9.7922,18.7278,14.3082,9.5202,94.609,0.6566,0.1372,0.1064,36.292,21.4984,,,,,,,,,,,,
2025-09_ASTRA_25_14,2025-09_ASTRA,25_14,C,2025-09-16T18:11:00,31.049801,43.380402,-1300,37,9.7397,18.7371,14.3223,9.5049,94.349,0.7012,0.1467,0.1055,37.301,21.4799,,,,,,,,,,,,
2025-09_ASTRA_25_14,2025-09_ASTRA,25_14,C,2025-09-16T18:11:00,31.049801,43.380402,-1300,38,9.6953,18.7463,14.3353,9.4123,93.343,0.72,0.1462,0.1056,38.309,21.4656,,,,,,,,,,,,
2025-09_ASTRA_25_14,2025-09_ASTRA,25_14,C,2025-09-16T18:11:00,31.049801,43.380402,-1300,39,9.6428,18.7514,14.3462,9.3009,92.13,0.6802,0.1455,0.1064,39.317,21.4427,8.313,13.5,174.4,,0.1,0.3302,4.7138,0.08,0.4548,9.8244,0.218,8.8633
2025-09_ASTRA_25_14,2025-09_ASTRA,25_14,C,2025-09-16T18:11:00,31.049801,43.380402,-1300,40,9.5959,18.7593,14.3584,9.2061,91.099,0.6093,0.1458,0.1064,40.325,21.4257,,,,,,,,,,,,
2025-09_ASTRA_25_14,2025-09_ASTRA,25_14,C,2025-09-16T18:11:00,31.049801,43.380402,-1300,41,9.5169,18.7604,14.3696,9.1679,90.56,0.5403,0.1342,0.1063,41.334,21.3843,,,,,,,,,,,,
2025-09_ASTRA_25_14,2025-09_ASTRA,25_14,C,2025-09-16T18:11:00,31.049801,43.380402,-1300,42,9.456,18.7646,14.3806,9.1817,90.572,0.4877,0.1304,0.1063,42.342,21.3557,,,,,,,,,,,,
2025-09_ASTRA_25_14,2025-09_ASTRA,25_14,C,2025-09-16T18:11:00,31.049801,43.380402,-1300,43,9.4,18.7653,14.3883,9.1961,90.599,0.4631,0.1244,0.1063,43.35,21.3263,,,,,,,,,,,,
2025-09_ASTRA_25_14,2025-09_ASTRA,25_14,C,2025-09-16T18:11:00,31.049801,43.380402,-1300,44,9.3313,18.7676,14.3989,9.1764,90.265,0.4337,0.1193,0.1063,44.359,21.2918,,,,,,,,,,,,
2025-09_ASTRA_25_14,2025-09_ASTRA,25_14,C,2025-09-16T18:11:00,31.049801,43.380402,-1300,45,9.2933,18.7695,14.4052,9.1864,90.286,0.3767,0.1196,0.1063,45.366,21.2733,,,,,,,,,,,,
2025-09_ASTRA_25_14,2025-09_ASTRA,25_14,C,2025-09-16T18:11:00,31.049801,43.380402,-1300,46,9.2588,18.7708,14.4106,9.2131,90.478,0.3206,0.1181,0.1063,46.375,21.2562,,,,,,,,,,,,
2025-09_ASTRA_25_14,2025-09_ASTRA,25_14,C,2025-09-16T18:11:00,31.049801,43.380402,-1300,47,9.2217,18.7727,14.4167,9.2235,90.504,0.2697,0.1117,0.1063,47.383,21.2384,,,,,,,,,,,,
2025-09_ASTRA_25_14,2025-09_ASTRA,25_14,C,2025-09-16T18:11:00,31.049801,43.380402,-1300,48,9.188,18.7736,14.4217,9.2372,90.569,0.2109,0.1065,0.1063,48.391,21.2213,,,,,,,,,,,,
2025-09_ASTRA_25_14,2025-09_ASTRA,25_14,C,2025-09-16T18:11:00,31.049801,43.380402,-1300,49,9.1541,18.7743,14.4264,9.2493,90.618,0.1778,0.1035,0.1064,49.4,21.2038,,,,,,,,,,,,
2025-09_ASTRA_25_14,2025-09_ASTRA,25_14,C,2025-09-16T18:11:00,31.049801,43.380402,-1300,50,9.1179,18.7766,14.4327,9.2201,90.259,0.1616,0.1077,0.1065,50.408,21.1869,,,,,,,,,,,,
2025-09_ASTRA_25_14,2025-09_ASTRA,25_14,C,2025-09-16T18:11:00,31.049801,43.380402,-1300,51,9.088,18.7791,14.4385,9.1956,89.958,0.1486,0.1024,0.1065,51.416,21.1736,,,,,,,,,,,,
2025-09_ASTRA_25_14,2025-09_ASTRA,25_14,C,2025-09-16T18:11:00,31.049801,43.380402,-1300,52,9.0716,18.7821,14.4428,9.1739,89.714,0.1333,0.0992,0.1065,52.425,21.168,,,,,,,,,,,,
2025-09_ASTRA_25_14,2025-09_ASTRA,25_14,C,2025-09-16T18:11:00,31.049801,43.380402,-1300,53,9.054,18.7862,14.4482,9.1254,89.206,0.1204,0.098,0.1065,53.433,21.1631,,,,,,,,,,,,
2025-09_ASTRA_25_14,2025-09_ASTRA,25_14,C,2025-09-16T18:11:00,31.049801,43.380402,-1300,54,9.0463,18.7917,14.4534,9.1156,89.098,0.1185,0.1056,0.1065,54.441,21.1648,,,,,,,,,,,,
2025-09_ASTRA_25_14,2025-09_ASTRA,25_14,C,2025-09-16T18:11:00,31.049801,43.380402,-1300,55,9.0314,18.7923,14.4557,9.0892,88.809,0.1144,0.107,0.1065,55.449,21.1576,,,,,,,,,,,,
2025-09_ASTRA_25_14,2025-09_ASTRA,25_14,C,2025-09-16T18:11:00,31.049801,43.380402,-1300,56,8.9829,18.7943,14.4633,9.0654,88.479,0.0848,0.1024,0.1065,56.458,21.1337,,,,,,,,,,,,
2025-09_ASTRA_25_14,2025-09_ASTRA,25_14,C,2025-09-16T18:11:00,31.049801,43.380402,-1300,57,8.9451,18.7939,14.4675,9.0393,88.147,0.0748,0.0977,0.1065,57.466,21.113,,,,,,,,,,,,
2025-09_ASTRA_25_14,2025-09_ASTRA,25_14,C,2025-09-16T18:11:00,31.049801,43.380402,-1300,58,8.9077,18.7984,14.4756,9.0183,87.87,0.0765,0.0962,0.1065,58.475,21.0977,,,,,,,,,,,,
2025-09_ASTRA_25_14,2025-09_ASTRA,25_14,C,2025-09-16T18:11:00,31.049801,43.380402,-1300,59,8.8989,18.806,14.4826,8.9879,87.56,0.0735,0.0966,0.1065,59.482,21.101,,,,,,,,,,,,
2025-09_ASTRA_25_14,2025-09_ASTRA,25_14,C,2025-09-16T18:11:00,31.049801,43.380402,-1300,60,8.8954,18.8132,14.4886,8.9287,86.981,0.074,0.0944,0.1065,60.491,21.1067,,,,,,,,,,,,
2025-09_ASTRA_25_14,2025-09_ASTRA,25_14,C,2025-09-16T18:11:00,31.049801,43.380402,-1300,61,8.8619,18.8193,14.4975,8.88,86.443,0.056,0.0923,0.1065,61.499,21.0952,,,,,,,,,,,,
2025-09_ASTRA_25_14,2025-09_ASTRA,25_14,C,2025-09-16T18:11:00,31.049801,43.380402,-1300,62,8.8298,18.8184,14.5007,8.8772,86.351,0.0485,0.0934,0.1065,62.507,21.0771,,,,,,,,,,,,
2025-09_ASTRA_25_14,2025-09_ASTRA,25_14,C,2025-09-16T18:11:00,31.049801,43.380402,-1300,63,8.8056,18.8224,14.5067,8.8681,86.217,0.0462,0.0954,0.1065,63.516,21.0684,,,,,,,,,,,,
2025-09_ASTRA_25_14,2025-09_ASTRA,25_14,C,2025-09-16T18:11:00,31.049801,43.380402,-1300,64,8.7906,18.8273,14.5124,8.8555,86.067,0.0437,0.0954,0.1065,64.524,21.0656,,,,,,,,,,,,
2025-09_ASTRA_25_14,2025-09_ASTRA,25_14,C,2025-09-16T18:11:00,31.049801,43.380402,-1300,65,8.7792,18.8321,14.5175,8.8238,85.739,0.0478,0.101,0.1064,65.532,21.0647,,,,,,,,,,,,
2025-09_ASTRA_25_14,2025-09_ASTRA,25_14,C,2025-09-16T18:11:00,31.049801,43.380402,-1300,66,8.7647,18.8406,14.5259,8.7715,85.208,0.0512,0.0971,0.1065,66.541,21.0657,,,,,,,,,,,,
2025-09_ASTRA_25_14,2025-09_ASTRA,25_14,C,2025-09-16T18:11:00,31.049801,43.380402,-1300,67,8.7361,18.8446,14.5324,8.7612,85.054,0.0513,0.0964,0.1065,67.549,21.0546,,,,,,,,,,,,
2025-09_ASTRA_25_14,2025-09_ASTRA,25_14,C,2025-09-16T18:11:00,31.049801,43.380402,-1300,68,8.7244,18.8525,14.54,8.7344,84.775,0.0394,0.0929,0.1065,68.558,21.0566,,,,,,,,,,,,
2025-09_ASTRA_25_14,2025-09_ASTRA,25_14,C,2025-09-16T18:11:00,31.049801,43.380402,-1300,69,8.7178,18.8583,14.5453,8.6917,84.35,0.0372,0.0887,0.1064,69.566,21.0592,,,,,,,,,,,,
2025-09_ASTRA_25_14,2025-09_ASTRA,25_14,C,2025-09-16T18:11:00,31.049801,43.380402,-1300,70,8.7302,18.8689,14.5521,8.6344,83.825,0.0389,0.0972,0.1065,70.575,21.0772,,,,,,,,,,,,
2025-09_ASTRA_25_14,2025-09_ASTRA,25_14,C,2025-09-16T18:11:00,31.049801,43.380402,-1300,71,8.74,18.8792,14.5589,8.5779,83.301,0.0375,0.0984,0.1065,71.583,21.0932,,,,,,,,,,,,
2025-09_ASTRA_25_14,2025-09_ASTRA,25_14,C,2025-09-16T18:11:00,31.049801,43.380402,-1300,72,8.739,18.8862,14.5645,8.55,83.031,0.0377,0.0951,0.1065,72.591,21.1001,,,,,,,,,,,,
2025-09_ASTRA_25_14,2025-09_ASTRA,25_14,C,2025-09-16T18:11:00,31.049801,43.380402,-1300,73,8.7202,18.8903,14.57,8.5152,82.66,0.0441,0.104,0.1064,73.599,21.0944,,,,,,,,,,,,
2025-09_ASTRA_25_14,2025-09_ASTRA,25_14,C,2025-09-16T18:11:00,31.049801,43.380402,-1300,74,8.7191,18.8957,14.5744,8.4916,82.432,0.0432,0.1045,0.1064,74.608,21.0997,,,,,,,,,,,,
2025-09_ASTRA_25_14,2025-09_ASTRA,25_14,C,2025-09-16T18:11:00,31.049801,43.380402,-1300,75,8.725,18.8995,14.5766,8.4838,82.369,0.0403,0.1019,0.1064,75.616,21.107,,,,,,,,,,,,
2025-09_ASTRA_25_14,2025-09_ASTRA,25_14,C,2025-09-16T18:11:00,31.049801,43.380402,-1300,76,8.7574,18.9132,14.5834,8.4369,81.983,0.0497,0.1027,0.1064,76.625,21.139,,,,,,,,,,,,
2025-09_ASTRA_25_14,2025-09_ASTRA,25_14,C,2025-09-16T18:11:00,31.049801,43.380402,-1300,77,8.7617,18.9258,14.5927,8.3641,81.289,0.0387,0.0996,0.1064,77.633,21.1544,,,,,,,,,,,,
2025-09_ASTRA_25_14,2025-09_ASTRA,25_14,C,2025-09-16T18:11:00,31.049801,43.380402,-1300,78,8.7681,18.9385,14.6018,8.3081,80.764,0.0337,0.0992,0.1064,78.642,21.1712,,,,,,,,,,,,
2025-09_ASTRA_25_14,2025-09_ASTRA,25_14,C,2025-09-16T18:11:00,31.049801,43.380402,-1300,79,8.7814,18.9514,14.6103,8.2283,80.019,0.0444,0.097,0.1064,79.65,21.1919,,,,,,,,,,,,
2025-09_ASTRA_25_14,2025-09_ASTRA,25_14,C,2025-09-16T18:11:00,31.049801,43.380402,-1300,80,8.7984,18.9674,14.6207,8.1295,79.097,0.0478,0.0979,0.1065,80.658,21.2179,,,,,,,,,,,,
2025-09_ASTRA_25_14,2025-09_ASTRA,25_14,C,2025-09-16T18:11:00,31.049801,43.380402,-1300,81,8.8137,18.9809,14.6293,8.046,78.319,0.0375,0.1015,0.1064,81.667,21.2402,,,,,,,,,,,,
2025-09_ASTRA_25_14,2025-09_ASTRA,25_14,C,2025-09-16T18:11:00,31.049801,43.380402,-1300,82,8.8284,18.9947,14.6384,7.9114,77.042,0.0351,0.0968,0.1065,82.675,21.2628,,,,,,,,,,,,
2025-09_ASTRA_25_14,2025-09_ASTRA,25_14,C,2025-09-16T18:11:00,31.049801,43.380402,-1300,83,8.8543,19.0178,14.6532,7.7551,75.576,0.0403,0.0968,0.1065,83.684,21.3009,,,,,,,,,,,,
2025-09_ASTRA_25_14,2025-09_ASTRA,25_14,C,2025-09-16T18:11:00,31.049801,43.380402,-1300,84,8.8771,19.0348,14.6637,7.6252,74.357,0.0425,0.1052,0.1065,84.692,21.3311,,,,,,,,,,,,
2025-09_ASTRA_25_14,2025-09_ASTRA,25_14,C,2025-09-16T18:11:00,31.049801,43.380402,-1300,85,8.8934,19.0522,14.6753,7.5111,73.28,0.0392,0.1085,0.1064,85.701,21.3582,,,,,,,,,,,,
2025-09_ASTRA_25_14,2025-09_ASTRA,25_14,C,2025-09-16T18:11:00,31.049801,43.380402,-1300,86,8.8635,19.0677,14.691,7.5105,73.232,0.0476,0.0981,0.1065,86.709,21.3579,,,,,,,,,,,,
2025-09_ASTRA_25_14,2025-09_ASTRA,25_14,C,2025-09-16T18:11:00,31.049801,43.380402,-1300,87,8.8335,19.0749,14.7003,7.5274,73.349,0.0502,0.1041,0.1065,87.718,21.3492,,,,,,,,,,,,
2025-09_ASTRA_25_14,2025-09_ASTRA,25_14,C,2025-09-16T18:11:00,31.049801,43.380402,-1300,88,8.8462,19.0922,14.7122,7.4653,72.774,0.0498,0.1047,0.1065,88.726,21.3741,,,,,,,,,,,,
2025-09_ASTRA_25_14,2025-09_ASTRA,25_14,C,2025-09-16T18:11:00,31.049801,43.380402,-1300,89,8.8312,19.1118,14.7293,7.364,71.77,0.0416,0.1056,0.1065,89.734,21.3863,,,,,,,,,,,,
2025-09_ASTRA_25_14,2025-09_ASTRA,25_14,C,2025-09-16T18:11:00,31.049801,43.380402,-1300,90,8.8265,19.1363,14.749,7.2214,70.384,0.0415,0.1021,0.1064,90.743,21.409,,,,,,,,,,,,
2025-09_ASTRA_25_14,2025-09_ASTRA,25_14,C,2025-09-16T18:11:00,31.049801,43.380402,-1300,91,8.7907,19.1522,14.7657,7.1398,69.539,0.0508,0.1066,0.1064,91.751,21.4059,,,,,,,,,,,,
2025-09_ASTRA_25_14,2025-09_ASTRA,25_14,C,2025-09-16T18:11:00,31.049801,43.380402,-1300,92,8.7914,19.1712,14.7805,7.023,68.41,0.0401,0.1073,0.1064,92.76,21.426,,,,,,,,,,,,
2025-09_ASTRA_25_14,2025-09_ASTRA,25_14,C,2025-09-16T18:11:00,31.049801,43.380402,-1300,93,8.8111,19.2054,14.8048,6.8262,66.539,0.043,0.1106,0.1064,93.768,21.4721,,,,,,,,,,,,
2025-09_ASTRA_25_14,2025-09_ASTRA,25_14,C,2025-09-16T18:11:00,31.049801,43.380402,-1300,94,8.8179,19.2436,14.8338,6.5996,64.355,0.0362,0.113,0.1064,94.777,21.5153,,,,,,,,,,,,
2025-09_ASTRA_25_14,2025-09_ASTRA,25_14,C,2025-09-16T18:11:00,31.049801,43.380402,-1300,95,8.8461,19.2946,14.8701,6.2757,61.256,0.046,0.1118,0.1065,95.785,21.5833,,,,,,,,,,,,
2025-09_ASTRA_25_14,2025-09_ASTRA,25_14,C,2025-09-16T18:11:00,31.049801,43.380402,-1300,96,8.8986,19.3359,14.8957,5.9415,58.08,0.0495,0.1097,0.1065,96.794,21.655,,,,,,,,,,,,
2025-09_ASTRA_25_14,2025-09_ASTRA,25_14,C,2025-09-16T18:11:00,31.049801,43.380402,-1300,97,8.8902,19.3642,14.9189,5.7292,56.005,0.0467,0.1134,0.1065,97.802,21.6796,,,,,,,,,,,,
2025-09_ASTRA_25_14,2025-09_ASTRA,25_14,C,2025-09-16T18:11:00,31.049801,43.380402,-1300,98,8.9246,19.4079,14.9487,5.4389,53.224,0.0519,0.1119,0.1065,98.811,21.7439,,,,,,,,,,,,
2025-09_ASTRA_25_14,2025-09_ASTRA,25_14,C,2025-09-16T18:11:00,31.049801,43.380402,-1300,99,8.955,19.4717,14.9947,5.017,49.149,0.0526,0.1124,0.1065,99.819,21.8266,,,,,,,,,,,,
2025-09_ASTRA_25_14,2025-09_ASTRA,25_14,C,2025-09-16T18:11:00,31.049801,43.380402,-1300,100,8.9881,19.5215,15.0294,4.6336,45.442,0.0413,0.1137,0.1065,100.828,21.8965,,,,,,,,,,,,
2025-09_ASTRA_26_23,2025-09_ASTRA,26_23,C,2025-09-17T03:04:00,29.656799,43.429901,-1120,1,23.8255,18.7774,11.4571,7.5036,98.94,0.2643,0.1607,0.2848,1.008,29.598,8.438,22.2,186.3,,0.02,0.2942,0.06,0.05,0.1821,8.5975,0.373,7.4952
2025-09_ASTRA_26_23,2025-09_ASTRA,26_23,C,2025-09-17T03:04:00,29.656799,43.429901,-1120,2,23.8494,18.7792,11.452,7.5065,99.022,0.2611,0.1789,0.2399,2.016,29.6152,,,,,,,,,,,,
2025-09_ASTRA_26_23,2025-09_ASTRA,26_23,C,2025-09-17T03:04:00,29.656799,43.429901,-1120,3,23.8473,18.7788,11.4523,7.505,98.999,0.261,0.1627,0.1902,3.024,29.6138,,,,,,,,,,,,
2025-09_ASTRA_26_23,2025-09_ASTRA,26_23,C,2025-09-17T03:04:00,29.656799,43.429901,-1120,4,23.8514,18.7793,11.4516,7.5039,98.992,0.2574,0.1637,0.1493,4.032,29.6173,,,,,,,,,,,,
2025-09_ASTRA_26_23,2025-09_ASTRA,26_23,C,2025-09-17T03:04:00,29.656799,43.429901,-1120,5,23.854,18.7799,11.4512,7.5017,98.967,0.2678,0.1685,0.1372,5.04,29.6198,,,,,,,,,,,,
2025-09_ASTRA_26_23,2025-09_ASTRA,26_23,C,2025-09-17T03:04:00,29.656799,43.429901,-1120,6,23.8496,18.7794,11.4521,7.4951,98.871,0.2699,0.1825,0.1186,6.048,29.6168,,,,,,,,,,,,
2025-09_ASTRA_26_23,2025-09_ASTRA,26_23,C,2025-09-17T03:04:00,29.656799,43.429901,-1120,7,23.8439,18.7793,11.4535,7.4408,98.146,0.2638,0.1729,0.1062,7.056,29.6134,,,,,,,,,,,,
2025-09_ASTRA_26_23,2025-09_ASTRA,26_23,C,2025-09-17T03:04:00,29.656799,43.429901,-1120,8,23.8493,18.7796,11.4523,7.4061,97.698,0.2606,0.1623,0.1039,8.064,29.6174,,,,,,,,,,,,
2025-09_ASTRA_26_23,2025-09_ASTRA,26_23,C,2025-09-17T03:04:00,29.656799,43.429901,-1120,9,23.8527,18.7799,11.4516,7.4298,98.016,0.264,0.1725,0.1037,9.072,29.6202,,,,,,,,,,,,
2025-09_ASTRA_26_23,2025-09_ASTRA,26_23,C,2025-09-17T03:04:00,29.656799,43.429901,-1120,10,23.8532,18.7804,11.4519,7.4905,98.818,0.2675,0.1814,0.1037,10.08,29.6216,,,,,,,,,,,,
2025-09_ASTRA_26_23,2025-09_ASTRA,26_23,C,2025-09-17T03:04:00,29.656799,43.429901,-1120,11,23.8505,18.7825,11.4541,7.4402,98.151,0.2779,0.1999,0.1037,11.089,29.623,,,,,,,,,,,,
2025-09_ASTRA_26_23,2025-09_ASTRA,26_23,C,2025-09-17T03:04:00,29.656799,43.429901,-1120,12,23.8495,18.7839,11.4555,7.4119,97.777,0.2749,0.174,0.1037,12.097,29.6247,,,,,,,,,,,,
2025-09_ASTRA_26_23,2025-09_ASTRA,26_23,C,2025-09-17T03:04:00,29.656799,43.429901,-1120,13,23.8461,18.7855,11.4576,7.4596,98.401,0.2864,0.1789,0.1037,13.105,29.6252,,,,,,,,,,,,
2025-09_ASTRA_26_23,2025-09_ASTRA,26_23,C,2025-09-17T03:04:00,29.656799,43.429901,-1120,14,23.845,18.7862,11.4584,7.4671,98.498,0.2933,0.1755,0.1037,14.113,29.6258,,,,,,,,,,,,
2025-09_ASTRA_26_23,2025-09_ASTRA,26_23,C,2025-09-17T03:04:00,29.656799,43.429901,-1120,15,23.8293,18.7934,11.4681,7.4397,98.113,0.304,0.1772,0.1037,15.121,29.627,,,,,,,,,,,,
2025-09_ASTRA_26_23,2025-09_ASTRA,26_23,C,2025-09-17T03:04:00,29.656799,43.429901,-1120,16,23.7878,18.8058,11.4888,7.447,98.143,0.326,0.1901,0.1037,16.129,29.6202,,,,,,,,,,,,
2025-09_ASTRA_26_23,2025-09_ASTRA,26_23,C,2025-09-17T03:04:00,29.656799,43.429901,-1120,17,23.758,18.8139,11.5029,7.4698,98.396,0.3295,0.2414,0.1037,17.138,29.6141,,,,,,,,,,,,
2025-09_ASTRA_26_23,2025-09_ASTRA,26_23,C,2025-09-17T03:04:00,29.656799,43.429901,-1120,18,23.7326,18.823,11.5166,7.467,98.319,0.3456,0.585,0.1037,18.146,29.6121,,,,,,,,,,,,
2025-09_ASTRA_26_23,2025-09_ASTRA,26_23,C,2025-09-17T03:04:00,29.656799,43.429901,-1120,19,23.711,18.8301,11.528,7.4854,98.527,0.3398,0.4144,0.1037,19.153,29.6097,,,,,,,,,,,,
2025-09_ASTRA_26_23,2025-09_ASTRA,26_23,C,2025-09-17T03:04:00,29.656799,43.429901,-1120,20,23.6864,18.8287,11.5336,7.4065,97.445,0.3662,0.3293,0.1037,20.162,29.5931,,,,,,,,,,,,
2025-09_ASTRA_26_23,2025-09_ASTRA,26_23,C,2025-09-17T03:04:00,29.656799,43.429901,-1120,21,23.5295,18.8059,11.5588,7.279,95.481,0.4357,0.2241,0.1037,21.17,29.4668,,,,,,,,,,,,
2025-09_ASTRA_26_23,2025-09_ASTRA,26_23,C,2025-09-17T03:04:00,29.656799,43.429901,-1120,22,20.296,18.8819,12.434,8.4771,104.67,0.5513,0.1776,0.1037,22.178,27.6497,,,,,,,,,,,,
2025-09_ASTRA_26_23,2025-09_ASTRA,26_23,C,2025-09-17T03:04:00,29.656799,43.429901,-1120,23,16.7332,18.7792,13.1671,9.5123,109.684,0.647,0.1685,0.1037,23.186,25.437,,,,,,,,,,,,
2025-09_ASTRA_26_23,2025-09_ASTRA,26_23,C,2025-09-17T03:04:00,29.656799,43.429901,-1120,24,14.6942,18.7349,13.5314,10.037,110.951,0.6605,0.1736,0.1037,24.194,24.2231,8.354,17.8,167.6,,0.02,0.2974,3.6237,0.05,0.324,10.1797,0.371,9.8483
2025-09_ASTRA_26_23,2025-09_ASTRA,26_23,C,2025-09-17T03:04:00,29.656799,43.429901,-1120,25,14.2321,18.7276,13.6093,9.927,108.667,0.6247,0.1936,0.1037,25.202,23.9542,,,,,,,,,,,,
2025-09_ASTRA_26_23,2025-09_ASTRA,26_23,C,2025-09-17T03:04:00,29.656799,43.429901,-1120,26,13.5566,18.7439,13.7424,9.5444,103.014,0.6504,0.2002,0.1037,26.21,23.5939,,,,,,,,,,,,
2025-09_ASTRA_26_23,2025-09_ASTRA,26_23,C,2025-09-17T03:04:00,29.656799,43.429901,-1120,27,12.6646,18.7709,13.9138,9.5235,100.862,0.7095,0.2112,0.1037,27.218,23.1259,,,,,,,,,,,,
2025-09_ASTRA_26_23,2025-09_ASTRA,26_23,C,2025-09-17T03:04:00,29.656799,43.429901,-1120,28,11.9001,18.7551,14.0249,9.7174,101.216,0.761,0.2162,0.1037,28.227,22.6832,,,,,,,,,,,,
2025-09_ASTRA_26_23,2025-09_ASTRA,26_23,C,2025-09-17T03:04:00,29.656799,43.429901,-1120,29,11.7393,18.7539,14.0491,9.6444,100.103,0.8511,0.232,0.1037,29.235,22.5932,,,,,,,,,,,,
2025-09_ASTRA_26_23,2025-09_ASTRA,26_23,C,2025-09-17T03:04:00,29.656799,43.429901,-1120,30,11.4466,18.7685,14.105,9.5625,98.627,0.9188,0.2349,0.104,30.243,22.4477,,,,,,,,,,,,
2025-09_ASTRA_26_23,2025-09_ASTRA,26_23,C,2025-09-17T03:04:00,29.656799,43.429901,-1120,31,11.0299,18.7782,14.1746,9.6054,98.169,1.0033,0.2405,0.1046,31.251,22.2285,,,,,,,,,,,,
2025-09_ASTRA_26_23,2025-09_ASTRA,26_23,C,2025-09-17T03:04:00,29.656799,43.429901,-1120,32,10.7685,18.7777,14.2121,9.6047,97.594,1.1205,0.2294,0.1055,32.26,22.0844,,,,,,,,,,,,
2025-09_ASTRA_26_23,2025-09_ASTRA,26_23,C,2025-09-17T03:04:00,29.656799,43.429901,-1120,33,10.448,18.7672,14.2494,9.6756,97.607,1.1252,0.2077,0.1051,33.268,21.8975,8.319,13.8,173.2,,0.0453,0.296,5.0545,0.05,0.2679,8.5725,0.21,9.5115
2025-09_ASTRA_26_23,2025-09_ASTRA,26_23,C,2025-09-17T03:04:00,29.656799,43.429901,-1120,34,10.1766,18.7618,14.2828,9.7356,97.613,1.0429,0.1875,0.1053,34.276,21.7434,,,,,,,,,,,,
2025-09_ASTRA_26_23,2025-09_ASTRA,26_23,C,2025-09-17T03:04:00,29.656799,43.429901,-1120,35,10.0032,18.7697,14.3125,9.7239,97.121,0.9874,0.1733,0.1064,35.285,21.6572,,,,,,,,,,,,
2025-09_ASTRA_26_23,2025-09_ASTRA,26_23,C,2025-09-17T03:04:00,29.656799,43.429901,-1120,36,10.003,18.8049,14.34,9.5465,95.37,0.9402,0.1839,0.1065,36.293,21.6946,,,,,,,,,,,,
2025-09_ASTRA_26_23,2025-09_ASTRA,26_23,C,2025-09-17T03:04:00,29.656799,43.429901,-1120,37,9.9971,18.8346,14.3638,9.3877,93.789,0.9244,0.1923,0.1065,37.301,21.723,,,,,,,,,,,,
2025-09_ASTRA_26_23,2025-09_ASTRA,26_23,C,2025-09-17T03:04:00,29.656799,43.429901,-1120,38,9.9369,18.8442,14.3794,9.3429,93.221,0.8813,0.1891,0.1065,38.309,21.7005,,,,,,,,,,,,
2025-09_ASTRA_26_23,2025-09_ASTRA,26_23,C,2025-09-17T03:04:00,29.656799,43.429901,-1120,39,9.8623,18.8744,14.4129,9.2632,92.288,0.7055,0.1913,0.1064,39.317,21.6916,,,,,,,,,,,,
2025-09_ASTRA_26_23,2025-09_ASTRA,26_23,C,2025-09-17T03:04:00,29.656799,43.429901,-1120,40,9.7786,18.8916,14.4373,9.2166,91.66,0.5671,0.187,0.1064,40.325,21.664,,,,,,,,,,,,
2025-09_ASTRA_26_23,2025-09_ASTRA,26_23,C,2025-09-17T03:04:00,29.656799,43.429901,-1120,41,9.7039,18.8991,14.453,9.1605,90.953,0.4664,0.186,0.1064,41.333,21.6313,,,,,,,,,,,,
2025-09_ASTRA_26_23,2025-09_ASTRA,26_23,C,2025-09-17T03:04:00,29.656799,43.429901,-1120,42,9.5846,18.9137,14.48,9.1251,90.364,0.3841,0.1877,0.1064,42.342,21.5814,,,,,,,,,,,,
2025-09_ASTRA_26_23,2025-09_ASTRA,26_23,C,2025-09-17T03:04:00,29.656799,43.429901,-1120,43,9.5077,18.9195,14.4945,9.0959,89.921,0.3379,0.1836,0.1064,43.35,21.5456,,,,,,,,,,,,
2025-09_ASTRA_26_23,2025-09_ASTRA,26_23,C,2025-09-17T03:04:00,29.656799,43.429901,-1120,44,9.4406,18.9199,14.5035,9.0536,89.367,0.3008,0.1755,0.1064,44.358,21.5096,,,,,,,,,,,,
2025-09_ASTRA_26_23,2025-09_ASTRA,26_23,C,2025-09-17T03:04:00,29.656799,43.429901,-1120,45,9.2814,18.9194,14.5234,9.009,88.604,0.254,0.1647,0.1063,45.367,21.4222,,,,,,,,,,,,
2025-09_ASTRA_26_23,2025-09_ASTRA,26_23,C,2025-09-17T03:04:00,29.656799,43.429901,-1120,46,9.1525,18.9185,14.5389,8.9676,87.936,0.2091,0.1561,0.1063,46.375,21.3511,,,,,,,,,,,,
2025-09_ASTRA_26_23,2025-09_ASTRA,26_23,C,2025-09-17T03:04:00,29.656799,43.429901,-1120,47,9.0642,18.9188,14.5502,8.9467,87.554,0.1889,0.1552,0.1063,47.383,21.3035,,,,,,,,,,,,
2025-09_ASTRA_26_23,2025-09_ASTRA,26_23,C,2025-09-17T03:04:00,29.656799,43.429901,-1120,48,9.0493,18.9254,14.5572,8.8924,86.997,0.2046,0.1493,0.1063,48.392,21.3025,,,,,,,,,,,,
2025-09_ASTRA_26_23,2025-09_ASTRA,26_23,C,2025-09-17T03:04:00,29.656799,43.429901,-1120,49,9.0104,18.9619,14.5905,8.7695,85.738,0.1953,0.146,0.1063,49.4,21.3191,,,,,,,,,,,,
2025-09_ASTRA_26_23,2025-09_ASTRA,26_23,C,2025-09-17T03:04:00,29.656799,43.429901,-1120,50,8.9223,18.9817,14.6167,8.6487,84.397,0.1685,0.1429,0.1063,50.408,21.2916,,,,,,,,,,,,
2025-09_ASTRA_26_23,2025-09_ASTRA,26_23,C,2025-09-17T03:04:00,29.656799,43.429901,-1120,51,8.8328,18.9868,14.6316,8.5497,83.263,0.1398,0.1407,0.1064,51.416,21.2482,,,,,,,,,,,,
2025-09_ASTRA_26_23,2025-09_ASTRA,26_23,C,2025-09-17T03:04:00,29.656799,43.429901,-1120,52,8.7295,18.9878,14.6449,8.5043,82.624,0.1301,0.1494,0.1065,52.425,21.193,,,,,,,,,,,,
2025-09_ASTRA_26_23,2025-09_ASTRA,26_23,C,2025-09-17T03:04:00,29.656799,43.429901,-1120,53,8.7067,19.0108,14.6656,8.4752,82.309,0.1197,0.1589,0.1065,53.433,21.2044,,,,,,,,,,,,
2025-09_ASTRA_26_23,2025-09_ASTRA,26_23,C,2025-09-17T03:04:00,29.656799,43.429901,-1120,54,8.6875,19.0364,14.6878,8.4358,81.905,0.1116,0.1582,0.1065,54.441,21.2202,,,,,,,,,,,,
2025-09_ASTRA_26_23,2025-09_ASTRA,26_23,C,2025-09-17T03:04:00,29.656799,43.429901,-1120,55,8.6689,19.0575,14.7066,8.2423,80.002,0.1038,0.1513,0.1065,55.45,21.2319,,,,,,,,,,,,
2025-09_ASTRA_26_23,2025-09_ASTRA,26_23,C,2025-09-17T03:04:00,29.656799,43.429901,-1120,56,8.6704,19.0947,14.7354,7.8793,76.499,0.0881,0.1676,0.1065,56.458,21.271,,,,,,,,,,,,
2025-09_ASTRA_26_23,2025-09_ASTRA,26_23,C,2025-09-17T03:04:00,29.656799,43.429901,-1120,57,8.6826,19.1523,14.7789,7.5401,73.255,0.0826,0.1687,0.1065,57.466,21.3367,,,,,,,,,,,,
2025-09_ASTRA_26_23,2025-09_ASTRA,26_23,C,2025-09-17T03:04:00,29.656799,43.429901,-1120,58,8.7002,19.18,14.7984,7.3015,70.978,0.0846,0.148,0.1065,58.475,21.3749,,,,,,,,,,,,
2025-09_ASTRA_26_23,2025-09_ASTRA,26_23,C,2025-09-17T03:04:00,29.656799,43.429901,-1120,59,8.7269,19.2349,14.838,6.8997,67.137,0.0976,0.1425,0.1065,59.483,21.446,,,,,,,,,,,,
2025-09_ASTRA_26_23,2025-09_ASTRA,26_23,C,2025-09-17T03:04:00,29.656799,43.429901,-1120,60,8.7758,19.3518,14.9232,6.2263,60.697,0.1011,0.1427,0.1065,60.491,21.5926,,,,,,,,,,,,
2025-09_ASTRA_26_23,2025-09_ASTRA,26_23,C,2025-09-17T03:04:00,29.656799,43.429901,-1120,61,8.8272,19.4351,14.9819,5.6111,54.793,0.0891,0.142,0.1065,61.499,21.7066,,,,,,,,,,,,
2025-09_ASTRA_26_23,2025-09_ASTRA,26_23,C,2025-09-17T03:04:00,29.656799,43.429901,-1120,62,8.8725,19.5057,15.0314,5.0909,49.791,0.0962,0.1401,0.1065,62.508,21.8043,,,,,,,,,,,,
2025-09_ASTRA_26_23,2025-09_ASTRA,26_23,C,2025-09-17T03:04:00,29.656799,43.429901,-1120,63,8.8859,19.5508,15.0649,4.6971,45.966,0.1166,0.1403,0.1065,63.516,21.8582,,,,,,,,,,,,
2025-09_ASTRA_26_23,2025-09_ASTRA,26_23,C,2025-09-17T03:04:00,29.656799,43.429901,-1120,64,8.9114,19.5994,15.0996,4.2961,42.079,0.1424,0.1323,0.1065,64.525,21.9225,,,,,,,,,,,,
2025-09_ASTRA_26_23,2025-09_ASTRA,26_23,C,2025-09-17T03:04:00,29.656799,43.429901,-1120,65,8.942,19.6586,15.142,3.8542,37.793,0.1294,0.1387,0.1065,65.533,22.0007,,,,,,,,,,,,
2025-09_ASTRA_26_23,2025-09_ASTRA,26_23,C,2025-09-17T03:04:00,29.656799,43.429901,-1120,66,8.966,19.7217,15.1881,3.4282,33.647,0.1173,0.1395,0.1065,66.541,22.079,,,,,,,,,,,,
2025-09_ASTRA_26_23,2025-09_ASTRA,26_23,C,2025-09-17T03:04:00,29.656799,43.429901,-1120,67,8.9905,19.7858,15.2351,3.0164,29.635,0.1154,0.143,0.1065,67.55,22.1589,,,,,,,,,,,,
2025-09_ASTRA_26_23,2025-09_ASTRA,26_23,C,2025-09-17T03:04:00,29.656799,43.429901,-1120,68,9.0136,19.8412,15.2754,2.7155,26.702,0.0942,0.1485,0.1065,68.558,22.229,,,,,,,,,,,,
2025-09_ASTRA_26_23,2025-09_ASTRA,26_23,C,2025-09-17T03:04:00,29.656799,43.429901,-1120,69,9.0226,19.8788,15.3036,2.5055,24.648,0.0695,0.1412,0.1065,69.567,22.273,,,,,,,,,,,,
2025-09_ASTRA_26_23,2025-09_ASTRA,26_23,C,2025-09-17T03:04:00,29.656799,43.429901,-1120,70,9.0297,19.9344,15.346,2.2401,22.049,0.0692,0.1389,0.1065,70.575,22.3343,,,,,,,,,,,,
2025-09_ASTRA_26_23,2025-09_ASTRA,26_23,C,2025-09-17T03:04:00,29.656799,43.429901,-1120,71,9.0324,19.9746,15.377,2.0396,20.082,0.0676,0.1484,0.1065,71.583,22.3773,,,,,,,,,,,,
2025-09_ASTRA_26_23,2025-09_ASTRA,26_23,C,2025-09-17T03:04:00,29.656799,43.429901,-1120,72,9.0317,20.0141,15.4079,1.8566,18.285,0.0628,0.149,0.1065,72.592,22.4176,,,,,,,,,,,,
2025-09_ASTRA_26_23,2025-09_ASTRA,26_23,C,2025-09-17T03:04:00,29.656799,43.429901,-1120,73,9.0351,20.0523,15.4372,1.656,16.314,0.0605,0.1364,0.1065,73.6,22.459,,,,,,,,,,,,
2025-09_ASTRA_26_23,2025-09_ASTRA,26_23,C,2025-09-17T03:04:00,29.656799,43.429901,-1120,74,9.0389,20.0886,15.465,1.4047,13.843,0.0588,0.1309,0.1065,74.608,22.4986,,,,,,,,,,,,
2025-09_ASTRA_26_23,2025-09_ASTRA,26_23,C,2025-09-17T03:04:00,29.656799,43.429901,-1120,75,9.0361,20.1299,15.4976,1.1646,11.479,0.0603,0.1343,0.1065,75.617,22.5396,,,,,,,,,,,,
2025-09_ASTRA_26_23,2025-09_ASTRA,26_23,C,2025-09-17T03:04:00,29.656799,43.429901,-1120,76,9.0269,20.1612,15.5231,0.9926,9.783,0.0575,0.1429,0.1065,76.625,22.5666,,,,,,,,,,,,
2025-09_ASTRA_26_23,2025-09_ASTRA,26_23,C,2025-09-17T03:04:00,29.656799,43.429901,-1120,77,9.0232,20.1806,15.5387,0.877,8.645,0.057,0.1495,0.1065,77.634,22.5846,,,,,,,,,,,,
2025-09_ASTRA_26_23,2025-09_ASTRA,26_23,C,2025-09-17T03:04:00,29.656799,43.429901,-1120,78,9.0221,20.1915,15.5474,0.7749,7.639,0.0527,0.1417,0.1065,78.642,22.5954,,,,,,,,,,,,
2025-09_ASTRA_26_23,2025-09_ASTRA,26_23,C,2025-09-17T03:04:00,29.656799,43.429901,-1120,79,9.0188,20.2383,15.5842,0.6329,6.24,0.0518,0.1315,0.1065,79.65,22.6416,,,,,,,,,,,,
2025-09_ASTRA_26_23,2025-09_ASTRA,26_23,C,2025-09-17T03:04:00,29.656799,43.429901,-1120,80,9.0166,20.2654,15.6057,0.5384,5.309,0.0504,0.1283,0.1065,80.659,22.6684,,,,,,,,,,,,
2025-09_ASTRA_26_23,2025-09_ASTRA,26_23,C,2025-09-17T03:04:00,29.656799,43.429901,-1120,81,9.0092,20.3001,15.6337,0.4581,4.517,0.0551,0.1232,0.1065,81.667,22.6999,,,,,,,,,,,,
2025-09_ASTRA_26_23,2025-09_ASTRA,26_23,C,2025-09-17T03:04:00,29.656799,43.429901,-1120,82,9.0043,20.3288,15.6567,0.4081,4.025,0.0576,0.1294,0.1065,82.676,22.7267,,,,,,,,,,,,
2025-09_ASTRA_26_23,2025-09_ASTRA,26_23,C,2025-09-17T03:04:00,29.656799,43.429901,-1120,83,8.9997,20.3578,15.6798,0.4104,4.047,0.0623,0.174,0.1065,83.684,22.7538,,,,,,,,,,,,
2025-09_ASTRA_26_23,2025-09_ASTRA,26_23,C,2025-09-17T03:04:00,29.656799,43.429901,-1120,84,8.9955,20.3888,15.7046,0.4126,4.07,0.0602,0.2236,0.1065,84.693,22.7834,,,,,,,,,,,,
2025-09_ASTRA_26_23,2025-09_ASTRA,26_23,C,2025-09-17T03:04:00,29.656799,43.429901,-1120,85,8.993,20.4069,15.719,0.3718,3.667,0.0542,0.2116,0.1065,85.701,22.8007,,,,,,,,,,,,
2025-09_ASTRA_26_23,2025-09_ASTRA,26_23,C,2025-09-17T03:04:00,29.656799,43.429901,-1120,86,8.9895,20.4219,15.7311,0.3164,3.121,0.0577,0.1645,0.1065,86.709,22.8142,,,,,,,,,,,,
2025-09_ASTRA_26_23,2025-09_ASTRA,26_23,C,2025-09-17T03:04:00,29.656799,43.429901,-1120,87,8.986,20.4456,15.75,0.2761,2.724,0.0741,0.1523,0.1065,87.718,22.8367,,,,,,,,,,,,
2025-09_ASTRA_26_23,2025-09_ASTRA,26_23,C,2025-09-17T03:04:00,29.656799,43.429901,-1120,88,8.9852,20.4643,15.7647,0.2437,2.404,0.0747,0.2125,0.1065,88.726,22.8556,,,,,,,,,,,,
2025-09_ASTRA_26_23,2025-09_ASTRA,26_23,C,2025-09-17T03:04:00,29.656799,43.429901,-1120,89,8.9834,20.4862,15.782,0.2087,2.059,0.0752,0.2555,0.1065,89.735,22.8772,,,,,,,,,,,,
2025-09_ASTRA_26_23,2025-09_ASTRA,26_23,C,2025-09-17T03:04:00,29.656799,43.429901,-1120,90,8.9798,20.5044,15.7966,0.1942,1.916,0.0765,0.2331,0.1065,90.743,22.894,,,,,,,,,,,,
2025-09_ASTRA_26_23,2025-09_ASTRA,26_23,C,2025-09-17T03:04:00,29.656799,43.429901,-1120,91,8.9736,20.5368,15.8227,0.1915,1.89,0.0725,0.1762,0.1065,91.752,22.9236,,,,,,,,,,,,
2025-09_ASTRA_26_23,2025-09_ASTRA,26_23,C,2025-09-17T03:04:00,29.656799,43.429901,-1120,92,8.9685,20.57,15.8493,0.184,1.815,0.0809,0.1301,0.1065,92.76,22.9549,,,,,,,,,,,,
2025-09_ASTRA_26_23,2025-09_ASTRA,26_23,C,2025-09-17T03:04:00,29.656799,43.429901,-1120,93,8.9661,20.5916,15.8664,0.1782,1.759,0.0771,0.1063,0.1065,93.769,22.9758,,,,,,,,,,,,
2025-09_ASTRA_26_23,2025-09_ASTRA,26_23,C,2025-09-17T03:04:00,29.656799,43.429901,-1120,94,8.9643,20.6018,15.8746,0.165,1.628,0.0662,0.1034,0.1065,94.777,22.9854,,,,,,,,,,,,
2025-09_ASTRA_26_23,2025-09_ASTRA,26_23,C,2025-09-17T03:04:00,29.656799,43.429901,-1120,95,8.9609,20.623,15.8915,0.1413,1.395,0.0661,0.1043,0.1063,95.786,23.0053,,,,,,,,,,,,
2025-09_ASTRA_26_23,2025-09_ASTRA,26_23,C,2025-09-17T03:04:00,29.656799,43.429901,-1120,96,8.956,20.6584,15.9197,0.115,1.135,0.0563,0.1072,0.1064,96.794,23.0388,,,,,,,,,,,,
2025-09_ASTRA_26_23,2025-09_ASTRA,26_23,C,2025-09-17T03:04:00,29.656799,43.429901,-1120,97,8.95,20.6888,15.9442,0.0962,0.949,0.0584,0.1093,0.1064,97.803,23.0665,,,,,,,,,,,,
2025-09_ASTRA_26_23,2025-09_ASTRA,26_23,C,2025-09-17T03:04:00,29.656799,43.429901,-1120,98,8.9497,20.6969,15.9505,0.0875,0.864,0.04,0.1064,0.1064,98.811,23.0748,,,,,,,,,,,,
2025-09_ASTRA_26_23,2025-09_ASTRA,26_23,C,2025-09-17T03:04:00,29.656799,43.429901,-1120,99,8.9501,20.7095,15.9603,0.0832,0.822,0.0443,0.103,0.1064,99.82,23.0882,,,,,,,,,,,,
2025-09_ASTRA_26_23,2025-09_ASTRA,26_23,C,2025-09-17T03:04:00,29.656799,43.429901,-1120,100,8.9484,20.7201,15.9688,0.0817,0.807,0.0539,0.1053,0.1065,100.828,23.0983,,,,,,,,,,,,
2025-09_ASTRA_26_23,2025-09_ASTRA,26_23,C,2025-09-17T03:04:00,29.656799,43.429901,-1120,101,8.9488,20.729,15.9756,0.0761,0.751,0.0676,0.106,0.1065,101.838,23.1079,,,,,,,,,,,,
2025-09_ASTRA_27_15,2025-09_ASTRA,27_15,C,2025-09-17T08:25:00,30.630501,43.690601,-900,1,24.1482,18.8649,11.4345,7.4198,98.452,0.0955,0.1314,898.66,1.008,29.918,8.424,22.8,181.0,20.0,0.02,0.2484,0.06,0.05,0.3719,6.3157,0.136,7.35
2025-09_ASTRA_27_15,2025-09_ASTRA,27_15,C,2025-09-17T08:25:00,30.630501,43.690601,-900,2,24.1304,18.8651,11.4396,7.4525,98.855,0.0954,0.1284,783.11,2.016,29.9078,,,,,,,,,,,,
2025-09_ASTRA_27_15,2025-09_ASTRA,27_15,C,2025-09-17T08:25:00,30.630501,43.690601,-900,3,24.0945,18.8637,11.4484,7.423,98.4,0.1071,0.126,649.42,3.024,29.8844,,,,,,,,,,,,
2025-09_ASTRA_27_15,2025-09_ASTRA,27_15,C,2025-09-17T08:25:00,30.630501,43.690601,-900,4,24.084,18.8632,11.4509,7.4414,98.624,0.116,0.1313,420.64,4.032,29.8777,,,,,,,,,,,,
2025-09_ASTRA_27_15,2025-09_ASTRA,27_15,C,2025-09-17T08:25:00,30.630501,43.690601,-900,5,24.079,18.8633,11.4524,7.4434,98.642,0.1229,0.131,368.47,5.041,29.8751,,,,,,,,,,,,
2025-09_ASTRA_27_15,2025-09_ASTRA,27_15,C,2025-09-17T08:25:00,30.630501,43.690601,-900,6,24.0708,18.8634,11.4547,7.4661,98.929,0.1287,0.1376,317.76,6.049,29.8706,,,,,,,,,,,,
2025-09_ASTRA_27_15,2025-09_ASTRA,27_15,C,2025-09-17T08:25:00,30.630501,43.690601,-900,7,24.0483,18.863,11.4605,7.4526,98.71,0.1196,0.125,273.2,7.057,29.8566,,,,,,,,,,,,
2025-09_ASTRA_27_15,2025-09_ASTRA,27_15,C,2025-09-17T08:25:00,30.630501,43.690601,-900,8,24.0403,18.8626,11.4625,7.4775,99.024,0.1418,0.1255,260.09,8.065,29.8515,,,,,,,,,,,,
2025-09_ASTRA_27_15,2025-09_ASTRA,27_15,C,2025-09-17T08:25:00,30.630501,43.690601,-900,9,24.0339,18.8626,11.4642,7.4596,98.777,0.1544,0.1268,267.32,9.073,29.848,,,,,,,,,,,,
2025-09_ASTRA_27_15,2025-09_ASTRA,27_15,C,2025-09-17T08:25:00,30.630501,43.690601,-900,10,24.0277,18.8627,11.466,7.4622,98.8,0.1654,0.1299,254.47,10.081,29.8446,,,,,,,,,,,,
2025-09_ASTRA_27_15,2025-09_ASTRA,27_15,C,2025-09-17T08:25:00,30.630501,43.690601,-900,11,24.0264,18.8631,11.4666,7.4831,99.075,0.1688,0.1297,227.41,11.089,29.8447,,,,,,,,,,,,
2025-09_ASTRA_27_15,2025-09_ASTRA,27_15,C,2025-09-17T08:25:00,30.630501,43.690601,-900,12,24.0236,18.8634,11.4677,7.4352,98.435,0.1761,0.1228,212.59,12.097,29.8437,,,,,,,,,,,,
2025-09_ASTRA_27_15,2025-09_ASTRA,27_15,C,2025-09-17T08:25:00,30.630501,43.690601,-900,13,24.022,18.8634,11.4681,7.4355,98.437,0.183,0.1289,200.76,13.105,29.843,,,,,,,,,,,,
2025-09_ASTRA_27_15,2025-09_ASTRA,27_15,C,2025-09-17T08:25:00,30.630501,43.690601,-900,14,24.0224,18.8641,11.4685,7.4459,98.575,0.1952,0.1313,190.79,14.113,29.8444,,,,,,,,,,,,
2025-09_ASTRA_27_15,2025-09_ASTRA,27_15,C,2025-09-17T08:25:00,30.630501,43.690601,-900,15,24.0246,18.8652,11.4687,7.4606,98.775,0.2038,0.1303,172.77,15.121,29.8477,,,,,,,,,,,,
2025-09_ASTRA_27_15,2025-09_ASTRA,27_15,C,2025-09-17T08:25:00,30.630501,43.690601,-900,16,24.0261,18.8664,11.4692,7.4383,98.483,0.2103,0.1297,163.48,16.13,29.8504,,,,,,,,,,,,
2025-09_ASTRA_27_15,2025-09_ASTRA,27_15,C,2025-09-17T08:25:00,30.630501,43.690601,-900,17,24.0269,18.8676,11.4699,7.4265,98.329,0.2045,0.1272,143.49,17.138,29.853,,,,,,,,,,,,
2025-09_ASTRA_27_15,2025-09_ASTRA,27_15,C,2025-09-17T08:25:00,30.630501,43.690601,-900,18,24.0246,18.8672,11.4702,7.4424,98.535,0.2009,0.1276,128.84,18.146,29.8514,,,,,,,,,,,,
2025-09_ASTRA_27_15,2025-09_ASTRA,27_15,C,2025-09-17T08:25:00,30.630501,43.690601,-900,19,24.0241,18.8674,11.4705,7.4409,98.515,0.2059,0.1302,119.33,19.154,29.8517,,,,,,,,,,,,
2025-09_ASTRA_27_15,2025-09_ASTRA,27_15,C,2025-09-17T08:25:00,30.630501,43.690601,-900,20,24.0249,18.8685,11.4711,7.4308,98.382,0.2114,0.1316,106.61,20.162,29.8539,,,,,,,,,,,,
2025-09_ASTRA_27_15,2025-09_ASTRA,27_15,C,2025-09-17T08:25:00,30.630501,43.690601,-900,21,24.0262,18.8698,11.4718,7.4331,98.416,0.2124,0.1299,97.242,21.17,29.8568,,,,,,,,,,,,
2025-09_ASTRA_27_15,2025-09_ASTRA,27_15,C,2025-09-17T08:25:00,30.630501,43.690601,-900,22,24.0204,18.8703,11.4737,7.4382,98.473,0.2176,0.1285,89.044,22.179,29.8544,,,,,,,,,,,,
2025-09_ASTRA_27_15,2025-09_ASTRA,27_15,C,2025-09-17T08:25:00,30.630501,43.690601,-900,23,24.0009,18.8667,11.4763,7.1178,94.198,0.3081,0.1358,80.333,23.187,29.8377,,,,,,,,,,,,
2025-09_ASTRA_27_15,2025-09_ASTRA,27_15,C,2025-09-17T08:25:00,30.630501,43.690601,-900,24,21.3999,18.837,12.1128,8.3629,105.066,0.6578,0.1586,74.143,24.195,28.2495,,,,,,,,,,,,
2025-09_ASTRA_27_15,2025-09_ASTRA,27_15,C,2025-09-17T08:25:00,30.630501,43.690601,-900,25,16.2019,18.7029,13.2172,10.3095,117.563,0.8558,0.1618,66.535,25.203,25.04,8.392,19.6,177.3,,0.02,0.3177,2.286,0.05,0.324,7.9341,0.405,9.5498
2025-09_ASTRA_27_15,2025-09_ASTRA,27_15,C,2025-09-17T08:25:00,30.630501,43.690601,-900,26,15.0639,18.6521,13.3984,10.5138,117.053,0.7949,0.1524,55.475,26.211,24.3342,,,,,,,,,,,,
2025-09_ASTRA_27_15,2025-09_ASTRA,27_15,C,2025-09-17T08:25:00,30.630501,43.690601,-900,27,14.4179,18.6551,13.5201,10.1391,111.367,0.7271,0.1682,44.756,27.22,23.9742,,,,,,,,,,,,
2025-09_ASTRA_27_15,2025-09_ASTRA,27_15,C,2025-09-17T08:25:00,30.630501,43.690601,-900,28,13.4753,18.7162,13.7356,9.9295,106.961,0.6796,0.155,36.634,28.227,23.517,,,,,,,,,,,,
2025-09_ASTRA_27_15,2025-09_ASTRA,27_15,C,2025-09-17T08:25:00,30.630501,43.690601,-900,29,12.8669,18.7097,13.8332,9.7513,103.684,0.696,0.1647,30.928,29.236,23.1701,,,,,,,,,,,,
2025-09_ASTRA_27_15,2025-09_ASTRA,27_15,C,2025-09-17T08:25:00,30.630501,43.690601,-900,30,12.0977,18.7678,14.0031,9.7802,102.318,0.8641,0.1809,26.636,30.244,22.8076,,,,,,,,,,,,
2025-09_ASTRA_27_15,2025-09_ASTRA,27_15,C,2025-09-17T08:25:00,30.630501,43.690601,-900,31,11.7119,18.7988,14.0878,9.7406,101.07,1.1041,0.1986,23.229,31.253,22.628,,,,,,,,,,,,
2025-09_ASTRA_27_15,2025-09_ASTRA,27_15,C,2025-09-17T08:25:00,30.630501,43.690601,-900,32,11.2396,18.7851,14.1487,9.9265,101.923,1.0358,0.191,20.529,32.26,22.3521,,,,,,,,,,,,
2025-09_ASTRA_27_15,2025-09_ASTRA,27_15,C,2025-09-17T08:25:00,30.630501,43.690601,-900,33,10.7974,18.7791,14.2091,10.0297,101.978,0.9892,0.1755,18.356,33.268,22.1021,,,,,,,,,,,,
2025-09_ASTRA_27_15,2025-09_ASTRA,27_15,C,2025-09-17T08:25:00,30.630501,43.690601,-900,34,10.4972,18.7843,14.2558,9.9966,100.969,1.1386,0.1837,16.289,34.277,21.9429,,,,,,,,,,,,
2025-09_ASTRA_27_15,2025-09_ASTRA,27_15,C,2025-09-17T08:25:00,30.630501,43.690601,-900,35,10.5329,18.8292,14.2857,9.6525,97.598,1.2771,0.1962,14.513,35.285,22.0109,,,,,,,,,,,,
2025-09_ASTRA_27_15,2025-09_ASTRA,27_15,C,2025-09-17T08:25:00,30.630501,43.690601,-900,36,10.359,18.8576,14.3321,9.5075,95.776,1.3494,0.2069,12.861,36.293,21.9458,,,,,,,,,,,,
2025-09_ASTRA_27_15,2025-09_ASTRA,27_15,C,2025-09-17T08:25:00,30.630501,43.690601,-900,37,10.0321,18.851,14.3717,9.634,96.335,1.353,0.2059,11.256,37.302,21.7596,8.315,13.9,184.9,,0.0942,0.3211,5.3767,0.05,0.3797,10.1131,0.663,9.2363
2025-09_ASTRA_27_15,2025-09_ASTRA,27_15,C,2025-09-17T08:25:00,30.630501,43.690601,-900,38,9.7983,18.8422,14.3963,9.6915,96.395,1.2908,0.1993,9.8015,38.31,21.6224,,,,,,,,,,,,
2025-09_ASTRA_27_15,2025-09_ASTRA,27_15,C,2025-09-17T08:25:00,30.630501,43.690601,-900,39,9.5925,18.8475,14.4275,9.6971,96.005,1.1582,0.1926,8.5364,39.318,21.5157,,,,,,,,,,,,
2025-09_ASTRA_27_15,2025-09_ASTRA,27_15,C,2025-09-17T08:25:00,30.630501,43.690601,-900,40,9.5107,18.8607,14.4483,9.6435,95.304,1.0321,0.1921,7.453,40.326,21.485,,,,,,,,,,,,
2025-09_ASTRA_27_15,2025-09_ASTRA,27_15,C,2025-09-17T08:25:00,30.630501,43.690601,-900,41,9.4499,18.873,14.4658,9.5858,94.611,0.9364,0.178,6.5241,41.334,21.465,,,,,,,,,,,,
2025-09_ASTRA_27_15,2025-09_ASTRA,27_15,C,2025-09-17T08:25:00,30.630501,43.690601,-900,42,9.391,18.8852,14.4828,9.5059,93.704,0.7998,0.1689,5.7285,42.343,21.4458,,,,,,,,,,,,
2025-09_ASTRA_27_15,2025-09_ASTRA,27_15,C,2025-09-17T08:25:00,30.630501,43.690601,-900,43,9.3462,18.8934,14.4949,9.4333,92.899,0.6983,0.1637,5.0559,43.351,21.4301,,,,,,,,,,,,
2025-09_ASTRA_27_15,2025-09_ASTRA,27_15,C,2025-09-17T08:25:00,30.630501,43.690601,-900,44,9.2874,18.9064,14.5125,9.3184,91.652,0.6334,0.1558,4.5293,44.359,21.4117,,,,,,,,,,,,
2025-09_ASTRA_27_15,2025-09_ASTRA,27_15,C,2025-09-17T08:25:00,30.630501,43.690601,-900,45,9.219,18.9224,14.5337,9.2142,90.494,0.5614,0.146,4.067,45.368,21.3913,,,,,,,,,,,,
2025-09_ASTRA_27_15,2025-09_ASTRA,27_15,C,2025-09-17T08:25:00,30.630501,43.690601,-900,46,9.1307,18.935,14.5545,9.1453,89.643,0.5264,0.1454,3.6493,46.376,21.3562,,,,,,,,,,,,
2025-09_ASTRA_27_15,2025-09_ASTRA,27_15,C,2025-09-17T08:25:00,30.630501,43.690601,-900,47,9.1095,18.9485,14.5677,9.0641,88.812,0.5164,0.1416,3.3117,47.384,21.3589,,,,,,,,,,,,
2025-09_ASTRA_27_15,2025-09_ASTRA,27_15,C,2025-09-17T08:25:00,30.630501,43.690601,-900,48,9.0977,18.9651,14.5821,8.9832,88.006,0.5041,0.1378,3.027,48.393,21.3698,,,,,,,,,,,,
2025-09_ASTRA_27_15,2025-09_ASTRA,27_15,C,2025-09-17T08:25:00,30.630501,43.690601,-900,49,9.0756,18.9744,14.5921,8.9209,87.356,0.4711,0.1398,2.7371,49.401,21.3676,,,,,,,,,,,,
2025-09_ASTRA_27_15,2025-09_ASTRA,27_15,C,2025-09-17T08:25:00,30.630501,43.690601,-900,50,9.0634,18.9841,14.6013,8.8405,86.55,0.4401,0.142,2.4849,50.409,21.3713,,,,,,,,,,,,
2025-09_ASTRA_27_15,2025-09_ASTRA,27_15,C,2025-09-17T08:25:00,30.630501,43.690601,-900,51,9.0276,18.9994,14.6175,8.7555,85.656,0.4179,0.1386,2.2427,51.418,21.3677,,,,,,,,,,,,
2025-09_ASTRA_27_15,2025-09_ASTRA,27_15,C,2025-09-17T08:25:00,30.630501,43.690601,-900,52,8.9264,19.0204,14.6463,8.6181,84.127,0.4098,0.131,2.0117,52.426,21.3341,,,,,,,,,,,,
2025-09_ASTRA_27_15,2025-09_ASTRA,27_15,C,2025-09-17T08:25:00,30.630501,43.690601,-900,53,8.8629,19.0452,14.6735,8.4424,82.305,0.3894,0.1311,1.8171,53.434,21.325,,,,,,,,,,,,
2025-09_ASTRA_27_15,2025-09_ASTRA,27_15,C,2025-09-17T08:25:00,30.630501,43.690601,-900,54,8.8355,19.0639,14.6915,8.3404,81.27,0.3296,0.1336,1.6579,54.443,21.3295,,,,,,,,,,,,
2025-09_ASTRA_27_15,2025-09_ASTRA,27_15,C,2025-09-17T08:25:00,30.630501,43.690601,-900,55,8.8141,19.0913,14.7154,8.1478,79.368,0.3004,0.1355,1.5166,55.451,21.346,,,,,,,,,,,,
2025-09_ASTRA_27_15,2025-09_ASTRA,27_15,C,2025-09-17T08:25:00,30.630501,43.690601,-900,56,8.7929,19.1269,14.7458,7.9087,77.018,0.2961,0.1511,1.3879,56.459,21.3711,,,,,,,,,,,,
2025-09_ASTRA_27_15,2025-09_ASTRA,27_15,C,2025-09-17T08:25:00,30.630501,43.690601,-900,57,8.7338,19.1462,14.7679,7.6581,74.487,0.2591,0.1394,1.2633,57.467,21.3585,,,,,,,,,,,,
2025-09_ASTRA_27_15,2025-09_ASTRA,27_15,C,2025-09-17T08:25:00,30.630501,43.690601,-900,58,8.7352,19.1969,14.8073,7.31,71.125,0.1836,0.1377,1.1526,58.476,21.4113,,,,,,,,,,,,
2025-09_ASTRA_27_15,2025-09_ASTRA,27_15,C,2025-09-17T08:25:00,30.630501,43.690601,-900,59,8.7236,19.2509,14.8509,6.9542,67.669,0.1203,0.1368,1.0553,59.484,21.4604,,,,,,,,,,,,
2025-09_ASTRA_27_15,2025-09_ASTRA,27_15,C,2025-09-17T08:25:00,30.630501,43.690601,-900,60,8.7809,19.3048,14.8859,6.6676,64.989,0.1026,0.1428,0.9762,60.493,21.5474,,,,,,,,,,,,
2025-09_ASTRA_27_15,2025-09_ASTRA,27_15,C,2025-09-17T08:25:00,30.630501,43.690601,-900,61,8.8241,19.363,14.9261,6.3091,61.579,0.0961,0.15,0.9073,61.501,21.6312,,,,,,,,,,,,
2025-09_ASTRA_27_15,2025-09_ASTRA,27_15,C,2025-09-17T08:25:00,30.630501,43.690601,-900,62,8.8316,19.4185,14.9684,5.7744,56.389,0.0947,0.1497,0.8417,62.509,21.6923,,,,,,,,,,,,
2025-09_ASTRA_27_15,2025-09_ASTRA,27_15,C,2025-09-17T08:25:00,30.630501,43.690601,-900,63,8.8814,19.5044,15.0293,5.1157,50.04,0.0901,0.1472,0.7769,63.518,21.8082,,,,,,,,,,,,
2025-09_ASTRA_27_15,2025-09_ASTRA,27_15,C,2025-09-17T08:25:00,30.630501,43.690601,-900,64,8.9671,19.5801,15.0776,4.4757,43.888,0.0862,0.1343,0.7191,64.526,21.9341,,,,,,,,,,,,
2025-09_ASTRA_27_15,2025-09_ASTRA,27_15,C,2025-09-17T08:25:00,30.630501,43.690601,-900,65,8.9636,19.6328,15.1192,4.0787,40.007,0.0888,0.1264,0.6591,65.535,21.9865,,,,,,,,,,,,
2025-09_ASTRA_27_15,2025-09_ASTRA,27_15,C,2025-09-17T08:25:00,30.630501,43.690601,-900,66,9.019,19.6884,15.1556,3.7239,36.586,0.0841,0.127,0.6054,66.543,22.075,,,,,,,,,,,,
2025-09_ASTRA_27_15,2025-09_ASTRA,27_15,C,2025-09-17T08:25:00,30.630501,43.690601,-900,67,8.9983,19.7434,15.2011,3.361,33.017,0.0826,0.1323,0.5583,67.551,22.1198,,,,,,,,,,,,
2025-09_ASTRA_27_15,2025-09_ASTRA,27_15,C,2025-09-17T08:25:00,30.630501,43.690601,-900,68,9.0165,19.7945,15.2386,3.046,29.945,0.0767,0.1265,0.5109,68.56,22.1829,,,,,,,,,,,,
2025-09_ASTRA_27_15,2025-09_ASTRA,27_15,C,2025-09-17T08:25:00,30.630501,43.690601,-900,69,9.0211,19.844,15.2766,2.7392,26.94,0.0681,0.1272,0.4718,69.568,22.2366,,,,,,,,,,,,
2025-09_ASTRA_27_15,2025-09_ASTRA,27_15,C,2025-09-17T08:25:00,30.630501,43.690601,-900,70,9.0174,19.8938,15.3159,2.4576,24.176,0.0747,0.1328,0.4335,70.576,22.2857,,,,,,,,,,,,
2025-09_ASTRA_27_15,2025-09_ASTRA,27_15,C,2025-09-17T08:25:00,30.630501,43.690601,-900,71,9.0185,19.9142,15.3317,2.245,22.088,0.0673,0.1354,0.3957,71.585,22.3075,,,,,,,,,,,,
2025-09_ASTRA_27_15,2025-09_ASTRA,27_15,C,2025-09-17T08:25:00,30.630501,43.690601,-900,72,9.033,19.9652,15.3696,1.9451,19.15,0.0684,0.1326,0.3624,72.593,22.3683,,,,,,,,,,,,
2025-09_ASTRA_27_15,2025-09_ASTRA,27_15,C,2025-09-17T08:25:00,30.630501,43.690601,-900,73,9.0399,20.0219,15.4129,1.6385,16.14,0.0654,0.1316,0.3265,73.602,22.4306,,,,,,,,,,,,
2025-09_ASTRA_27_15,2025-09_ASTRA,27_15,C,2025-09-17T08:25:00,30.630501,43.690601,-900,74,9.0404,20.0575,15.4406,1.4142,13.935,0.0667,0.1265,0.2997,74.61,22.4677,,,,,,,,,,,,
2025-09_ASTRA_27_15,2025-09_ASTRA,27_15,C,2025-09-17T08:25:00,30.630501,43.690601,-900,75,9.0374,20.0803,15.4587,1.2389,12.207,0.0667,0.1267,0.2809,75.618,22.4895,,,,,,,,,,,,
2025-09_ASTRA_27_15,2025-09_ASTRA,27_15,C,2025-09-17T08:25:00,30.630501,43.690601,-900,76,9.0359,20.1102,15.4822,1.0656,10.502,0.0555,0.1299,0.2579,76.627,22.5196,,,,,,,,,,,,
2025-09_ASTRA_27_15,2025-09_ASTRA,27_15,C,2025-09-17T08:25:00,30.630501,43.690601,-900,77,9.033,20.1426,15.5078,0.9063,8.933,0.0661,0.1272,0.2325,77.635,22.5514,,,,,,,,,,,,
2025-09_ASTRA_27_15,2025-09_ASTRA,27_15,C,2025-09-17T08:25:00,30.630501,43.690601,-900,78,9.0291,20.1763,15.5346,0.7657,7.548,0.0609,0.1239,0.2102,78.643,22.5838,,,,,,,,,,,,
2025-09_ASTRA_27_15,2025-09_ASTRA,27_15,C,2025-09-17T08:25:00,30.630501,43.690601,-900,79,9.0258,20.2049,15.5573,0.6368,6.278,0.0505,0.1204,0.1936,79.652,22.6115,,,,,,,,,,,,
2025-09_ASTRA_27_15,2025-09_ASTRA,27_15,C,2025-09-17T08:25:00,30.630501,43.690601,-900,80,9.0207,20.2278,15.5758,0.589,5.807,0.0509,0.1215,0.1756,80.661,22.6323,,,,,,,,,,,,
2025-09_ASTRA_27_15,2025-09_ASTRA,27_15,C,2025-09-17T08:25:00,30.630501,43.690601,-900,81,9.0163,20.2486,15.5926,0.5432,5.356,0.0523,0.1128,0.1601,81.669,22.6513,,,,,,,,,,,,
2025-09_ASTRA_27_15,2025-09_ASTRA,27_15,C,2025-09-17T08:25:00,30.630501,43.690601,-900,82,9.0122,20.2704,15.6101,0.492,4.851,0.0709,0.1124,0.1478,82.677,22.6716,,,,,,,,,,,,
2025-09_ASTRA_27_15,2025-09_ASTRA,27_15,C,2025-09-17T08:25:00,30.630501,43.690601,-900,83,9.0095,20.2853,15.622,0.4705,4.639,0.0698,0.1143,0.1379,83.686,22.6855,,,,,,,,,,,,
2025-09_ASTRA_27_15,2025-09_ASTRA,27_15,C,2025-09-17T08:25:00,30.630501,43.690601,-900,84,9.0065,20.3023,15.6357,0.4352,4.292,0.054,0.1118,0.1254,84.695,22.7014,,,,,,,,,,,,
2025-09_ASTRA_27_15,2025-09_ASTRA,27_15,C,2025-09-17T08:25:00,30.630501,43.690601,-900,85,9.0017,20.325,15.6541,0.3899,3.845,0.0591,0.1109,0.1132,85.703,22.7222,,,,,,,,,,,,
2025-09_ASTRA_27_15,2025-09_ASTRA,27_15,C,2025-09-17T08:25:00,30.630501,43.690601,-900,86,8.9956,20.3471,15.6721,0.3417,3.37,0.0596,0.1066,0.1073,86.712,22.7414,,,,,,,,,,,,
2025-09_ASTRA_27_15,2025-09_ASTRA,27_15,C,2025-09-17T08:25:00,30.630501,43.690601,-900,87,8.9914,20.3753,15.6946,0.2968,2.927,0.0527,0.101,0.1066,87.72,22.7681,,,,,,,,,,,,
2025-09_ASTRA_27_15,2025-09_ASTRA,27_15,C,2025-09-17T08:25:00,30.630501,43.690601,-900,88,8.99,20.4034,15.7166,0.2718,2.682,0.0494,0.1035,0.1066,88.728,22.7963,,,,,,,,,,,,
2025-09_ASTRA_27_15,2025-09_ASTRA,27_15,C,2025-09-17T08:25:00,30.630501,43.690601,-900,89,8.9857,20.429,15.7372,0.251,2.476,0.0549,0.101,0.1065,89.737,22.8203,,,,,,,,,,,,
2025-09_ASTRA_27_15,2025-09_ASTRA,27_15,C,2025-09-17T08:25:00,30.630501,43.690601,-900,90,8.9806,20.4458,15.7509,0.2324,2.293,0.0629,0.0968,0.1066,90.745,22.8347,,,,,,,,,,,,
2025-09_ASTRA_27_15,2025-09_ASTRA,27_15,C,2025-09-17T08:25:00,30.630501,43.690601,-900,91,8.9782,20.4761,15.7748,0.2189,2.16,0.0615,0.0978,0.1065,91.754,22.8645,,,,,,,,,,,,
2025-09_ASTRA_27_15,2025-09_ASTRA,27_15,C,2025-09-17T08:25:00,30.630501,43.690601,-900,92,8.9698,20.5096,15.802,0.1901,1.875,0.0726,0.1022,0.1064,92.763,22.894,,,,,,,,,,,,
2025-09_ASTRA_27_15,2025-09_ASTRA,27_15,C,2025-09-17T08:25:00,30.630501,43.690601,-900,93,8.9613,20.5295,15.8186,0.1631,1.61,0.0701,0.0964,0.1064,93.771,22.9097,,,,,,,,,,,,
2025-09_ASTRA_27_15,2025-09_ASTRA,27_15,C,2025-09-17T08:25:00,30.630501,43.690601,-900,94,8.9558,20.5506,15.8357,0.15,1.48,0.0653,0.1007,0.1064,94.78,22.9282,,,,,,,,,,,,
2025-09_ASTRA_27_15,2025-09_ASTRA,27_15,C,2025-09-17T08:25:00,30.630501,43.690601,-900,95,8.9563,20.5751,15.8547,0.1386,1.367,0.0708,0.1038,0.1064,95.788,22.9537,,,,,,,,,,,,
2025-09_ASTRA_27_15,2025-09_ASTRA,27_15,C,2025-09-17T08:25:00,30.630501,43.690601,-900,96,8.9603,20.593,15.8682,0.1336,1.319,0.0579,0.0965,0.1064,96.797,22.9747,,,,,,,,,,,,
2025-09_ASTRA_27_15,2025-09_ASTRA,27_15,C,2025-09-17T08:25:00,30.630501,43.690601,-900,97,8.9545,20.6182,15.8886,0.1102,1.087,0.0548,0.0953,0.1064,97.805,22.9972,,,,,,,,,,,,
2025-09_ASTRA_27_15,2025-09_ASTRA,27_15,C,2025-09-17T08:25:00,30.630501,43.690601,-900,98,8.9493,20.6456,15.9106,0.0854,0.843,0.0612,0.098,0.1065,98.814,23.0224,,,,,,,,,,,,
2025-09_ASTRA_27_15,2025-09_ASTRA,27_15,C,2025-09-17T08:25:00,30.630501,43.690601,-900,99,8.9473,20.666,15.9267,0.0787,0.777,0.0686,0.0973,0.1066,99.822,23.0423,,,,,,,,,,,,
2025-09_ASTRA_27_15,2025-09_ASTRA,27_15,C,2025-09-17T08:25:00,30.630501,43.690601,-900,100,8.957,20.6873,15.9421,0.0803,0.793,0.0608,0.1092,0.1067,100.831,23.07,,,,,,,,,,,,
2025-09_ASTRA_28_16,2025-09_ASTRA,28_16,C,2025-09-17T11:38:00,30.2211,43.980598,-100,1,23.9586,18.59,11.28,7.4943,98.946,0.2258,0.1545,384.52,1.008,29.4086,8.434,22.8,197.8,17.0,0.02,0.3156,0.06,0.05,0.1933,9.8244,0.211,7.3828
2025-09_ASTRA_28_16,2025-09_ASTRA,28_16,C,2025-09-17T11:38:00,30.2211,43.980598,-100,2,23.9606,18.5901,11.2795,7.5498,99.684,0.2431,0.1626,316.37,2.016,29.4101,,,,,,,,,,,,
2025-09_ASTRA_28_16,2025-09_ASTRA,28_16,C,2025-09-17T11:38:00,30.2211,43.980598,-100,3,23.9603,18.59,11.2796,7.5435,99.601,0.2554,0.1673,265.24,3.024,29.4101,,,,,,,,,,,,
2025-09_ASTRA_28_16,2025-09_ASTRA,28_16,C,2025-09-17T11:38:00,30.2211,43.980598,-100,4,23.9583,18.5897,11.2798,7.5418,99.574,0.2596,0.1644,229.3,4.032,29.4087,,,,,,,,,,,,
2025-09_ASTRA_28_16,2025-09_ASTRA,28_16,C,2025-09-17T11:38:00,30.2211,43.980598,-100,5,23.9513,18.5906,11.2824,7.5448,99.603,0.2661,0.1839,202.58,5.04,29.406,,,,,,,,,,,,
2025-09_ASTRA_28_16,2025-09_ASTRA,28_16,C,2025-09-17T11:38:00,30.2211,43.980598,-100,6,23.9203,18.6078,11.3038,7.5755,99.961,0.3132,0.1926,180.7,6.048,29.4126,,,,,,,,,,,,
2025-09_ASTRA_28_16,2025-09_ASTRA,28_16,C,2025-09-17T11:38:00,30.2211,43.980598,-100,7,23.9387,18.6335,11.3181,7.5454,99.611,0.3643,0.1843,161.44,7.057,29.4608,,,,,,,,,,,,
2025-09_ASTRA_28_16,2025-09_ASTRA,28_16,C,2025-09-17T11:38:00,30.2211,43.980598,-100,8,23.932,18.6644,11.3432,7.4911,98.9,0.3819,0.1756,144.35,8.065,29.5016,,,,,,,,,,,,
2025-09_ASTRA_28_16,2025-09_ASTRA,28_16,C,2025-09-17T11:38:00,30.2211,43.980598,-100,9,23.9161,18.6848,11.3629,7.4785,98.717,0.4054,0.165,129.32,9.073,29.5217,,,,,,,,,,,,
2025-09_ASTRA_28_16,2025-09_ASTRA,28_16,C,2025-09-17T11:38:00,30.2211,43.980598,-100,10,23.8999,18.7205,11.3941,7.4905,98.868,0.4141,0.159,115.74,10.081,29.5634,,,,,,,,,,,,
2025-09_ASTRA_28_16,2025-09_ASTRA,28_16,C,2025-09-17T11:38:00,30.2211,43.980598,-100,11,23.8756,18.7645,11.4338,7.5134,99.151,0.4124,0.1568,103.55,11.089,29.6123,,,,,,,,,,,,
2025-09_ASTRA_28_16,2025-09_ASTRA,28_16,C,2025-09-17T11:38:00,30.2211,43.980598,-100,12,23.8586,18.8047,11.4687,7.525,99.296,0.4144,0.1658,93.066,12.098,29.6601,,,,,,,,,,,,
2025-09_ASTRA_28_16,2025-09_ASTRA,28_16,C,2025-09-17T11:38:00,30.2211,43.980598,-100,13,23.8433,18.8277,11.4901,7.5024,98.984,0.3982,0.1691,83.593,13.106,29.6841,,,,,,,,,,,,
2025-09_ASTRA_28_16,2025-09_ASTRA,28_16,C,2025-09-17T11:38:00,30.2211,43.980598,-100,14,23.8389,18.8452,11.5045,7.5073,99.051,0.3924,0.1695,75.339,14.114,29.7069,,,,,,,,,,,,
2025-09_ASTRA_28_16,2025-09_ASTRA,28_16,C,2025-09-17T11:38:00,30.2211,43.980598,-100,15,23.848,18.8534,11.5082,7.4984,98.955,0.3941,0.1612,68.043,15.122,29.7244,,,,,,,,,,,,
2025-09_ASTRA_28_16,2025-09_ASTRA,28_16,C,2025-09-17T11:38:00,30.2211,43.980598,-100,16,23.8214,18.8815,11.5366,7.5266,99.295,0.4008,0.1533,61.398,16.13,29.7489,,,,,,,,,,,,
2025-09_ASTRA_28_16,2025-09_ASTRA,28_16,C,2025-09-17T11:38:00,30.2211,43.980598,-100,17,23.8089,18.9151,11.5651,7.4888,98.794,0.4267,0.1646,55.684,17.139,29.7896,,,,,,,,,,,,
2025-09_ASTRA_28_16,2025-09_ASTRA,28_16,C,2025-09-17T11:38:00,30.2211,43.980598,-100,18,23.6474,18.9025,11.5996,7.4451,97.924,0.4907,0.1831,50.5,18.147,29.6745,,,,,,,,,,,,
2025-09_ASTRA_28_16,2025-09_ASTRA,28_16,C,2025-09-17T11:38:00,30.2211,43.980598,-100,19,21.9845,18.7436,11.9164,8.1228,103.519,0.6602,0.1837,45.597,19.155,28.4587,,,,,,,,,,,,
2025-09_ASTRA_28_16,2025-09_ASTRA,28_16,C,2025-09-17T11:38:00,30.2211,43.980598,-100,20,19.3743,18.5877,12.4362,8.892,107.795,0.824,0.1682,40.492,20.163,26.7197,,,,,,,,,,,,
2025-09_ASTRA_28_16,2025-09_ASTRA,28_16,C,2025-09-17T11:38:00,30.2211,43.980598,-100,21,16.2534,18.6071,13.1293,9.8628,112.456,0.8644,0.1582,35.088,21.171,24.9531,8.358,16.2,187.9,,0.02,0.3481,3.8996,0.05,0.2255,8.6253,0.314,9.7373
2025-09_ASTRA_28_16,2025-09_ASTRA,28_16,C,2025-09-17T11:38:00,30.2211,43.980598,-100,22,15.1139,18.5596,13.3184,10.0479,111.919,0.7881,0.1562,29.513,22.179,24.2509,,,,,,,,,,,,
2025-09_ASTRA_28_16,2025-09_ASTRA,28_16,C,2025-09-17T11:38:00,30.2211,43.980598,-100,23,14.6226,18.5942,13.4357,9.7337,107.334,0.6872,0.162,24.877,23.187,24.017,,,,,,,,,,,,
2025-09_ASTRA_28_16,2025-09_ASTRA,28_16,C,2025-09-17T11:38:00,30.2211,43.980598,-100,24,13.6714,18.608,13.6177,9.6592,104.414,0.6529,0.1606,20.987,24.196,23.5011,,,,,,,,,,,,
2025-09_ASTRA_28_16,2025-09_ASTRA,28_16,C,2025-09-17T11:38:00,30.2211,43.980598,-100,25,12.5831,18.5936,13.7908,9.7287,102.741,0.6487,0.1606,17.9,25.203,22.8805,,,,,,,,,,,,
2025-09_ASTRA_28_16,2025-09_ASTRA,28_16,C,2025-09-17T11:38:00,30.2211,43.980598,-100,26,11.7474,18.5841,13.916,9.7627,101.239,0.6304,0.157,15.483,26.212,22.4099,,,,,,,,,,,,
2025-09_ASTRA_28_16,2025-09_ASTRA,28_16,C,2025-09-17T11:38:00,30.2211,43.980598,-100,27,11.1319,18.6164,14.0344,9.7454,99.723,0.6233,0.1781,13.557,27.22,22.1079,,,,,,,,,,,,
2025-09_ASTRA_28_16,2025-09_ASTRA,28_16,C,2025-09-17T11:38:00,30.2211,43.980598,-100,28,10.9364,18.6511,14.0898,9.5667,97.494,0.6517,0.1889,12.028,28.228,22.0388,,,,,,,,,,,,
2025-09_ASTRA_28_16,2025-09_ASTRA,28_16,C,2025-09-17T11:38:00,30.2211,43.980598,-100,29,10.6313,18.6595,14.14,9.5011,96.174,0.7176,0.1961,10.706,29.236,21.8814,,,,,,,,,,,,
2025-09_ASTRA_28_16,2025-09_ASTRA,28_16,C,2025-09-17T11:38:00,30.2211,43.980598,-100,30,10.1758,18.6575,14.202,9.6118,96.306,0.7317,0.1794,9.5418,30.245,21.6312,,,,,,,,,,,,
2025-09_ASTRA_28_16,2025-09_ASTRA,28_16,C,2025-09-17T11:38:00,30.2211,43.980598,-100,31,9.9557,18.6724,14.2434,9.5938,95.66,0.763,0.169,8.4991,31.253,21.5276,,,,,,,,,,,,
2025-09_ASTRA_28_16,2025-09_ASTRA,28_16,C,2025-09-17T11:38:00,30.2211,43.980598,-100,32,9.8934,18.7087,14.2799,9.4861,94.474,0.9257,0.1665,7.5624,32.261,21.5323,,,,,,,,,,,,
2025-09_ASTRA_28_16,2025-09_ASTRA,28_16,C,2025-09-17T11:38:00,30.2211,43.980598,-100,33,9.7994,18.7302,14.3091,9.395,93.382,1.0836,0.1763,6.7025,33.27,21.504,,,,,,,,,,,,
2025-09_ASTRA_28_16,2025-09_ASTRA,28_16,C,2025-09-17T11:38:00,30.2211,43.980598,-100,34,9.6823,18.7377,14.3303,9.3421,92.614,1.1571,0.183,5.9586,34.278,21.4484,,,,,,,,,,,,
2025-09_ASTRA_28_16,2025-09_ASTRA,28_16,C,2025-09-17T11:38:00,30.2211,43.980598,-100,35,9.5732,18.7418,14.3478,9.323,92.198,1.1417,0.1864,5.2947,35.286,21.3938,8.309,12.6,193.9,,0.0701,0.3515,5.2028,0.08,0.2335,7.9202,0.536,8.9255
2025-09_ASTRA_28_16,2025-09_ASTRA,28_16,C,2025-09-17T11:38:00,30.2211,43.980598,-100,36,9.4915,18.7526,14.3668,9.2931,91.739,0.9618,0.1728,4.6838,36.294,21.3609,,,,,,,,,,,,
2025-09_ASTRA_28_16,2025-09_ASTRA,28_16,C,2025-09-17T11:38:00,30.2211,43.980598,-100,37,9.395,18.7591,14.3841,9.2569,91.183,0.7594,0.1489,4.1377,37.303,21.3154,,,,,,,,,,,,
2025-09_ASTRA_28_16,2025-09_ASTRA,28_16,C,2025-09-17T11:38:00,30.2211,43.980598,-100,38,9.3787,18.7694,14.3942,9.1609,90.212,0.6371,0.1364,3.6584,38.311,21.3176,,,,,,,,,,,,
2025-09_ASTRA_28_16,2025-09_ASTRA,28_16,C,2025-09-17T11:38:00,30.2211,43.980598,-100,39,9.3156,18.7786,14.4095,9.0836,89.326,0.5724,0.133,3.2618,39.319,21.2931,,,,,,,,,,,,
2025-09_ASTRA_28_16,2025-09_ASTRA,28_16,C,2025-09-17T11:38:00,30.2211,43.980598,-100,40,9.2101,18.7746,14.4197,9.0525,88.804,0.4947,0.1232,2.9363,40.328,21.232,,,,,,,,,,,,
2025-09_ASTRA_28_16,2025-09_ASTRA,28_16,C,2025-09-17T11:38:00,30.2211,43.980598,-100,41,9.1472,18.7787,14.4308,9.0047,88.211,0.3897,0.1208,2.6515,41.336,21.2024,,,,,,,,,,,,
2025-09_ASTRA_28_16,2025-09_ASTRA,28_16,C,2025-09-17T11:38:00,30.2211,43.980598,-100,42,9.1256,18.7945,14.4457,8.9463,87.603,0.3209,0.116,2.3928,42.344,21.2073,,,,,,,,,,,,
2025-09_ASTRA_28_16,2025-09_ASTRA,28_16,C,2025-09-17T11:38:00,30.2211,43.980598,-100,43,9.0433,18.7966,14.4576,8.9209,87.192,0.2921,0.1167,2.1767,43.352,21.1651,,,,,,,,,,,,
2025-09_ASTRA_28_16,2025-09_ASTRA,28_16,C,2025-09-17T11:38:00,30.2211,43.980598,-100,44,8.9475,18.7942,14.4675,8.9358,87.143,0.2669,0.1119,1.9881,44.361,21.111,,,,,,,,,,,,
2025-09_ASTRA_28_16,2025-09_ASTRA,28_16,C,2025-09-17T11:38:00,30.2211,43.980598,-100,45,8.9186,18.8008,14.4762,8.9392,87.123,0.2375,0.1295,1.833,45.369,21.1023,,,,,,,,,,,,
2025-09_ASTRA_28_16,2025-09_ASTRA,28_16,C,2025-09-17T11:38:00,30.2211,43.980598,-100,46,8.9078,18.8346,14.5039,8.9268,87.0,0.1961,0.1515,1.6863,46.378,21.1315,,,,,,,,,,,,
2025-09_ASTRA_28_16,2025-09_ASTRA,28_16,C,2025-09-17T11:38:00,30.2211,43.980598,-100,47,8.9251,18.8497,14.5135,8.9219,86.995,0.1514,0.1162,1.5468,47.385,21.1567,,,,,,,,,,,,
2025-09_ASTRA_28_16,2025-09_ASTRA,28_16,C,2025-09-17T11:38:00,30.2211,43.980598,-100,48,8.9192,18.8631,14.5246,8.9142,86.915,0.1346,0.1065,1.4145,48.394,21.1675,,,,,,,,,,,,
2025-09_ASTRA_28_16,2025-09_ASTRA,28_16,C,2025-09-17T11:38:00,30.2211,43.980598,-100,49,8.9385,18.883,14.5378,8.9343,87.161,0.13,0.1009,1.2956,49.402,21.1988,,,,,,,,,,,,
2025-09_ASTRA_28_16,2025-09_ASTRA,28_16,C,2025-09-17T11:38:00,30.2211,43.980598,-100,50,8.9808,18.9009,14.5466,8.9734,87.638,0.119,0.0972,1.1968,50.411,21.2406,,,,,,,,,,,,
2025-09_ASTRA_28_16,2025-09_ASTRA,28_16,C,2025-09-17T11:38:00,30.2211,43.980598,-100,51,8.9664,18.9161,14.5602,8.9882,87.762,0.1018,0.0993,1.104,51.419,21.2486,,,,,,,,,,,,
2025-09_ASTRA_28_16,2025-09_ASTRA,28_16,C,2025-09-17T11:38:00,30.2211,43.980598,-100,52,8.9437,18.926,14.5707,8.9504,87.353,0.0954,0.099,1.0188,52.427,21.2466,,,,,,,,,,,,
2025-09_ASTRA_28_16,2025-09_ASTRA,28_16,C,2025-09-17T11:38:00,30.2211,43.980598,-100,53,8.9173,18.9308,14.5776,8.9013,86.824,0.093,0.0968,0.9376,53.436,21.2375,,,,,,,,,,,,
2025-09_ASTRA_28_16,2025-09_ASTRA,28_16,C,2025-09-17T11:38:00,30.2211,43.980598,-100,54,8.8673,18.9355,14.5875,8.8266,85.998,0.0867,0.0974,0.8613,54.444,21.2153,,,,,,,,,,,,
2025-09_ASTRA_28_16,2025-09_ASTRA,28_16,C,2025-09-17T11:38:00,30.2211,43.980598,-100,55,8.8188,18.9406,14.5974,8.7508,85.168,0.0805,0.0998,0.7952,55.452,21.1944,,,,,,,,,,,,
2025-09_ASTRA_28_16,2025-09_ASTRA,28_16,C,2025-09-17T11:38:00,30.2211,43.980598,-100,56,8.7865,18.9528,14.6107,8.6792,84.415,0.072,0.1006,0.7366,56.461,21.1895,,,,,,,,,,,,
2025-09_ASTRA_28_16,2025-09_ASTRA,28_16,C,2025-09-17T11:38:00,30.2211,43.980598,-100,57,8.7457,18.9732,14.6316,8.5598,83.186,0.0595,0.104,0.6818,57.469,21.1884,,,,,,,,,,,,
2025-09_ASTRA_28_16,2025-09_ASTRA,28_16,C,2025-09-17T11:38:00,30.2211,43.980598,-100,58,8.7342,18.9939,14.6491,8.4006,81.628,0.0487,0.1055,0.6299,58.477,21.2035,,,,,,,,,,,,
2025-09_ASTRA_28_16,2025-09_ASTRA,28_16,C,2025-09-17T11:38:00,30.2211,43.980598,-100,59,8.7189,19.0173,14.6692,8.2991,80.626,0.0495,0.1043,0.5844,59.486,21.2194,,,,,,,,,,,,
2025-09_ASTRA_28_16,2025-09_ASTRA,28_16,C,2025-09-17T11:38:00,30.2211,43.980598,-100,60,8.7113,19.0313,14.6811,8.2176,79.828,0.0584,0.103,0.5384,60.494,21.2299,,,,,,,,,,,,
2025-09_ASTRA_28_16,2025-09_ASTRA,28_16,C,2025-09-17T11:38:00,30.2211,43.980598,-100,61,8.7075,19.0495,14.6957,8.0587,78.285,0.0672,0.105,0.4969,61.502,21.2467,,,,,,,,,,,,
2025-09_ASTRA_28_16,2025-09_ASTRA,28_16,C,2025-09-17T11:38:00,30.2211,43.980598,-100,62,8.7139,19.0792,14.7181,7.8311,76.101,0.0691,0.1076,0.4579,62.511,21.2807,,,,,,,,,,,,
2025-09_ASTRA_28_16,2025-09_ASTRA,28_16,C,2025-09-17T11:38:00,30.2211,43.980598,-100,63,8.7261,19.1128,14.7429,7.5735,73.634,0.0597,0.1112,0.4193,63.519,21.322,,,,,,,,,,,,
2025-09_ASTRA_28_16,2025-09_ASTRA,28_16,C,2025-09-17T11:38:00,30.2211,43.980598,-100,64,8.7327,19.1484,14.7698,7.296,70.963,0.044,0.1126,0.3838,64.528,21.3622,,,,,,,,,,,,
2025-09_ASTRA_28_16,2025-09_ASTRA,28_16,C,2025-09-17T11:38:00,30.2211,43.980598,-100,65,8.7526,19.1928,14.802,6.9934,68.07,0.0451,0.117,0.3531,65.536,21.4189,,,,,,,,,,,,
2025-09_ASTRA_28_16,2025-09_ASTRA,28_16,C,2025-09-17T11:38:00,30.2211,43.980598,-100,66,8.768,19.2318,14.8307,6.7632,65.871,0.0556,0.1209,0.3243,66.545,21.4676,,,,,,,,,,,,
2025-09_ASTRA_28_16,2025-09_ASTRA,28_16,C,2025-09-17T11:38:00,30.2211,43.980598,-100,67,8.7707,19.2656,14.8566,6.5405,63.718,0.0522,0.1205,0.3014,67.553,21.5037,,,,,,,,,,,,
2025-09_ASTRA_28_16,2025-09_ASTRA,28_16,C,2025-09-17T11:38:00,30.2211,43.980598,-100,68,8.7836,19.3229,14.8997,6.2203,60.64,0.0549,0.1309,0.2827,68.561,21.5698,,,,,,,,,,,,
2025-09_ASTRA_28_16,2025-09_ASTRA,28_16,C,2025-09-17T11:38:00,30.2211,43.980598,-100,69,8.8003,19.3541,14.9221,5.932,57.864,0.0651,0.141,0.2607,69.57,21.6112,,,,,,,,,,,,
2025-09_ASTRA_28_16,2025-09_ASTRA,28_16,C,2025-09-17T11:38:00,30.2211,43.980598,-100,70,8.8431,19.4094,14.9599,5.5467,54.176,0.0646,0.1419,0.2389,70.578,21.6918,,,,,,,,,,,,
2025-09_ASTRA_28_16,2025-09_ASTRA,28_16,C,2025-09-17T11:38:00,30.2211,43.980598,-100,71,8.9433,19.488,15.0088,5.0338,49.306,0.0509,0.1297,0.218,71.586,21.8284,,,,,,,,,,,,
2025-09_ASTRA_28_16,2025-09_ASTRA,28_16,C,2025-09-17T11:38:00,30.2211,43.980598,-100,72,8.9829,19.5391,15.0437,4.6012,45.126,0.0513,0.132,0.2006,72.595,21.9033,,,,,,,,,,,,
2025-09_ASTRA_28_16,2025-09_ASTRA,28_16,C,2025-09-17T11:38:00,30.2211,43.980598,-100,73,8.9765,19.5982,15.0907,4.2518,41.708,0.0666,0.1358,0.1826,73.604,21.9606,,,,,,,,,,,,
2025-09_ASTRA_28_16,2025-09_ASTRA,28_16,C,2025-09-17T11:38:00,30.2211,43.980598,-100,74,8.9599,19.6417,15.1266,3.969,38.93,0.0798,0.126,0.17,74.613,21.9961,,,,,,,,,,,,
2025-09_ASTRA_28_16,2025-09_ASTRA,28_16,C,2025-09-17T11:38:00,30.2211,43.980598,-100,75,8.9907,19.6854,15.1568,3.7182,36.506,0.0748,0.1212,0.1572,75.621,22.0585,,,,,,,,,,,,
2025-09_ASTRA_28_16,2025-09_ASTRA,28_16,C,2025-09-17T11:38:00,30.2211,43.980598,-100,76,9.0185,19.708,15.1709,3.5104,34.492,0.0628,0.1161,0.1446,76.629,22.0977,,,,,,,,,,,,
2025-09_ASTRA_28_16,2025-09_ASTRA,28_16,C,2025-09-17T11:38:00,30.2211,43.980598,-100,77,9.0411,19.7549,15.2046,3.2502,31.962,0.0557,0.12,0.1367,77.637,22.1589,,,,,,,,,,,,
2025-09_ASTRA_28_16,2025-09_ASTRA,28_16,C,2025-09-17T11:38:00,30.2211,43.980598,-100,78,9.0545,19.8051,15.2422,2.9664,29.19,0.0501,0.1232,0.1287,78.646,22.2184,,,,,,,,,,,,
2025-09_ASTRA_28_16,2025-09_ASTRA,28_16,C,2025-09-17T11:38:00,30.2211,43.980598,-100,79,9.0433,19.8455,15.275,2.7239,26.804,0.0526,0.133,0.1178,79.655,22.2537,,,,,,,,,,,,
2025-09_ASTRA_28_16,2025-09_ASTRA,28_16,C,2025-09-17T11:38:00,30.2211,43.980598,-100,80,9.0436,19.8748,15.2979,2.4928,24.534,0.0541,0.1309,0.1096,80.663,22.2842,,,,,,,,,,,,
2025-09_ASTRA_28_16,2025-09_ASTRA,28_16,C,2025-09-17T11:38:00,30.2211,43.980598,-100,81,9.0586,19.93,15.3389,2.2509,22.169,0.0582,0.123,0.1067,81.672,22.3495,,,,,,,,,,,,
2025-09_ASTRA_28_16,2025-09_ASTRA,28_16,C,2025-09-17T11:38:00,30.2211,43.980598,-100,82,9.0457,19.9543,15.3595,2.0409,20.099,0.0523,0.1302,0.1066,82.68,22.3673,,,,,,,,,,,,
2025-09_ASTRA_28_16,2025-09_ASTRA,28_16,C,2025-09-17T11:38:00,30.2211,43.980598,-100,83,9.0314,19.9998,15.3967,1.7494,17.227,0.0512,0.1357,0.1065,83.689,22.4061,,,,,,,,,,,,
2025-09_ASTRA_28_16,2025-09_ASTRA,28_16,C,2025-09-17T11:38:00,30.2211,43.980598,-100,84,9.0332,20.0572,15.4413,1.4214,14.002,0.0556,0.1357,0.1065,84.697,22.4662,,,,,,,,,,,,
2025-09_ASTRA_28_16,2025-09_ASTRA,28_16,C,2025-09-17T11:38:00,30.2211,43.980598,-100,85,9.0335,20.0999,15.4744,1.1978,11.803,0.0633,0.1343,0.1065,85.705,22.5103,,,,,,,,,,,,
2025-09_ASTRA_28_16,2025-09_ASTRA,28_16,C,2025-09-17T11:38:00,30.2211,43.980598,-100,86,9.0333,20.1259,15.4948,1.0681,10.527,0.0563,0.138,0.1065,86.714,22.5372,,,,,,,,,,,,
2025-09_ASTRA_28_16,2025-09_ASTRA,28_16,C,2025-09-17T11:38:00,30.2211,43.980598,-100,87,9.0301,20.1588,15.5209,0.9346,9.212,0.048,0.1323,0.1065,87.722,22.5693,,,,,,,,,,,,
2025-09_ASTRA_28_16,2025-09_ASTRA,28_16,C,2025-09-17T11:38:00,30.2211,43.980598,-100,88,9.0273,20.1968,15.5508,0.7681,7.573,0.0503,0.1275,0.1065,88.731,22.6068,,,,,,,,,,,,
2025-09_ASTRA_28_16,2025-09_ASTRA,28_16,C,2025-09-17T11:38:00,30.2211,43.980598,-100,89,9.015,20.281,15.618,0.5819,5.738,0.0616,0.1192,0.1065,89.74,22.6861,,,,,,,,,,,,
2025-09_ASTRA_28_16,2025-09_ASTRA,28_16,C,2025-09-17T11:38:00,30.2211,43.980598,-100,90,9.0104,20.3129,15.6435,0.487,4.804,0.0598,0.1187,0.1065,90.748,22.7164,,,,,,,,,,,,
2025-09_ASTRA_28_16,2025-09_ASTRA,28_16,C,2025-09-17T11:38:00,30.2211,43.980598,-100,91,9.0057,20.3369,15.6628,0.4332,4.273,0.0521,0.1156,0.1065,91.757,22.7384,,,,,,,,,,,,
2025-09_ASTRA_28_16,2025-09_ASTRA,28_16,C,2025-09-17T11:38:00,30.2211,43.980598,-100,92,9.0014,20.3598,15.6812,0.3928,3.874,0.0623,0.1074,0.1064,92.765,22.7597,,,,,,,,,,,,
2025-09_ASTRA_28_16,2025-09_ASTRA,28_16,C,2025-09-17T11:38:00,30.2211,43.980598,-100,93,8.9944,20.4021,15.715,0.3338,3.293,0.0701,0.1342,0.1063,93.774,22.7991,,,,,,,,,,,,
2025-09_ASTRA_28_16,2025-09_ASTRA,28_16,C,2025-09-17T11:38:00,30.2211,43.980598,-100,94,8.9877,20.4384,15.7442,0.2737,2.701,0.0745,0.2153,0.1062,94.782,22.8324,,,,,,,,,,,,
2025-09_ASTRA_28_16,2025-09_ASTRA,28_16,C,2025-09-17T11:38:00,30.2211,43.980598,-100,95,8.9904,20.4662,15.7655,0.2249,2.219,0.0674,0.2643,0.1061,95.791,22.8627,,,,,,,,,,,,
2025-09_ASTRA_29_17,2025-09_ASTRA,29_17,C,2025-09-17T14:59:00,29.8009,44.270302,-64,1,23.8287,18.5946,11.3189,7.5229,99.097,0.3583,0.1507,29.778,1.008,29.338,8.435,22.9,189.4,16.0,0.02,0.2643,0.06,0.05,0.2766,8.8418,0.254,7.4634
2025-09_ASTRA_29_17,2025-09_ASTRA,29_17,C,2025-09-17T14:59:00,29.8009,44.270302,-64,2,23.8346,18.595,11.3175,7.5023,98.836,0.3433,0.1562,24.794,2.016,29.3422,,,,,,,,,,,,
2025-09_ASTRA_29_17,2025-09_ASTRA,29_17,C,2025-09-17T14:59:00,29.8009,44.270302,-64,3,23.8365,18.5951,11.3172,7.5169,99.031,0.3567,0.1565,20.941,3.024,29.3439,,,,,,,,,,,,
2025-09_ASTRA_29_17,2025-09_ASTRA,29_17,C,2025-09-17T14:59:00,29.8009,44.270302,-64,4,23.8371,18.5953,11.3171,7.5471,99.43,0.3571,0.1557,17.636,4.032,29.3446,,,,,,,,,,,,
2025-09_ASTRA_29_17,2025-09_ASTRA,29_17,C,2025-09-17T14:59:00,29.8009,44.270302,-64,5,23.8346,18.5952,11.3177,7.5571,99.558,0.3741,0.1486,14.266,5.041,29.3433,,,,,,,,,,,,
2025-09_ASTRA_29_17,2025-09_ASTRA,29_17,C,2025-09-17T14:59:00,29.8009,44.270302,-64,6,23.8326,18.5949,11.318,7.5363,99.28,0.3853,0.1558,12.037,6.049,29.3418,,,,,,,,,,,,
2025-09_ASTRA_29_17,2025-09_ASTRA,29_17,C,2025-09-17T14:59:00,29.8009,44.270302,-64,7,23.8351,18.5952,11.3175,7.5153,99.008,0.3609,0.1756,10.942,7.057,29.3441,,,,,,,,,,,,
2025-09_ASTRA_29_17,2025-09_ASTRA,29_17,C,2025-09-17T14:59:00,29.8009,44.270302,-64,8,23.8392,18.5959,11.317,7.5333,99.252,0.3357,0.1681,9.8476,8.065,29.3478,,,,,,,,,,,,
2025-09_ASTRA_29_17,2025-09_ASTRA,29_17,C,2025-09-17T14:59:00,29.8009,44.270302,-64,9,23.8353,18.5953,11.3176,7.5323,99.232,0.3484,0.1688,8.8565,9.073,29.3449,,,,,,,,,,,,
2025-09_ASTRA_29_17,2025-09_ASTRA,29_17,C,2025-09-17T14:59:00,29.8009,44.270302,-64,10,23.8392,18.596,11.317,7.4717,98.44,0.3609,0.1528,8.0567,10.081,29.3485,,,,,,,,,,,,
2025-09_ASTRA_29_17,2025-09_ASTRA,29_17,C,2025-09-17T14:59:00,29.8009,44.270302,-64,11,23.839,18.5961,11.3172,7.464,98.339,0.362,0.1458,7.3177,11.09,29.3489,,,,,,,,,,,,
2025-09_ASTRA_29_17,2025-09_ASTRA,29_17,C,2025-09-17T14:59:00,29.8009,44.270302,-64,12,23.8413,18.5966,11.317,7.4639,98.343,0.3633,0.1459,6.6587,12.098,29.3512,,,,,,,,,,,,
2025-09_ASTRA_29_17,2025-09_ASTRA,29_17,C,2025-09-17T14:59:00,29.8009,44.270302,-64,13,23.8415,18.5969,11.3172,7.4702,98.427,0.3709,0.1479,6.0283,13.106,29.3521,,,,,,,,,,,,
2025-09_ASTRA_29_17,2025-09_ASTRA,29_17,C,2025-09-17T14:59:00,29.8009,44.270302,-64,14,23.8409,18.5975,11.3177,7.4649,98.355,0.3789,0.1521,5.4992,14.114,29.3527,,,,,,,,,,,,
2025-09_ASTRA_29_17,2025-09_ASTRA,29_17,C,2025-09-17T14:59:00,29.8009,44.270302,-64,15,23.8403,18.5981,11.3183,7.4383,98.004,0.388,0.1564,4.982,15.123,29.3535,,,,,,,,,,,,
2025-09_ASTRA_29_17,2025-09_ASTRA,29_17,C,2025-09-17T14:59:00,29.8009,44.270302,-64,16,23.8397,18.5985,11.3188,7.4395,98.019,0.3947,0.1545,4.56,16.131,29.3539,,,,,,,,,,,,
2025-09_ASTRA_29_17,2025-09_ASTRA,29_17,C,2025-09-17T14:59:00,29.8009,44.270302,-64,17,23.8395,18.5989,11.3191,7.4388,98.01,0.4124,0.1504,4.3348,17.139,29.3547,,,,,,,,,,,,
2025-09_ASTRA_29_17,2025-09_ASTRA,29_17,C,2025-09-17T14:59:00,29.8009,44.270302,-64,18,23.8398,18.5995,11.3195,7.4223,97.793,0.4112,0.1511,4.045,18.146,29.356,,,,,,,,,,,,
2025-09_ASTRA_29_17,2025-09_ASTRA,29_17,C,2025-09-17T14:59:00,29.8009,44.270302,-64,19,23.8415,18.6002,11.3197,7.4106,97.643,0.4093,0.1534,3.7391,19.155,29.3583,,,,,,,,,,,,
2025-09_ASTRA_29_17,2025-09_ASTRA,29_17,C,2025-09-17T14:59:00,29.8009,44.270302,-64,20,23.8412,18.6014,11.3206,7.4554,98.232,0.4146,0.1475,3.5298,20.163,29.3602,,,,,,,,,,,,
2025-09_ASTRA_29_17,2025-09_ASTRA,29_17,C,2025-09-17T14:59:00,29.8009,44.270302,-64,21,23.841,18.602,11.3211,7.4372,97.992,0.4367,0.1532,3.2754,21.171,29.3611,,,,,,,,,,,,
2025-09_ASTRA_29_17,2025-09_ASTRA,29_17,C,2025-09-17T14:59:00,29.8009,44.270302,-64,22,23.8398,18.6041,11.323,7.4158,97.71,0.4462,0.1623,2.9833,22.179,29.3637,,,,,,,,,,,,
2025-09_ASTRA_29_17,2025-09_ASTRA,29_17,C,2025-09-17T14:59:00,29.8009,44.270302,-64,23,23.8395,18.6071,11.3253,7.4288,97.882,0.4778,0.1504,2.72,23.188,29.3681,,,,,,,,,,,,
2025-09_ASTRA_29_17,2025-09_ASTRA,29_17,C,2025-09-17T14:59:00,29.8009,44.270302,-64,24,23.8399,18.608,11.3259,7.3054,96.258,0.5767,0.159,2.4891,24.196,29.3699,,,,,,,,,,,,
2025-09_ASTRA_29_17,2025-09_ASTRA,29_17,C,2025-09-17T14:59:00,29.8009,44.270302,-64,25,23.4862,18.6032,11.4175,7.4881,98.019,1.2118,0.2125,2.2538,25.204,29.1533,,,,,,,,,,,,
2025-09_ASTRA_29_17,2025-09_ASTRA,29_17,C,2025-09-17T14:59:00,29.8009,44.270302,-64,26,20.9211,18.6002,12.0776,8.5949,107.343,2.2614,0.303,2.0371,26.213,27.6376,,,,,,,,,,,,
2025-09_ASTRA_29_17,2025-09_ASTRA,29_17,C,2025-09-17T14:59:00,29.8009,44.270302,-64,27,18.491,18.5424,12.603,9.6466,114.922,2.5908,0.3362,1.7864,27.221,26.1523,8.413,16.5,178.8,,0.02,0.3128,4.6117,0.05,0.3344,7.4372,1.125,10.6975
2025-09_ASTRA_29_17,2025-09_ASTRA,29_17,C,2025-09-17T14:59:00,29.8009,44.270302,-64,28,15.7601,18.5394,13.1745,10.6615,120.278,2.3053,0.3249,1.4753,28.229,24.594,,,,,,,,,,,,
2025-09_ASTRA_29_17,2025-09_ASTRA,29_17,C,2025-09-17T14:59:00,29.8009,44.270302,-64,29,14.256,18.5453,13.464,11.0168,120.509,1.7807,0.2513,1.1897,29.238,23.7564,,,,,,,,,,,,
2025-09_ASTRA_29_17,2025-09_ASTRA,29_17,C,2025-09-17T14:59:00,29.8009,44.270302,-64,30,13.0315,18.5507,13.6835,10.9415,116.638,1.2952,0.2025,0.9706,30.246,23.0814,,,,,,,,,,,,
2025-09_ASTRA_29_17,2025-09_ASTRA,29_17,C,2025-09-17T14:59:00,29.8009,44.270302,-64,31,11.8953,18.5848,13.8945,10.9648,114.073,1.0808,0.1845,0.8102,31.254,22.4932,,,,,,,,,,,,
2025-09_ASTRA_29_17,2025-09_ASTRA,29_17,C,2025-09-17T14:59:00,29.8009,44.270302,-64,32,11.3137,18.5871,13.9845,11.0162,113.159,0.9976,0.1777,0.6923,32.262,22.177,,,,,,,,,,,,
2025-09_ASTRA_29_17,2025-09_ASTRA,29_17,C,2025-09-17T14:59:00,29.8009,44.270302,-64,33,11.1219,18.597,14.0207,10.9087,111.588,0.9222,0.1685,0.5798,33.27,22.0831,,,,,,,,,,,,
2025-09_ASTRA_29_17,2025-09_ASTRA,29_17,C,2025-09-17T14:59:00,29.8009,44.270302,-64,34,10.9971,18.611,14.0499,10.6722,108.878,0.855,0.1693,0.4864,34.279,22.0304,,,,,,,,,,,,
2025-09_ASTRA_29_17,2025-09_ASTRA,29_17,C,2025-09-17T14:59:00,29.8009,44.270302,-64,35,10.6508,18.634,14.1175,10.4814,106.127,0.7715,0.1514,0.4345,35.287,21.8664,8.377,13.0,178.3,,0.0201,0.2742,5.6579,0.05,0.3591,7.4761,0.53,9.9386
2025-09_ASTRA_29_17,2025-09_ASTRA,29_17,C,2025-09-17T14:59:00,29.8009,44.270302,-64,36,10.4339,18.6502,14.1606,10.2338,103.131,0.7268,0.1394,0.3979,36.295,21.7657,,,,,,,,,,,,
2025-09_ASTRA_29_17,2025-09_ASTRA,29_17,C,2025-09-17T14:59:00,29.8009,44.270302,-64,37,10.1625,18.6663,14.2106,9.9175,99.344,0.697,0.1406,0.3568,37.304,21.6353,,,,,,,,,,,,
2025-09_ASTRA_29_17,2025-09_ASTRA,29_17,C,2025-09-17T14:59:00,29.8009,44.270302,-64,38,9.8108,18.6817,14.27,9.5107,94.521,0.6711,0.1491,0.3132,38.312,21.4606,,,,,,,,,,,,
2025-09_ASTRA_29_17,2025-09_ASTRA,29_17,C,2025-09-17T14:59:00,29.8009,44.270302,-64,39,9.6622,18.6901,14.296,9.0395,89.543,0.6493,0.1512,0.2721,39.321,21.3891,,,,,,,,,,,,
2025-09_ASTRA_29_17,2025-09_ASTRA,29_17,C,2025-09-17T14:59:00,29.8009,44.270302,-64,40,9.5312,18.7063,14.3255,8.5942,84.888,0.6399,0.1472,0.2438,40.329,21.3352,,,,,,,,,,,,
2025-09_ASTRA_29_17,2025-09_ASTRA,29_17,C,2025-09-17T14:59:00,29.8009,44.270302,-64,41,9.433,18.7184,14.3477,8.1527,80.354,0.5912,0.1562,0.2208,41.337,21.2949,,,,,,,,,,,,
2025-09_ASTRA_29_17,2025-09_ASTRA,29_17,C,2025-09-17T14:59:00,29.8009,44.270302,-64,42,9.3176,18.7312,14.3723,7.6404,75.114,0.5113,0.1664,0.199,42.345,21.2458,,,,,,,,,,,,
2025-09_ASTRA_29_17,2025-09_ASTRA,29_17,C,2025-09-17T14:59:00,29.8009,44.270302,-64,43,9.1722,18.7458,14.402,7.1748,70.306,0.4245,0.1719,0.1833,43.354,21.1825,,,,,,,,,,,,
2025-09_ASTRA_29_17,2025-09_ASTRA,29_17,C,2025-09-17T14:59:00,29.8009,44.270302,-64,44,9.1881,18.7492,14.4026,6.9659,68.289,0.3769,0.1729,0.1672,44.362,21.1949,,,,,,,,,,,,
2025-09_ASTRA_29_17,2025-09_ASTRA,29_17,C,2025-09-17T14:59:00,29.8009,44.270302,-64,45,9.1751,18.7552,14.4089,6.8829,67.458,0.3019,0.169,0.1508,45.37,21.1943,,,,,,,,,,,,
2025-09_ASTRA_29_17,2025-09_ASTRA,29_17,C,2025-09-17T14:59:00,29.8009,44.270302,-64,46,9.1609,18.761,14.4152,6.8025,66.651,0.2141,0.1605,0.135,46.379,21.193,,,,,,,,,,,,
2025-09_ASTRA_29_17,2025-09_ASTRA,29_17,C,2025-09-17T14:59:00,29.8009,44.270302,-64,47,9.1475,18.7657,14.4206,6.7376,65.996,0.1843,0.1576,0.1239,47.387,21.1909,,,,,,,,,,,,
2025-09_ASTRA_29_17,2025-09_ASTRA,29_17,C,2025-09-17T14:59:00,29.8009,44.270302,-64,48,9.1486,18.7697,14.4235,6.6969,65.601,0.1914,0.1535,0.113,48.396,21.1958,,,,,,,,,,,,
2025-09_ASTRA_29_17,2025-09_ASTRA,29_17,C,2025-09-17T14:59:00,29.8009,44.270302,-64,49,9.1442,18.7741,14.4275,6.6632,65.266,0.1499,0.1492,0.107,49.404,21.1983,,,,,,,,,,,,
2025-09_ASTRA_29_17,2025-09_ASTRA,29_17,C,2025-09-17T14:59:00,29.8009,44.270302,-64,50,9.1425,18.7771,14.4301,6.6322,64.961,0.1079,0.1541,0.1064,50.412,21.2008,,,,,,,,,,,,
2025-09_ASTRA_29_17,2025-09_ASTRA,29_17,C,2025-09-17T14:59:00,29.8009,44.270302,-64,51,9.1429,18.7796,14.4319,6.6042,64.689,0.0927,0.1521,0.1063,51.42,21.2038,,,,,,,,,,,,
2025-09_ASTRA_29_17,2025-09_ASTRA,29_17,C,2025-09-17T14:59:00,29.8009,44.270302,-64,52,9.1432,18.7825,14.4341,6.5779,64.433,0.085,0.1494,0.1063,52.428,21.2073,,,,,,,,,,,,
2025-09_ASTRA_29_17,2025-09_ASTRA,29_17,C,2025-09-17T14:59:00,29.8009,44.270302,-64,53,9.1428,18.7858,14.4368,6.5524,64.184,0.0897,0.1474,0.1063,53.437,21.2108,,,,,,,,,,,,
2025-09_ASTRA_29_17,2025-09_ASTRA,29_17,C,2025-09-17T14:59:00,29.8009,44.270302,-64,54,9.1428,18.7885,14.4389,6.5361,64.025,0.0883,0.151,0.1062,54.445,21.2139,,,,,,,,,,,,
2025-09_ASTRA_29_17,2025-09_ASTRA,29_17,C,2025-09-17T14:59:00,29.8009,44.270302,-64,55,9.1856,18.7913,14.4357,6.5106,63.839,0.0852,0.1561,0.1063,55.454,21.2402,,,,,,,,,,,,
2025-09_ASTRA_30_18,2025-09_ASTRA,30_18,C,2025-09-19T10:35:00,29.229601,44.587601,-27,1,22.1524,17.2626,10.7587,8.0407,101.944,1.5906,0.616,1206.9,1.008,26.4903,8.438,22.0,152.1,5.0,0.059,0.2919,4.2815,0.05,0.3674,6.0326,2.251,7.8433
2025-09_ASTRA_30_18,2025-09_ASTRA,30_18,C,2025-09-19T10:35:00,29.229601,44.587601,-27,2,22.1562,17.2649,10.7594,8.0068,101.523,1.6419,0.6155,704.23,2.017,26.4958,,,,,,,,,,,,
2025-09_ASTRA_30_18,2025-09_ASTRA,30_18,C,2025-09-19T10:35:00,29.229601,44.587601,-27,3,22.1547,17.2655,10.7603,8.0064,101.514,1.6462,0.6087,528.97,3.025,26.496,,,,,,,,,,,,
2025-09_ASTRA_30_18,2025-09_ASTRA,30_18,C,2025-09-19T10:35:00,29.229601,44.587601,-27,4,22.1556,17.2686,10.7624,8.0116,101.584,1.7225,0.6307,371.24,4.033,26.5011,,,,,,,,,,,,
2025-09_ASTRA_30_18,2025-09_ASTRA,30_18,C,2025-09-19T10:35:00,29.229601,44.587601,-27,5,22.1574,17.2734,10.7655,7.9258,100.503,1.7886,0.6616,257.1,5.04,26.5091,,,,,,,,,,,,
2025-09_ASTRA_30_18,2025-09_ASTRA,30_18,C,2025-09-19T10:35:00,29.229601,44.587601,-27,6,22.1584,17.274,10.7657,7.9026,100.211,1.788,0.6468,185.76,6.049,26.5107,,,,,,,,,,,,
2025-09_ASTRA_30_18,2025-09_ASTRA,30_18,C,2025-09-19T10:35:00,29.229601,44.587601,-27,7,22.1707,17.2861,10.7717,7.8785,99.936,1.8011,0.6528,138.44,7.058,26.5347,,,,,,,,,,,,
2025-09_ASTRA_30_18,2025-09_ASTRA,30_18,C,2025-09-19T10:35:00,29.229601,44.587601,-27,8,22.1647,17.2855,10.7728,7.8294,99.3,1.7664,0.686,105.19,8.066,26.5309,8.439,21.7,161.0,,0.0713,0.3272,4.6117,0.05,0.5127,9.8411,2.567,7.7594
2025-09_ASTRA_30_18,2025-09_ASTRA,30_18,C,2025-09-19T10:35:00,29.229601,44.587601,-27,9,22.1917,17.3054,10.7808,7.7525,98.385,1.7351,0.7448,79.362,9.073,26.5738,,,,,,,,,,,,
2025-09_ASTRA_30_18,2025-09_ASTRA,30_18,C,2025-09-19T10:35:00,29.229601,44.587601,-27,10,22.2034,17.3134,10.7839,7.6904,97.623,1.6289,0.6887,61.033,10.082,26.5918,,,,,,,,,,,,
2025-09_ASTRA_30_18,2025-09_ASTRA,30_18,C,2025-09-19T10:35:00,29.229601,44.587601,-27,11,22.225,17.3247,10.7869,7.6181,96.751,1.5252,0.6564,47.443,11.09,26.6198,,,,,,,,,,,,
2025-09_ASTRA_30_18,2025-09_ASTRA,30_18,C,2025-09-19T10:35:00,29.229601,44.587601,-27,12,22.2461,17.3362,10.7902,7.5479,95.902,1.4178,0.6315,37.383,12.098,26.6479,,,,,,,,,,,,
2025-09_ASTRA_30_18,2025-09_ASTRA,30_18,C,2025-09-19T10:35:00,29.229601,44.587601,-27,13,22.2669,17.3466,10.7927,7.5236,95.636,1.328,0.6282,29.3,13.106,26.6742,,,,,,,,,,,,
2025-09_ASTRA_30_18,2025-09_ASTRA,30_18,C,2025-09-19T10:35:00,29.229601,44.587601,-27,14,22.2977,17.3613,10.7958,7.5046,95.457,1.2677,0.6679,22.784,14.115,26.7121,,,,,,,,,,,,
2025-09_ASTRA_30_18,2025-09_ASTRA,30_18,C,2025-09-19T10:35:00,29.229601,44.587601,-27,15,22.3104,17.3671,10.7969,7.5172,95.644,1.2553,0.6884,17.743,15.123,26.7275,,,,,,,,,,,,
2025-09_ASTRA_30_18,2025-09_ASTRA,30_18,C,2025-09-19T10:35:00,29.229601,44.587601,-27,16,22.3197,17.3713,10.7978,7.4744,95.117,1.1857,0.6797,13.732,16.131,26.7389,8.427,21.8,175.8,,0.0981,0.3539,5.0133,0.05,0.7917,9.8244,2.331,7.2747
2025-09_ASTRA_30_18,2025-09_ASTRA,30_18,C,2025-09-19T10:35:00,29.229601,44.587601,-27,17,22.3659,17.3932,10.8023,7.4233,94.56,1.0743,0.6456,10.79,17.139,26.7955,,,,,,,,,,,,
2025-09_ASTRA_30_18,2025-09_ASTRA,30_18,C,2025-09-19T10:35:00,29.229601,44.587601,-27,18,22.4163,17.4171,10.8073,7.4278,94.718,1.0129,0.6694,8.695,18.147,26.8573,,,,,,,,,,,,
2025-09_ASTRA_30_18,2025-09_ASTRA,30_18,C,2025-09-19T10:35:00,29.229601,44.587601,-27,19,22.4863,17.4646,10.825,7.3305,93.622,0.9389,0.7496,7.0371,19.155,26.9633,,,,,,,,,,,,
2025-09_ASTRA_30_18,2025-09_ASTRA,30_18,C,2025-09-19T10:35:00,29.229601,44.587601,-27,20,22.623,17.5648,10.865,7.1935,92.157,0.866,0.9522,5.6469,20.164,27.1813,,,,,,,,,,,,
2025-09_ASTRA_30_18,2025-09_ASTRA,30_18,C,2025-09-19T10:35:00,29.229601,44.587601,-27,21,22.7605,17.6788,10.9151,7.0826,91.026,0.8447,1.1178,3.9209,21.172,27.4198,,,,,,,,,,,,
2025-09_ASTRA_31_19,2025-09_ASTRA,31_19,C,2025-09-19T12:55:00,29.059799,44.319302,-35,1,22.4849,17.514,10.8627,8.2846,105.835,2.5571,0.4324,852.9,1.008,27.0275,8.458,22.4,200.3,4.0,0.02,0.4692,2.7637,0.05,0.308,9.7161,4.415,8.0544
2025-09_ASTRA_31_19,2025-09_ASTRA,31_19,C,2025-09-19T12:55:00,29.059799,44.319302,-35,2,22.4865,17.5151,10.8631,8.2264,105.096,2.7234,0.4621,469.3,2.016,27.0302,,,,,,,,,,,,
2025-09_ASTRA_31_19,2025-09_ASTRA,31_19,C,2025-09-19T12:55:00,29.059799,44.319302,-35,3,22.4867,17.5155,10.8633,8.219,105.002,2.6602,0.4614,249.82,3.024,27.0311,,,,,,,,,,,,
2025-09_ASTRA_31_19,2025-09_ASTRA,31_19,C,2025-09-19T12:55:00,29.059799,44.319302,-35,4,22.4861,17.5158,10.8637,8.213,104.925,2.625,0.4447,123.28,4.033,27.0315,,,,,,,,,,,,
2025-09_ASTRA_31_19,2025-09_ASTRA,31_19,C,2025-09-19T12:55:00,29.059799,44.319302,-35,5,22.4849,17.5163,10.8644,8.1384,103.969,2.6705,0.4511,91.42,5.041,27.0317,,,,,,,,,,,,
2025-09_ASTRA_31_19,2025-09_ASTRA,31_19,C,2025-09-19T12:55:00,29.059799,44.319302,-35,6,22.4534,17.5285,10.8817,8.1045,103.483,2.6672,0.4393,80.484,6.049,27.0315,8.455,22.0,191.6,,0.02,0.4104,2.692,0.05,0.1971,9.669,4.45,7.9092
2025-09_ASTRA_31_19,2025-09_ASTRA,31_19,C,2025-09-19T12:55:00,29.059799,44.319302,-35,7,22.4334,17.5366,10.893,8.0432,102.668,2.602,0.4239,65.127,7.057,27.032,,,,,,,,,,,,
2025-09_ASTRA_31_19,2025-09_ASTRA,31_19,C,2025-09-19T12:55:00,29.059799,44.319302,-35,8,22.4119,17.5486,10.9076,7.9415,101.338,2.5454,0.4043,53.923,8.065,27.0371,,,,,,,,,,,,
2025-09_ASTRA_31_19,2025-09_ASTRA,31_19,C,2025-09-19T12:55:00,29.059799,44.319302,-35,9,22.4052,17.56,10.9179,7.9132,100.97,2.5096,0.3951,44.211,9.073,27.0497,,,,,,,,,,,,
2025-09_ASTRA_31_19,2025-09_ASTRA,31_19,C,2025-09-19T12:55:00,29.059799,44.319302,-35,10,22.4135,17.5703,10.9235,7.916,101.028,2.3822,0.3713,36.002,10.081,27.0689,,,,,,,,,,,,
2025-09_ASTRA_31_19,2025-09_ASTRA,31_19,C,2025-09-19T12:55:00,29.059799,44.319302,-35,11,22.4262,17.5863,10.9322,7.8997,100.851,2.2375,0.3548,28.225,11.09,27.0987,,,,,,,,,,,,
2025-09_ASTRA_31_19,2025-09_ASTRA,31_19,C,2025-09-19T12:55:00,29.059799,44.319302,-35,12,22.4296,17.5916,10.9354,7.8872,100.702,2.1432,0.3509,22.158,12.098,27.1084,,,,,,,,,,,,
2025-09_ASTRA_31_19,2025-09_ASTRA,31_19,C,2025-09-19T12:55:00,29.059799,44.319302,-35,13,22.4325,17.6008,10.9416,7.8075,99.696,2.0823,0.4242,17.884,13.106,27.1232,,,,,,,,,,,,
2025-09_ASTRA_31_19,2025-09_ASTRA,31_19,C,2025-09-19T12:55:00,29.059799,44.319302,-35,14,22.4362,17.6164,10.9524,7.752,99.002,2.0789,0.5889,14.467,14.114,27.1473,,,,,,,,,,,,
2025-09_ASTRA_31_19,2025-09_ASTRA,31_19,C,2025-09-19T12:55:00,29.059799,44.319302,-35,15,22.4361,17.6462,10.9749,7.7467,98.952,1.6537,0.3727,11.577,15.122,27.1894,8.443,21.9,194.4,,0.02,0.3067,2.579,0.05,0.5098,8.9611,3.281,7.5156
2025-09_ASTRA_31_19,2025-09_ASTRA,31_19,C,2025-09-19T12:55:00,29.059799,44.319302,-35,16,22.4391,17.6616,10.9857,7.5684,96.688,1.1903,0.2858,9.2174,16.13,27.2129,,,,,,,,,,,,
2025-09_ASTRA_31_19,2025-09_ASTRA,31_19,C,2025-09-19T12:55:00,29.059799,44.319302,-35,17,22.5319,17.7581,11.0343,7.3474,94.077,0.9163,0.3011,7.5428,17.139,27.4013,,,,,,,,,,,,
2025-09_ASTRA_31_19,2025-09_ASTRA,31_19,C,2025-09-19T12:55:00,29.059799,44.319302,-35,18,22.6253,17.8455,11.0758,7.3165,93.891,0.7786,0.2883,6.4366,18.147,27.5774,,,,,,,,,,,,
2025-09_ASTRA_31_19,2025-09_ASTRA,31_19,C,2025-09-19T12:55:00,29.059799,44.319302,-35,19,22.6252,17.8625,11.0888,7.3103,93.82,0.7205,0.2783,5.5005,19.155,27.6016,,,,,,,,,,,,
2025-09_ASTRA_31_19,2025-09_ASTRA,31_19,C,2025-09-19T12:55:00,29.059799,44.319302,-35,20,22.6137,17.8706,11.0978,7.316,93.876,0.6898,0.2793,4.583,20.164,27.6067,,,,,,,,,,,,
2025-09_ASTRA_31_19,2025-09_ASTRA,31_19,C,2025-09-19T12:55:00,29.059799,44.319302,-35,21,22.5999,17.8765,11.1059,7.3304,94.041,0.7022,0.2728,3.905,21.172,27.6074,,,,,,,,,,,,
2025-09_ASTRA_31_19,2025-09_ASTRA,31_19,C,2025-09-19T12:55:00,29.059799,44.319302,-35,22,22.5965,17.8825,11.1112,7.3416,94.182,0.7022,0.2623,3.389,22.18,27.6141,,,,,,,,,,,,
2025-09_ASTRA_31_19,2025-09_ASTRA,31_19,C,2025-09-19T12:55:00,29.059799,44.319302,-35,23,22.5784,17.8824,11.1158,7.3351,94.068,0.6414,0.2567,2.9431,23.188,27.6039,,,,,,,,,,,,
2025-09_ASTRA_31_19,2025-09_ASTRA,31_19,C,2025-09-19T12:55:00,29.059799,44.319302,-35,24,22.5906,17.8915,11.1196,7.3328,94.064,0.6119,0.2828,2.5272,24.196,27.624,,,,,,,,,,,,
2025-09_ASTRA_31_19,2025-09_ASTRA,31_19,C,2025-09-19T12:55:00,29.059799,44.319302,-35,25,22.5889,17.8931,11.1212,7.3168,93.856,0.5937,0.2791,2.2009,25.205,27.6254,,,,,,,,,,,,
2025-09_ASTRA_31_19,2025-09_ASTRA,31_19,C,2025-09-19T12:55:00,29.059799,44.319302,-35,26,22.5855,17.8941,11.1229,7.3269,93.981,0.5612,0.2493,1.9351,26.213,27.6252,,,,,,,,,,,,
2025-09_ASTRA_31_19,2025-09_ASTRA,31_19,C,2025-09-19T12:55:00,29.059799,44.319302,-35,27,22.577,17.8975,11.1276,7.312,93.777,0.5505,0.247,1.6928,27.221,27.6254,,,,,,,,,,,,
2025-09_ASTRA_31_19,2025-09_ASTRA,31_19,C,2025-09-19T12:55:00,29.059799,44.319302,-35,28,22.5614,17.9008,11.1341,7.2909,93.481,0.5459,0.2435,1.4748,28.229,27.6214,,,,,,,,,,,,
2025-09_ASTRA_31_19,2025-09_ASTRA,31_19,C,2025-09-19T12:55:00,29.059799,44.319302,-35,29,22.5512,17.9032,11.1386,7.301,93.595,0.531,0.2481,1.2916,29.237,27.6192,,,,,,,,,,,,
2025-09_ASTRA_31_19,2025-09_ASTRA,31_19,C,2025-09-19T12:55:00,29.059799,44.319302,-35,30,22.5277,17.9092,11.1493,7.3961,94.776,0.5699,0.2524,1.0584,30.247,27.6145,,,,,,,,,,,,
2025-09_ASTRA_32_20,2025-09_ASTRA,32_20,C,2025-09-19T15:21:00,28.9993,43.998199,-46,1,22.9113,18.5709,11.5471,7.5526,97.837,0.4249,0.1646,67.572,2.016,28.7607,8.414,23.0,192.7,13.0,0.3437,0.5858,14.9028,1.06,2.1931,6.0159,0.427,7.4651
2025-09_ASTRA_32_20,2025-09_ASTRA,32_20,C,2025-09-19T15:21:00,28.9993,43.998199,-46,2,22.9113,18.5709,11.5471,7.5526,97.837,0.4249,0.1646,67.572,2.016,28.7607,,,,,,,,,,,,
2025-09_ASTRA_32_20,2025-09_ASTRA,32_20,C,2025-09-19T15:21:00,28.9993,43.998199,-46,3,22.9147,18.5719,11.5469,7.524,97.473,0.4179,0.1841,68.835,3.024,28.7643,,,,,,,,,,,,
2025-09_ASTRA_32_20,2025-09_ASTRA,32_20,C,2025-09-19T15:21:00,28.9993,43.998199,-46,4,22.9212,18.5727,11.5458,7.4913,97.061,0.4214,0.161,60.699,4.033,28.7695,,,,,,,,,,,,
2025-09_ASTRA_32_20,2025-09_ASTRA,32_20,C,2025-09-19T15:21:00,28.9993,43.998199,-46,5,22.921,18.5725,11.5457,7.5076,97.272,0.4177,0.1512,44.462,5.041,28.7694,,,,,,,,,,,,
2025-09_ASTRA_32_20,2025-09_ASTRA,32_20,C,2025-09-19T15:21:00,28.9993,43.998199,-46,6,22.9205,18.5724,11.5458,7.5219,97.456,0.4152,0.1534,43.161,6.048,28.7693,,,,,,,,,,,,
2025-09_ASTRA_32_20,2025-09_ASTRA,32_20,C,2025-09-19T15:21:00,28.9993,43.998199,-46,7,22.923,18.5731,11.5456,7.5292,97.555,0.396,0.1504,37.334,7.057,28.7719,,,,,,,,,,,,
2025-09_ASTRA_32_20,2025-09_ASTRA,32_20,C,2025-09-19T15:21:00,28.9993,43.998199,-46,8,22.9191,18.5721,11.546,7.535,97.623,0.3982,0.156,31.77,8.065,28.7686,,,,,,,,,,,,
2025-09_ASTRA_32_20,2025-09_ASTRA,32_20,C,2025-09-19T15:21:00,28.9993,43.998199,-46,9,22.9206,18.5732,11.5463,7.5457,97.765,0.4177,0.1596,30.531,9.073,28.7712,,,,,,,,,,,,
2025-09_ASTRA_32_20,2025-09_ASTRA,32_20,C,2025-09-19T15:21:00,28.9993,43.998199,-46,10,22.9332,18.5792,11.5476,7.5589,97.962,0.4079,0.1439,27.673,10.081,28.7874,,,,,,,,,,,,
2025-09_ASTRA_32_20,2025-09_ASTRA,32_20,C,2025-09-19T15:21:00,28.9993,43.998199,-46,11,22.9309,18.5791,11.5481,7.5384,97.692,0.3983,0.1432,23.18,11.089,28.7862,,,,,,,,,,,,
2025-09_ASTRA_32_20,2025-09_ASTRA,32_20,C,2025-09-19T15:21:00,28.9993,43.998199,-46,12,22.9342,18.582,11.5493,7.5347,97.651,0.3949,0.1479,21.239,12.097,28.7924,,,,,,,,,,,,
2025-09_ASTRA_32_20,2025-09_ASTRA,32_20,C,2025-09-19T15:21:00,28.9993,43.998199,-46,13,22.9334,18.5848,11.5518,7.5478,97.821,0.3722,0.1441,19.256,13.105,28.7963,,,,,,,,,,,,
2025-09_ASTRA_32_20,2025-09_ASTRA,32_20,C,2025-09-19T15:21:00,28.9993,43.998199,-46,14,22.9327,18.5855,11.5524,7.5595,97.973,0.3752,0.1436,17.195,14.114,28.797,,,,,,,,,,,,
2025-09_ASTRA_32_20,2025-09_ASTRA,32_20,C,2025-09-19T15:21:00,28.9993,43.998199,-46,15,22.9307,18.5869,11.554,7.5393,97.707,0.3816,0.1389,15.29,15.122,28.7982,,,,,,,,,,,,
2025-09_ASTRA_32_20,2025-09_ASTRA,32_20,C,2025-09-19T15:21:00,28.9993,43.998199,-46,16,22.9299,18.5875,11.5546,7.5529,97.884,0.3762,0.1351,13.813,16.13,28.7987,,,,,,,,,,,,
2025-09_ASTRA_32_20,2025-09_ASTRA,32_20,C,2025-09-19T15:21:00,28.9993,43.998199,-46,17,22.9229,18.5875,11.5565,7.5672,98.055,0.3773,0.1444,12.497,17.138,28.7949,,,,,,,,,,,,
2025-09_ASTRA_32_20,2025-09_ASTRA,32_20,C,2025-09-19T15:21:00,28.9993,43.998199,-46,18,22.9127,18.588,11.5597,7.5501,97.817,0.373,0.1418,11.128,18.146,28.7899,,,,,,,,,,,,
2025-09_ASTRA_32_20,2025-09_ASTRA,32_20,C,2025-09-19T15:21:00,28.9993,43.998199,-46,19,22.9068,18.59,11.5627,7.5485,97.787,0.366,0.1451,9.9657,19.155,28.7894,,,,,,,,,,,,
2025-09_ASTRA_32_20,2025-09_ASTRA,32_20,C,2025-09-19T15:21:00,28.9993,43.998199,-46,20,22.9042,18.5931,11.5657,7.5101,97.286,0.3712,0.1467,8.8939,20.163,28.7926,,,,,,,,,,,,
2025-09_ASTRA_32_20,2025-09_ASTRA,32_20,C,2025-09-19T15:21:00,28.9993,43.998199,-46,21,22.9043,18.594,11.5664,7.4982,97.133,0.3819,0.1431,7.9934,21.171,28.7941,,,,,,,,,,,,
2025-09_ASTRA_32_20,2025-09_ASTRA,32_20,C,2025-09-19T15:21:00,28.9993,43.998199,-46,22,22.9045,18.5945,11.5667,7.541,97.687,0.3853,0.1421,7.2037,22.179,28.7952,,,,,,,,,,,,
2025-09_ASTRA_32_20,2025-09_ASTRA,32_20,C,2025-09-19T15:21:00,28.9993,43.998199,-46,23,22.9049,18.595,11.5669,7.5761,98.144,0.3811,0.1399,6.4317,23.187,28.7964,,,,,,,,,,,,
2025-09_ASTRA_32_20,2025-09_ASTRA,32_20,C,2025-09-19T15:21:00,28.9993,43.998199,-46,24,22.9063,18.5979,11.5688,7.4987,97.145,0.3807,0.1463,5.79,24.196,28.8016,,,,,,,,,,,,
2025-09_ASTRA_32_20,2025-09_ASTRA,32_20,C,2025-09-19T15:21:00,28.9993,43.998199,-46,25,22.9075,18.6001,11.57,7.4687,96.759,0.3806,0.156,5.2065,25.204,28.8056,,,,,,,,,,,,
2025-09_ASTRA_32_20,2025-09_ASTRA,32_20,C,2025-09-19T15:21:00,28.9993,43.998199,-46,26,22.9067,18.6017,11.5715,7.5086,97.276,0.3758,0.1433,4.6261,26.212,28.8077,,,,,,,,,,,,
2025-09_ASTRA_32_20,2025-09_ASTRA,32_20,C,2025-09-19T15:21:00,28.9993,43.998199,-46,27,22.9113,18.6015,11.5701,7.3826,95.651,0.3915,0.1393,4.2317,27.22,28.8104,,,,,,,,,,,,
2025-09_ASTRA_32_20,2025-09_ASTRA,32_20,C,2025-09-19T15:21:00,28.9993,43.998199,-46,28,22.9284,18.5939,11.5598,6.5929,85.44,0.5202,0.1512,3.8298,28.229,28.81,,,,,,,,,,,,
2025-09_ASTRA_32_20,2025-09_ASTRA,32_20,C,2025-09-19T15:21:00,28.9993,43.998199,-46,29,20.7182,18.5681,12.0929,6.2967,78.322,0.7335,0.1784,3.3737,29.237,27.4813,,,,,,,,,,,,
2025-09_ASTRA_32_20,2025-09_ASTRA,32_20,C,2025-09-19T15:21:00,28.9993,43.998199,-46,30,17.1102,18.547,12.9019,6.3342,73.455,0.8687,0.2137,2.9715,30.245,25.3708,,,,,,,,,,,,
2025-09_ASTRA_32_20,2025-09_ASTRA,32_20,C,2025-09-19T15:21:00,28.9993,43.998199,-46,31,15.4445,18.5255,13.2258,6.1976,69.467,0.9085,0.2509,2.5661,31.253,24.4005,8.215,15.9,190.5,,0.02,0.3483,1.0417,0.05,0.3964,9.1055,1.26,6.7748
2025-09_ASTRA_32_20,2025-09_ASTRA,32_20,C,2025-09-19T15:21:00,28.9993,43.998199,-46,32,13.5392,18.5593,13.6,6.899,74.294,0.8266,0.2743,2.107,32.261,23.3739,,,,,,,,,,,,
2025-09_ASTRA_32_20,2025-09_ASTRA,32_20,C,2025-09-19T15:21:00,28.9993,43.998199,-46,33,11.9655,18.6459,13.9303,7.7004,80.266,0.6254,0.2754,1.6563,33.27,22.6,,,,,,,,,,,,
2025-09_ASTRA_32_20,2025-09_ASTRA,32_20,C,2025-09-19T15:21:00,28.9993,43.998199,-46,34,11.881,18.6396,13.9386,7.7523,80.656,0.5799,0.2384,1.3564,34.278,22.5467,,,,,,,,,,,,
2025-09_ASTRA_32_20,2025-09_ASTRA,32_20,C,2025-09-19T15:21:00,28.9993,43.998199,-46,35,11.6547,18.6605,13.9899,7.8388,81.164,0.8162,0.2486,1.1527,35.286,22.4455,,,,,,,,,,,,
2025-09_ASTRA_32_20,2025-09_ASTRA,32_20,C,2025-09-19T15:21:00,28.9993,43.998199,-46,36,11.2622,18.6764,14.0613,8.2996,85.197,1.0074,0.2325,0.9689,36.294,22.2473,,,,,,,,,,,,
2025-09_ASTRA_32_20,2025-09_ASTRA,32_20,C,2025-09-19T15:21:00,28.9993,43.998199,-46,37,10.9564,18.6872,14.1149,8.3584,85.237,0.7271,0.1995,0.8145,37.303,22.0914,8.411,10.2,177.9,,0.23,0.4432,16.4918,1.06,0.4111,8.3338,0.609,7.4414
2025-09_ASTRA_32_20,2025-09_ASTRA,32_20,C,2025-09-19T15:21:00,28.9993,43.998199,-46,38,10.7608,18.7086,14.1597,7.7006,78.197,0.4003,0.2074,0.6971,38.311,22.0074,,,,,,,,,,,,
2025-09_ASTRA_32_20,2025-09_ASTRA,32_20,C,2025-09-19T15:21:00,28.9993,43.998199,-46,39,10.6968,18.718,14.1761,7.5177,76.237,0.3245,0.206,0.6049,39.319,21.9828,,,,,,,,,,,,
2025-09_ASTRA_32_20,2025-09_ASTRA,32_20,C,2025-09-19T15:21:00,28.9993,43.998199,-46,40,10.834,18.734,14.1687,7.6619,77.947,0.3162,0.1913,0.507,40.328,22.0756,,,,,,,,,,,,
2025-09_ASTRA_33_21,2025-09_ASTRA,33_21,C,2025-09-20T05:04:00,28.8598,43.680401,-57,1,22.9796,18.4649,11.4492,7.3929,95.829,0.7908,0.2215,226.98,1.008,28.6511,8.413,22.3,188.0,11.0,0.02,0.3498,1.913,0.05,0.3846,8.1145,0.832,7.355
2025-09_ASTRA_33_21,2025-09_ASTRA,33_21,C,2025-09-20T05:04:00,28.8598,43.680401,-57,2,22.9799,18.4655,11.4496,7.3443,95.199,0.8101,0.217,181.38,2.016,28.6523,,,,,,,,,,,,
2025-09_ASTRA_33_21,2025-09_ASTRA,33_21,C,2025-09-20T05:04:00,28.8598,43.680401,-57,3,22.9819,18.4672,11.4503,7.2831,94.411,0.8153,0.23,141.54,3.024,28.6562,,,,,,,,,,,,
2025-09_ASTRA_33_21,2025-09_ASTRA,33_21,C,2025-09-20T05:04:00,28.8598,43.680401,-57,4,22.982,18.4675,11.4505,7.3553,95.347,0.8185,0.2212,134.12,4.033,28.657,,,,,,,,,,,,
2025-09_ASTRA_33_21,2025-09_ASTRA,33_21,C,2025-09-20T05:04:00,28.8598,43.680401,-57,5,22.983,18.4682,11.4508,7.3462,95.231,0.8134,0.2168,109.9,5.04,28.6589,,,,,,,,,,,,
2025-09_ASTRA_33_21,2025-09_ASTRA,33_21,C,2025-09-20T05:04:00,28.8598,43.680401,-57,6,22.9786,18.4646,11.4493,7.2821,94.391,0.8233,0.2137,71.786,6.049,28.6515,,,,,,,,,,,,
2025-09_ASTRA_33_21,2025-09_ASTRA,33_21,C,2025-09-20T05:04:00,28.8598,43.680401,-57,7,22.977,18.4634,11.4487,7.3221,94.905,0.8061,0.2171,48.851,7.056,28.6491,,,,,,,,,,,,
2025-09_ASTRA_33_21,2025-09_ASTRA,33_21,C,2025-09-20T05:04:00,28.8598,43.680401,-57,8,22.9802,18.4661,11.45,7.366,95.482,0.7853,0.2193,41.395,8.065,28.655,,,,,,,,,,,,
2025-09_ASTRA_33_21,2025-09_ASTRA,33_21,C,2025-09-20T05:04:00,28.8598,43.680401,-57,9,22.98,18.466,11.45,7.368,95.506,0.7685,0.2218,37.325,9.073,28.6551,,,,,,,,,,,,
2025-09_ASTRA_33_21,2025-09_ASTRA,33_21,C,2025-09-20T05:04:00,28.8598,43.680401,-57,10,22.9793,18.4655,11.4498,7.3385,95.124,0.7393,0.2242,35.506,10.081,28.6542,,,,,,,,,,,,
2025-09_ASTRA_33_21,2025-09_ASTRA,33_21,C,2025-09-20T05:04:00,28.8598,43.680401,-57,11,22.9816,18.4684,11.4514,7.3738,95.585,0.718,0.2249,31.745,11.089,28.6599,,,,,,,,,,,,
2025-09_ASTRA_33_21,2025-09_ASTRA,33_21,C,2025-09-20T05:04:00,28.8598,43.680401,-57,12,22.9898,18.478,11.4564,7.3458,95.242,0.7103,0.2235,25.611,12.097,28.6785,,,,,,,,,,,,
2025-09_ASTRA_33_21,2025-09_ASTRA,33_21,C,2025-09-20T05:04:00,28.8598,43.680401,-57,13,22.9919,18.4795,11.4569,7.3042,94.708,0.7038,0.2184,20.879,13.105,28.6821,,,,,,,,,,,,
2025-09_ASTRA_33_21,2025-09_ASTRA,33_21,C,2025-09-20T05:04:00,28.8598,43.680401,-57,14,22.992,18.4798,11.4571,7.3642,95.485,0.6926,0.215,19.946,14.113,28.6829,,,,,,,,,,,,
2025-09_ASTRA_33_21,2025-09_ASTRA,33_21,C,2025-09-20T05:04:00,28.8598,43.680401,-57,15,22.9953,18.4842,11.4596,7.3982,95.935,0.6761,0.2093,18.674,15.121,28.6913,,,,,,,,,,,,
2025-09_ASTRA_33_21,2025-09_ASTRA,33_21,C,2025-09-20T05:04:00,28.8598,43.680401,-57,16,23.0025,18.4965,11.4669,7.4007,95.987,0.6659,0.2071,16.044,16.13,28.7132,,,,,,,,,,,,
2025-09_ASTRA_33_21,2025-09_ASTRA,33_21,C,2025-09-20T05:04:00,28.8598,43.680401,-57,17,23.005,18.501,11.4696,7.3902,95.857,0.6491,0.206,13.799,17.138,28.7213,,,,,,,,,,,,
2025-09_ASTRA_33_21,2025-09_ASTRA,33_21,C,2025-09-20T05:04:00,28.8598,43.680401,-57,18,23.0035,18.4988,11.4684,7.371,95.605,0.6414,0.2063,12.031,18.146,28.7176,,,,,,,,,,,,
2025-09_ASTRA_33_21,2025-09_ASTRA,33_21,C,2025-09-20T05:04:00,28.8598,43.680401,-57,19,23.0052,18.501,11.4696,7.3917,95.878,0.6348,0.2056,10.635,19.154,28.722,,,,,,,,,,,,
2025-09_ASTRA_33_21,2025-09_ASTRA,33_21,C,2025-09-20T05:04:00,28.8598,43.680401,-57,20,23.0162,18.5166,11.4785,7.4478,96.633,0.6083,0.2177,9.5635,20.162,28.7507,8.416,22.0,181.6,,0.02,0.2754,1.1406,0.05,0.3981,6.9264,0.512,7.328
2025-09_ASTRA_33_21,2025-09_ASTRA,33_21,C,2025-09-20T05:04:00,28.8598,43.680401,-57,21,23.0335,18.5435,11.4941,7.4514,96.725,0.5512,0.2062,8.4362,21.17,28.7992,,,,,,,,,,,,
2025-09_ASTRA_33_21,2025-09_ASTRA,33_21,C,2025-09-20T05:04:00,28.8598,43.680401,-57,22,23.0548,18.5734,11.511,7.4199,96.37,0.4904,0.1851,7.3081,22.178,28.8543,,,,,,,,,,,,
2025-09_ASTRA_33_21,2025-09_ASTRA,33_21,C,2025-09-20T05:04:00,28.8598,43.680401,-57,23,23.076,18.5917,11.5191,7.425,96.484,0.4428,0.1629,6.3146,23.187,28.8929,,,,,,,,,,,,
2025-09_ASTRA_33_21,2025-09_ASTRA,33_21,C,2025-09-20T05:04:00,28.8598,43.680401,-57,24,23.0743,18.5938,11.5211,7.4535,96.853,0.4275,0.143,5.6949,24.195,28.8952,,,,,,,,,,,,
2025-09_ASTRA_33_21,2025-09_ASTRA,33_21,C,2025-09-20T05:04:00,28.8598,43.680401,-57,25,23.0733,18.5944,11.5219,7.4316,96.566,0.4242,0.1398,5.213,25.203,28.8958,,,,,,,,,,,,
2025-09_ASTRA_33_21,2025-09_ASTRA,33_21,C,2025-09-20T05:04:00,28.8598,43.680401,-57,26,23.074,18.5973,11.5239,7.4086,96.271,0.4052,0.1395,4.6926,26.211,28.9005,,,,,,,,,,,,
2025-09_ASTRA_33_21,2025-09_ASTRA,33_21,C,2025-09-20T05:04:00,28.8598,43.680401,-57,27,23.0741,18.6015,11.5271,7.3901,96.032,0.3921,0.1429,4.1524,27.22,28.9068,,,,,,,,,,,,
2025-09_ASTRA_33_21,2025-09_ASTRA,33_21,C,2025-09-20T05:04:00,28.8598,43.680401,-57,28,23.065,18.6058,11.5326,7.422,96.434,0.3801,0.1435,3.6727,28.228,28.9078,,,,,,,,,,,,
2025-09_ASTRA_33_21,2025-09_ASTRA,33_21,C,2025-09-20T05:04:00,28.8598,43.680401,-57,29,23.0633,18.6106,11.5367,7.446,96.745,0.3637,0.1359,3.3227,29.236,28.9138,,,,,,,,,,,,
2025-09_ASTRA_33_21,2025-09_ASTRA,33_21,C,2025-09-20T05:04:00,28.8598,43.680401,-57,30,23.0679,18.6159,11.5395,7.265,94.404,0.3629,0.1295,3.0136,30.244,28.9243,,,,,,,,,,,,
2025-09_ASTRA_33_21,2025-09_ASTRA,33_21,C,2025-09-20T05:04:00,28.8598,43.680401,-57,31,23.036,18.6305,11.5588,6.8984,89.596,0.4441,0.1351,2.6948,31.252,28.9262,,,,,,,,,,,,
2025-09_ASTRA_33_21,2025-09_ASTRA,33_21,C,2025-09-20T05:04:00,28.8598,43.680401,-57,32,22.7405,18.5347,11.5643,7.3155,94.43,0.8564,0.1582,2.3999,32.261,28.6172,,,,,,,,,,,,
2025-09_ASTRA_33_21,2025-09_ASTRA,33_21,C,2025-09-20T05:04:00,28.8598,43.680401,-57,33,17.2526,18.6217,12.9465,9.6312,112.343,1.3278,0.1876,2.1319,33.269,25.5401,,,,,,,,,,,,
2025-09_ASTRA_33_21,2025-09_ASTRA,33_21,C,2025-09-20T05:04:00,28.8598,43.680401,-57,34,14.645,18.5897,13.429,10.785,118.987,1.4551,0.2154,1.825,34.277,24.0271,,,,,,,,,,,,
2025-09_ASTRA_33_21,2025-09_ASTRA,33_21,C,2025-09-20T05:04:00,28.8598,43.680401,-57,35,13.4305,18.5739,13.6323,11.0523,118.834,1.6362,0.2461,1.4892,35.285,23.3311,,,,,,,,,,,,
2025-09_ASTRA_33_21,2025-09_ASTRA,33_21,C,2025-09-20T05:04:00,28.8598,43.680401,-57,36,12.2807,18.5897,13.8367,10.6351,111.592,1.6014,0.2426,1.2208,36.293,22.7123,8.377,15.2,187.5,,0.0888,0.3332,10.6959,0.05,0.3864,8.1728,1.389,10.3975
2025-09_ASTRA_33_21,2025-09_ASTRA,33_21,C,2025-09-20T05:04:00,28.8598,43.680401,-57,37,11.3139,18.5964,13.9913,9.3982,96.57,1.2725,0.21,1.0035,37.302,22.1888,,,,,,,,,,,,
2025-09_ASTRA_33_21,2025-09_ASTRA,33_21,C,2025-09-20T05:04:00,28.8598,43.680401,-57,38,9.9348,18.6703,14.245,7.9706,79.42,0.793,0.1797,0.8297,38.309,21.5159,,,,,,,,,,,,
2025-09_ASTRA_33_21,2025-09_ASTRA,33_21,C,2025-09-20T05:04:00,28.8598,43.680401,-57,39,9.739,18.675,14.2741,7.2586,72.018,0.4282,0.173,0.718,39.318,21.4149,,,,,,,,,,,,
2025-09_ASTRA_33_21,2025-09_ASTRA,33_21,C,2025-09-20T05:04:00,28.8598,43.680401,-57,40,9.7343,18.6912,14.2874,7.0732,70.182,0.2876,0.1777,0.6366,40.326,21.4297,,,,,,,,,,,,
2025-09_ASTRA_33_21,2025-09_ASTRA,33_21,C,2025-09-20T05:04:00,28.8598,43.680401,-57,41,9.7092,18.7082,14.3039,7.0196,69.619,0.2487,0.172,0.5823,41.335,21.4341,,,,,,,,,,,,
2025-09_ASTRA_33_21,2025-09_ASTRA,33_21,C,2025-09-20T05:04:00,28.8598,43.680401,-57,42,9.6926,18.7232,14.3177,6.9706,69.114,0.2336,0.173,0.5498,42.343,21.4411,,,,,,,,,,,,
2025-09_ASTRA_33_21,2025-09_ASTRA,33_21,C,2025-09-20T05:04:00,28.8598,43.680401,-57,43,9.6829,18.7374,14.33,6.9271,68.672,0.2114,0.175,0.5032,43.351,21.451,,,,,,,,,,,,
2025-09_ASTRA_33_21,2025-09_ASTRA,33_21,C,2025-09-20T05:04:00,28.8598,43.680401,-57,44,9.6817,18.7509,14.3407,6.9111,68.519,0.1873,0.1653,0.4551,44.359,21.4648,,,,,,,,,,,,
2025-09_ASTRA_33_21,2025-09_ASTRA,33_21,C,2025-09-20T05:04:00,28.8598,43.680401,-57,45,9.6801,18.7627,14.3501,6.9155,68.565,0.1858,0.152,0.4125,45.368,21.4766,,,,,,,,,,,,
2025-09_ASTRA_33_21,2025-09_ASTRA,33_21,C,2025-09-20T05:04:00,28.8598,43.680401,-57,46,9.6732,18.7732,14.3591,6.9018,68.424,0.1817,0.1517,0.3736,46.376,21.4841,,,,,,,,,,,,
2025-09_ASTRA_33_21,2025-09_ASTRA,33_21,C,2025-09-20T05:04:00,28.8598,43.680401,-57,47,9.6753,18.7822,14.3659,6.8756,68.17,0.168,0.1553,0.3345,47.384,21.495,,,,,,,,,,,,
2025-09_ASTRA_33_21,2025-09_ASTRA,33_21,C,2025-09-20T05:04:00,28.8598,43.680401,-57,48,9.6719,18.7901,14.3724,6.863,68.043,0.1701,0.1507,0.3028,48.393,21.5016,,,,,,,,,,,,
2025-09_ASTRA_33_21,2025-09_ASTRA,33_21,C,2025-09-20T05:04:00,28.8598,43.680401,-57,49,9.6747,18.8074,14.3855,6.8308,67.736,0.1758,0.1472,0.265,49.401,21.5216,,,,,,,,,,,,
2025-09_ASTRA_33_21,2025-09_ASTRA,33_21,C,2025-09-20T05:04:00,28.8598,43.680401,-57,50,9.6802,18.842,14.4117,6.7355,66.814,0.1736,0.1752,0.2137,50.409,21.561,,,,,,,,,,,,
2025-09_ASTRA_34_22,2025-09_ASTRA,34_22,C,2025-09-20T07:50:00,29.3002,43.678699,-68,1,22.8691,18.6732,11.6353,7.607,98.523,0.1988,0.1855,911.61,1.008,28.8795,8.431,22.6,189.3,18.0,0.02,0.2559,0.1232,0.05,0.315,6.4989,0.125,7.6064
2025-09_ASTRA_34_22,2025-09_ASTRA,34_22,C,2025-09-20T07:50:00,29.3002,43.678699,-68,2,22.8702,18.6733,11.6351,7.6781,99.447,0.2073,0.1869,603.51,2.017,28.8805,,,,,,,,,,,,
2025-09_ASTRA_34_22,2025-09_ASTRA,34_22,C,2025-09-20T07:50:00,29.3002,43.678699,-68,3,22.8704,18.6733,11.635,7.6626,99.246,0.2101,0.1649,399.93,3.024,28.8809,,,,,,,,,,,,
2025-09_ASTRA_34_22,2025-09_ASTRA,34_22,C,2025-09-20T07:50:00,29.3002,43.678699,-68,4,22.8711,18.6734,11.6348,7.6353,98.894,0.2045,0.1769,306.9,4.032,28.8817,,,,,,,,,,,,
2025-09_ASTRA_34_22,2025-09_ASTRA,34_22,C,2025-09-20T07:50:00,29.3002,43.678699,-68,5,22.8678,18.6734,11.6358,7.6371,98.911,0.2014,0.1687,283.44,5.04,28.8801,,,,,,,,,,,,
2025-09_ASTRA_34_22,2025-09_ASTRA,34_22,C,2025-09-20T07:50:00,29.3002,43.678699,-68,6,22.8712,18.6734,11.6348,7.615,98.632,0.2085,0.1846,248.89,6.049,28.8823,,,,,,,,,,,,
2025-09_ASTRA_34_22,2025-09_ASTRA,34_22,C,2025-09-20T07:50:00,29.3002,43.678699,-68,7,22.8682,18.6733,11.6356,7.6871,99.56,0.2113,0.1539,220.46,7.057,28.8806,,,,,,,,,,,,
2025-09_ASTRA_34_22,2025-09_ASTRA,34_22,C,2025-09-20T07:50:00,29.3002,43.678699,-68,8,22.865,18.6732,11.6363,7.6698,99.329,0.2302,0.1613,193.01,8.065,28.8788,,,,,,,,,,,,
2025-09_ASTRA_34_22,2025-09_ASTRA,34_22,C,2025-09-20T07:50:00,29.3002,43.678699,-68,9,22.864,18.6732,11.6367,7.6226,98.716,0.2604,0.1622,175.65,9.073,28.8786,,,,,,,,,,,,
2025-09_ASTRA_34_22,2025-09_ASTRA,34_22,C,2025-09-20T07:50:00,29.3002,43.678699,-68,10,22.863,18.6732,11.6369,7.6568,99.158,0.2798,0.1535,166.31,10.081,28.8782,,,,,,,,,,,,
2025-09_ASTRA_34_22,2025-09_ASTRA,34_22,C,2025-09-20T07:50:00,29.3002,43.678699,-68,11,22.8626,18.6732,11.637,7.6277,98.78,0.2982,0.1463,156.05,11.089,28.8782,,,,,,,,,,,,
2025-09_ASTRA_34_22,2025-09_ASTRA,34_22,C,2025-09-20T07:50:00,29.3002,43.678699,-68,12,22.8618,18.6732,11.6372,7.5913,98.307,0.3237,0.1541,149.88,12.097,28.8781,,,,,,,,,,,,
2025-09_ASTRA_34_22,2025-09_ASTRA,34_22,C,2025-09-20T07:50:00,29.3002,43.678699,-68,13,22.8611,18.6732,11.6374,7.5848,98.222,0.3345,0.1567,140.97,13.105,28.8779,,,,,,,,,,,,
2025-09_ASTRA_34_22,2025-09_ASTRA,34_22,C,2025-09-20T07:50:00,29.3002,43.678699,-68,14,22.8609,18.6732,11.6374,7.6045,98.477,0.3266,0.1583,124.04,14.114,28.878,8.438,22.2,183.8,,0.02,0.2334,0.0986,0.05,0.217,7.8091,0.95,7.4538
2025-09_ASTRA_34_22,2025-09_ASTRA,34_22,C,2025-09-20T07:50:00,29.3002,43.678699,-68,15,22.8587,18.6733,11.6381,7.6545,99.12,0.3248,0.1549,121.04,15.122,28.877,,,,,,,,,,,,
2025-09_ASTRA_34_22,2025-09_ASTRA,34_22,C,2025-09-20T07:50:00,29.3002,43.678699,-68,16,22.8591,18.6729,11.6377,7.6826,99.485,0.3217,0.1499,102.84,16.13,28.8771,,,,,,,,,,,,
2025-09_ASTRA_34_22,2025-09_ASTRA,34_22,C,2025-09-20T07:50:00,29.3002,43.678699,-68,17,22.8568,18.6731,11.6384,7.6504,99.064,0.3317,0.1508,89.893,17.137,28.8762,,,,,,,,,,,,
2025-09_ASTRA_34_22,2025-09_ASTRA,34_22,C,2025-09-20T07:50:00,29.3002,43.678699,-68,18,22.8579,18.673,11.6381,7.6036,98.459,0.3298,0.1518,84.831,18.146,28.8771,,,,,,,,,,,,
2025-09_ASTRA_34_22,2025-09_ASTRA,34_22,C,2025-09-20T07:50:00,29.3002,43.678699,-68,19,22.8609,18.6733,11.6375,7.6423,98.967,0.3363,0.1483,77.226,19.154,28.8795,,,,,,,,,,,,
2025-09_ASTRA_34_22,2025-09_ASTRA,34_22,C,2025-09-20T07:50:00,29.3002,43.678699,-68,20,22.8583,18.673,11.638,7.6909,99.591,0.3329,0.1503,67.039,20.162,28.8779,,,,,,,,,,,,
2025-09_ASTRA_34_22,2025-09_ASTRA,34_22,C,2025-09-20T07:50:00,29.3002,43.678699,-68,21,22.851,18.6726,11.6396,7.6536,99.094,0.3353,0.1535,64.444,21.17,28.8732,,,,,,,,,,,,
2025-09_ASTRA_34_22,2025-09_ASTRA,34_22,C,2025-09-20T07:50:00,29.3002,43.678699,-68,22,22.8511,18.6725,11.6396,7.5945,98.33,0.3596,0.1492,62.811,22.179,28.8734,,,,,,,,,,,,
2025-09_ASTRA_34_22,2025-09_ASTRA,34_22,C,2025-09-20T07:50:00,29.3002,43.678699,-68,23,22.8518,18.6728,11.6395,7.6324,98.822,0.3723,0.1485,55.487,23.187,28.8745,,,,,,,,,,,,
2025-09_ASTRA_34_22,2025-09_ASTRA,34_22,C,2025-09-20T07:50:00,29.3002,43.678699,-68,24,22.851,18.6726,11.6396,7.6346,98.849,0.3594,0.1476,50.686,24.195,28.874,,,,,,,,,,,,
2025-09_ASTRA_34_22,2025-09_ASTRA,34_22,C,2025-09-20T07:50:00,29.3002,43.678699,-68,25,22.8487,18.6722,11.6399,7.6226,98.688,0.3651,0.155,47.232,25.203,28.8723,,,,,,,,,,,,
2025-09_ASTRA_34_22,2025-09_ASTRA,34_22,C,2025-09-20T07:50:00,29.3002,43.678699,-68,26,22.8441,18.6712,11.6404,7.6206,98.653,0.3766,0.1624,43.777,26.211,28.8685,,,,,,,,,,,,
2025-09_ASTRA_34_22,2025-09_ASTRA,34_22,C,2025-09-20T07:50:00,29.3002,43.678699,-68,27,22.8282,18.6686,11.6427,7.4918,96.957,0.3969,0.1595,39.946,27.22,28.8557,,,,,,,,,,,,
2025-09_ASTRA_34_22,2025-09_ASTRA,34_22,C,2025-09-20T07:50:00,29.3002,43.678699,-68,28,22.7677,18.6623,11.6538,7.2739,94.03,0.5067,0.1579,36.945,28.228,28.8112,,,,,,,,,,,,
2025-09_ASTRA_34_22,2025-09_ASTRA,34_22,C,2025-09-20T07:50:00,29.3002,43.678699,-68,29,20.0993,18.6227,12.2742,8.6503,106.01,1.0065,0.177,34.691,29.236,27.1937,,,,,,,,,,,,
2025-09_ASTRA_34_22,2025-09_ASTRA,34_22,C,2025-09-20T07:50:00,29.3002,43.678699,-68,30,15.9214,18.5741,13.157,10.5625,119.314,1.3808,0.196,33.432,30.244,24.7323,,,,,,,,,,,,
2025-09_ASTRA_34_22,2025-09_ASTRA,34_22,C,2025-09-20T07:50:00,29.3002,43.678699,-68,31,13.6996,18.5503,13.5657,11.3838,123.052,1.5726,0.2235,28.908,31.252,23.4531,,,,,,,,,,,,
2025-09_ASTRA_34_22,2025-09_ASTRA,34_22,C,2025-09-20T07:50:00,29.3002,43.678699,-68,32,12.6224,18.5445,13.7459,11.2669,119.059,1.6149,0.24,23.41,32.261,22.8492,,,,,,,,,,,,
2025-09_ASTRA_34_22,2025-09_ASTRA,34_22,C,2025-09-20T07:50:00,29.3002,43.678699,-68,33,11.7087,18.5708,13.9118,11.1628,115.654,1.5141,0.2176,19.223,33.269,22.3759,8.437,22.1,182.4,,0.02,0.3799,4.8964,0.05,0.2157,7.6371,0.593,10.6097
2025-09_ASTRA_34_22,2025-09_ASTRA,34_22,C,2025-09-20T07:50:00,29.3002,43.678699,-68,34,11.4575,18.5689,13.9489,10.8027,111.3,1.4509,0.196,15.741,34.277,22.2363,,,,,,,,,,,,
2025-09_ASTRA_34_22,2025-09_ASTRA,34_22,C,2025-09-20T07:50:00,29.3002,43.678699,-68,35,10.7547,18.6422,14.109,10.2594,104.124,1.3054,0.1676,12.355,35.285,21.9321,,,,,,,,,,,,
2025-09_ASTRA_34_22,2025-09_ASTRA,34_22,C,2025-09-20T07:50:00,29.3002,43.678699,-68,36,10.2335,18.6391,14.1799,9.7332,97.636,1.0993,0.1609,10.461,36.294,21.6448,,,,,,,,,,,,
2025-09_ASTRA_34_22,2025-09_ASTRA,34_22,C,2025-09-20T07:50:00,29.3002,43.678699,-68,37,9.9632,18.6752,14.2444,9.1321,91.077,1.0212,0.1442,9.311,37.302,21.5363,,,,,,,,,,,,
2025-09_ASTRA_34_22,2025-09_ASTRA,34_22,C,2025-09-20T07:50:00,29.3002,43.678699,-68,38,9.6679,18.7012,14.3038,8.6116,85.33,0.9197,0.1391,8.3064,38.31,21.4035,,,,,,,,,,,,
2025-09_ASTRA_34_22,2025-09_ASTRA,34_22,C,2025-09-20T07:50:00,29.3002,43.678699,-68,39,9.5342,18.7375,14.3495,7.8952,78.006,0.7711,0.1492,7.4182,39.318,21.3692,,,,,,,,,,,,
2025-09_ASTRA_34_22,2025-09_ASTRA,34_22,C,2025-09-20T07:50:00,29.3002,43.678699,-68,40,9.4982,18.7756,14.3838,7.1691,70.793,0.5779,0.1607,6.8766,40.327,21.3896,,,,,,,,,,,,
2025-09_ASTRA_34_22,2025-09_ASTRA,34_22,C,2025-09-20T07:50:00,29.3002,43.678699,-68,41,9.429,18.7939,14.4069,6.6915,65.98,0.4116,0.162,6.0326,41.335,21.3713,,,,,,,,,,,,
2025-09_ASTRA_34_22,2025-09_ASTRA,34_22,C,2025-09-20T07:50:00,29.3002,43.678699,-68,42,9.3839,18.8073,14.4231,6.4477,63.516,0.2832,0.1575,5.1492,42.343,21.361,,,,,,,,,,,,
2025-09_ASTRA_34_22,2025-09_ASTRA,34_22,C,2025-09-20T07:50:00,29.3002,43.678699,-68,43,9.3734,18.815,14.4305,6.3642,62.681,0.1923,0.1579,4.9078,43.351,21.3636,,,,,,,,,,,,
2025-09_ASTRA_34_22,2025-09_ASTRA,34_22,C,2025-09-20T07:50:00,29.3002,43.678699,-68,44,9.3683,18.8208,14.4356,6.3281,62.321,0.1716,0.1671,4.4552,44.359,21.367,,,,,,,,,,,,
2025-09_ASTRA_34_22,2025-09_ASTRA,34_22,C,2025-09-20T07:50:00,29.3002,43.678699,-68,45,9.3682,18.8277,14.4409,6.3148,62.193,0.1659,0.1623,3.6408,45.368,21.3744,,,,,,,,,,,,
2025-09_ASTRA_34_22,2025-09_ASTRA,34_22,C,2025-09-20T07:50:00,29.3002,43.678699,-68,46,9.3761,18.8331,14.4441,6.2932,61.993,0.1699,0.164,2.7118,46.376,21.3846,,,,,,,,,,,,
2025-09_ASTRA_34_22,2025-09_ASTRA,34_22,C,2025-09-20T07:50:00,29.3002,43.678699,-68,47,9.3675,18.8357,14.4473,6.2735,61.788,0.1516,0.1634,2.5933,47.384,21.383,,,,,,,,,,,,
2025-09_ASTRA_34_22,2025-09_ASTRA,34_22,C,2025-09-20T07:50:00,29.3002,43.678699,-68,48,9.3656,18.839,14.4501,6.256,61.614,0.143,0.1604,2.4512,48.393,21.3856,,,,,,,,,,,,
2025-09_ASTRA_34_22,2025-09_ASTRA,34_22,C,2025-09-20T07:50:00,29.3002,43.678699,-68,49,9.371,18.842,14.4518,6.2489,61.553,0.1307,0.1566,2.413,49.401,21.392,,,,,,,,,,,,
2025-09_ASTRA_34_22,2025-09_ASTRA,34_22,C,2025-09-20T07:50:00,29.3002,43.678699,-68,50,9.3661,18.8433,14.4534,6.2498,61.555,0.1182,0.1659,2.2221,50.409,21.391,,,,,,,,,,,,
2025-09_ASTRA_34_22,2025-09_ASTRA,34_22,C,2025-09-20T07:50:00,29.3002,43.678699,-68,51,9.3608,18.8444,14.4549,6.2461,61.512,0.1121,0.1581,2.0132,51.418,21.3895,,,,,,,,,,,,
2025-09_ASTRA_34_22,2025-09_ASTRA,34_22,C,2025-09-20T07:50:00,29.3002,43.678699,-68,52,9.3552,18.8451,14.4562,6.2454,61.497,0.1105,0.1481,1.8078,52.426,21.3875,,,,,,,,,,,,
2025-09_ASTRA_34_22,2025-09_ASTRA,34_22,C,2025-09-20T07:50:00,29.3002,43.678699,-68,53,9.3508,18.8464,14.4578,6.245,61.489,0.1243,0.1481,1.5489,53.434,21.3867,,,,,,,,,,,,
2025-09_ASTRA_34_22,2025-09_ASTRA,34_22,C,2025-09-20T07:50:00,29.3002,43.678699,-68,54,9.3509,18.8468,14.458,6.2485,61.523,0.1098,0.1467,1.2472,54.442,21.3875,,,,,,,,,,,,
2025-09_ASTRA_34_22,2025-09_ASTRA,34_22,C,2025-09-20T07:50:00,29.3002,43.678699,-68,55,9.3433,18.8467,14.4589,6.2413,61.441,0.1047,0.1506,1.2529,55.451,21.3835,,,,,,,,,,,,
2025-09_ASTRA_34_22,2025-09_ASTRA,34_22,C,2025-09-20T07:50:00,29.3002,43.678699,-68,56,9.3362,18.8472,14.4602,6.2424,61.443,0.0985,0.1523,1.16,56.459,21.3804,,,,,,,,,,,,
2025-09_ASTRA_34_22,2025-09_ASTRA,34_22,C,2025-09-20T07:50:00,29.3002,43.678699,-68,57,9.3308,18.8476,14.4613,6.2603,61.611,0.092,0.1433,0.9434,57.468,21.3782,,,,,,,,,,,,
2025-09_ASTRA_34_22,2025-09_ASTRA,34_22,C,2025-09-20T07:50:00,29.3002,43.678699,-68,58,9.337,18.8467,14.4598,6.2578,61.595,0.0848,0.1448,0.7384,58.476,21.381,,,,,,,,,,,,
2025-09_ASTRA_34_22,2025-09_ASTRA,34_22,C,2025-09-20T07:50:00,29.3002,43.678699,-68,59,9.3211,18.847,14.4621,6.257,61.565,0.0953,0.1472,0.7836,59.484,21.3729,,,,,,,,,,,,
2025-09_ASTRA_34_22,2025-09_ASTRA,34_22,C,2025-09-20T07:50:00,29.3002,43.678699,-68,60,9.3146,18.847,14.4629,6.265,61.635,0.1041,0.1539,0.6945,60.493,21.3696,,,,,,,,,,,,
2025-09_ASTRA_34_22,2025-09_ASTRA,34_22,C,2025-09-20T07:50:00,29.3002,43.678699,-68,61,9.3184,18.8466,14.462,6.2938,61.923,0.0913,0.1461,0.6383,61.501,21.3715,,,,,,,,,,,,
2025-09_ASTRA_34_22,2025-09_ASTRA,34_22,C,2025-09-20T07:50:00,29.3002,43.678699,-68,62,9.3201,18.8462,14.4615,6.3161,62.145,0.0921,0.138,0.6373,62.509,21.3722,,,,,,,,,,,,
2025-09_ASTRA_35_26,2025-09_ASTRA,35_26,C,2025-09-20T12:11:00,28.989799,43.130699,-1320,1,22.9835,18.7015,11.6263,7.726,100.29,0.1646,0.1821,1139.9,1.008,28.9873,8.426,23.0,178.5,17.0,0.02,0.2348,0.06,0.05,0.2099,6.0298,0.232,7.5708
2025-09_ASTRA_35_26,2025-09_ASTRA,35_26,C,2025-09-20T12:11:00,28.989799,43.130699,-1320,2,22.9846,18.7014,11.626,7.7166,100.17,0.1702,0.1538,764.05,2.016,28.9881,,,,,,,,,,,,
2025-09_ASTRA_35_26,2025-09_ASTRA,35_26,C,2025-09-20T12:11:00,28.989799,43.130699,-1320,3,22.9822,18.7015,11.6267,7.6607,99.44,0.1889,0.1559,645.22,3.024,28.987,,,,,,,,,,,,
2025-09_ASTRA_35_26,2025-09_ASTRA,35_26,C,2025-09-20T12:11:00,28.989799,43.130699,-1320,4,22.9549,18.7015,11.6338,7.6435,99.168,0.2148,0.1568,419.82,4.032,28.971,,,,,,,,,,,,
2025-09_ASTRA_35_26,2025-09_ASTRA,35_26,C,2025-09-20T12:11:00,28.989799,43.130699,-1320,5,22.9185,18.7022,11.6441,7.6411,99.071,0.2233,0.1573,277.28,5.04,28.9506,,,,,,,,,,,,
2025-09_ASTRA_35_26,2025-09_ASTRA,35_26,C,2025-09-20T12:11:00,28.989799,43.130699,-1320,6,22.9027,18.702,11.6481,7.6443,99.085,0.2297,0.1516,192.17,6.048,28.9412,,,,,,,,,,,,
2025-09_ASTRA_35_26,2025-09_ASTRA,35_26,C,2025-09-20T12:11:00,28.989799,43.130699,-1320,7,22.8784,18.7003,11.6532,7.6797,99.499,0.2456,0.142,154.63,7.056,28.9247,,,,,,,,,,,,
2025-09_ASTRA_35_26,2025-09_ASTRA,35_26,C,2025-09-20T12:11:00,28.989799,43.130699,-1320,8,22.8582,18.6973,11.6563,7.6809,99.476,0.2616,0.1432,113.22,8.064,28.9087,,,,,,,,,,,,
2025-09_ASTRA_35_26,2025-09_ASTRA,35_26,C,2025-09-20T12:11:00,28.989799,43.130699,-1320,9,22.8486,18.6966,11.6583,7.6253,98.737,0.2746,0.1524,99.896,9.072,28.9023,,,,,,,,,,,,
2025-09_ASTRA_35_26,2025-09_ASTRA,35_26,C,2025-09-20T12:11:00,28.989799,43.130699,-1320,10,22.842,18.6956,11.6594,7.6139,98.577,0.2896,0.1622,94.59,10.081,28.8973,,,,,,,,,,,,
2025-09_ASTRA_35_26,2025-09_ASTRA,35_26,C,2025-09-20T12:11:00,28.989799,43.130699,-1320,11,22.8264,18.6938,11.6619,7.638,98.86,0.313,0.1484,89.266,11.088,28.8856,,,,,,,,,,,,
2025-09_ASTRA_35_26,2025-09_ASTRA,35_26,C,2025-09-20T12:11:00,28.989799,43.130699,-1320,12,22.8243,18.6937,11.6625,7.6666,99.227,0.329,0.1402,89.998,12.097,28.8846,,,,,,,,,,,,
2025-09_ASTRA_35_26,2025-09_ASTRA,35_26,C,2025-09-20T12:11:00,28.989799,43.130699,-1320,13,22.8158,18.6925,11.6639,7.6744,99.311,0.3434,0.1506,88.022,13.105,28.8782,,,,,,,,,,,,
2025-09_ASTRA_35_26,2025-09_ASTRA,35_26,C,2025-09-20T12:11:00,28.989799,43.130699,-1320,14,22.8006,18.6896,11.6657,7.6502,98.968,0.3699,0.155,81.418,14.113,28.8653,,,,,,,,,,,,
2025-09_ASTRA_35_26,2025-09_ASTRA,35_26,C,2025-09-20T12:11:00,28.989799,43.130699,-1320,15,22.7941,18.6877,11.666,7.6449,98.887,0.3901,0.1546,76.91,15.121,28.859,,,,,,,,,,,,
2025-09_ASTRA_35_26,2025-09_ASTRA,35_26,C,2025-09-20T12:11:00,28.989799,43.130699,-1320,16,22.7915,18.687,11.6661,7.6847,99.398,0.3912,0.1466,73.368,16.129,28.8568,,,,,,,,,,,,
2025-09_ASTRA_35_26,2025-09_ASTRA,35_26,C,2025-09-20T12:11:00,28.989799,43.130699,-1320,17,22.7885,18.6862,11.6663,7.6947,99.521,0.4066,0.1596,68.855,17.137,28.8541,,,,,,,,,,,,
2025-09_ASTRA_35_26,2025-09_ASTRA,35_26,C,2025-09-20T12:11:00,28.989799,43.130699,-1320,18,22.7794,18.6845,11.6675,7.648,98.898,0.4257,0.1785,63.972,18.145,28.8467,,,,,,,,,,,,
2025-09_ASTRA_35_26,2025-09_ASTRA,35_26,C,2025-09-20T12:11:00,28.989799,43.130699,-1320,19,22.777,18.6842,11.6678,7.6305,98.668,0.4318,0.1548,59.987,19.153,28.845,,,,,,,,,,,,
2025-09_ASTRA_35_26,2025-09_ASTRA,35_26,C,2025-09-20T12:11:00,28.989799,43.130699,-1320,20,22.7721,18.6843,11.6692,7.6522,98.94,0.4359,0.1443,57.076,20.161,28.8425,,,,,,,,,,,,
2025-09_ASTRA_35_26,2025-09_ASTRA,35_26,C,2025-09-20T12:11:00,28.989799,43.130699,-1320,21,22.7671,18.6843,11.6705,7.6134,98.43,0.4383,0.1458,53.778,21.169,28.8398,,,,,,,,,,,,
2025-09_ASTRA_35_26,2025-09_ASTRA,35_26,C,2025-09-20T12:11:00,28.989799,43.130699,-1320,22,22.7595,18.6839,11.6722,7.5608,97.736,0.4508,0.15,49.566,22.177,28.8351,,,,,,,,,,,,
2025-09_ASTRA_35_26,2025-09_ASTRA,35_26,C,2025-09-20T12:11:00,28.989799,43.130699,-1320,23,22.7384,18.6823,11.6766,7.3275,94.683,0.4706,0.1497,45.147,23.185,28.8205,,,,,,,,,,,,
2025-09_ASTRA_35_26,2025-09_ASTRA,35_26,C,2025-09-20T12:11:00,28.989799,43.130699,-1320,24,22.4414,18.6587,11.7361,7.0012,89.964,0.527,0.1567,41.39,24.194,28.612,,,,,,,,,,,,
2025-09_ASTRA_35_26,2025-09_ASTRA,35_26,C,2025-09-20T12:11:00,28.989799,43.130699,-1320,25,19.3845,18.6414,12.4702,7.7884,94.397,0.6724,0.1861,38.144,25.202,26.7983,,,,,,,,,,,,
2025-09_ASTRA_35_26,2025-09_ASTRA,35_26,C,2025-09-20T12:11:00,28.989799,43.130699,-1320,26,14.1635,18.6576,13.5678,9.2815,101.405,0.7769,0.1769,33.395,26.21,23.8349,,,,,,,,,,,,
2025-09_ASTRA_35_26,2025-09_ASTRA,35_26,C,2025-09-20T12:11:00,28.989799,43.130699,-1320,27,12.7481,18.6105,13.7771,9.6211,101.98,0.7816,0.1681,27.479,27.218,22.9913,8.325,15.6,180.5,,0.0436,0.2672,4.6268,0.05,0.3579,6.5989,0.528,9.3395
2025-09_ASTRA_35_26,2025-09_ASTRA,35_26,C,2025-09-20T12:11:00,28.989799,43.130699,-1320,28,11.8394,18.6195,13.93,9.6732,100.539,0.7563,0.1671,22.424,28.226,22.4997,,,,,,,,,,,,
2025-09_ASTRA_35_26,2025-09_ASTRA,35_26,C,2025-09-20T12:11:00,28.989799,43.130699,-1320,29,11.5495,18.6187,13.9737,9.5599,98.728,0.7933,0.1692,18.664,29.234,22.34,,,,,,,,,,,,
2025-09_ASTRA_35_26,2025-09_ASTRA,35_26,C,2025-09-20T12:11:00,28.989799,43.130699,-1320,30,11.1285,18.6267,14.0429,9.6011,98.246,0.8673,0.1781,15.942,30.242,22.1181,,,,,,,,,,,,
2025-09_ASTRA_35_26,2025-09_ASTRA,35_26,C,2025-09-20T12:11:00,28.989799,43.130699,-1320,31,10.9598,18.6536,14.0883,9.5646,97.524,0.9269,0.1813,12.989,31.25,22.0552,,,,,,,,,,,,
2025-09_ASTRA_35_26,2025-09_ASTRA,35_26,C,2025-09-20T12:11:00,28.989799,43.130699,-1320,32,10.7408,18.6752,14.1367,9.4959,96.367,1.0028,0.1851,10.524,32.259,21.959,,,,,,,,,,,,
2025-09_ASTRA_35_26,2025-09_ASTRA,35_26,C,2025-09-20T12:11:00,28.989799,43.130699,-1320,33,10.5299,18.689,14.1773,9.4257,95.213,1.0772,0.1902,9.2813,33.267,21.8587,,,,,,,,,,,,
2025-09_ASTRA_35_26,2025-09_ASTRA,35_26,C,2025-09-20T12:11:00,28.989799,43.130699,-1320,34,10.3409,18.7106,14.2205,9.3804,94.369,1.1018,0.1907,8.0563,34.275,21.7788,,,,,,,,,,,,
2025-09_ASTRA_35_26,2025-09_ASTRA,35_26,C,2025-09-20T12:11:00,28.989799,43.130699,-1320,35,10.2032,18.7245,14.2502,9.3328,93.608,1.0638,0.1874,6.9994,35.284,21.7187,8.303,13.6,184.8,,0.0902,0.3089,4.9586,0.11,0.3817,6.8986,0.831,9.0383
2025-09_ASTRA_35_26,2025-09_ASTRA,35_26,C,2025-09-20T12:11:00,28.989799,43.130699,-1320,36,10.1213,18.743,14.2758,9.2896,93.015,0.9361,0.1735,5.8644,36.292,21.6938,,,,,,,,,,,,
2025-09_ASTRA_35_26,2025-09_ASTRA,35_26,C,2025-09-20T12:11:00,28.989799,43.130699,-1320,37,10.0844,18.7525,14.2882,9.2029,92.075,0.7531,0.1518,5.0727,37.3,21.684,,,,,,,,,,,,
2025-09_ASTRA_35_26,2025-09_ASTRA,35_26,C,2025-09-20T12:11:00,28.989799,43.130699,-1320,38,9.8426,18.763,14.3288,9.1648,91.202,0.5867,0.1348,4.8197,38.308,21.5635,,,,,,,,,,,,
2025-09_ASTRA_35_26,2025-09_ASTRA,35_26,C,2025-09-20T12:11:00,28.989799,43.130699,-1320,39,9.6756,18.7658,14.353,9.1061,90.277,0.466,0.1229,4.369,39.316,21.4756,,,,,,,,,,,,
2025-09_ASTRA_35_26,2025-09_ASTRA,35_26,C,2025-09-20T12:11:00,28.989799,43.130699,-1320,40,9.5287,18.7725,14.3774,9.0676,89.599,0.3905,0.1181,3.9582,40.324,21.4029,,,,,,,,,,,,
2025-09_ASTRA_35_26,2025-09_ASTRA,35_26,C,2025-09-20T12:11:00,28.989799,43.130699,-1320,41,9.4679,18.7773,14.389,9.0618,89.421,0.3236,0.1152,3.6212,41.332,21.3752,,,,,,,,,,,,
2025-09_ASTRA_35_26,2025-09_ASTRA,35_26,C,2025-09-20T12:11:00,28.989799,43.130699,-1320,42,9.4009,18.7963,14.4124,9.1112,89.782,0.2621,0.118,3.2232,42.341,21.3588,,,,,,,,,,,,
2025-09_ASTRA_35_26,2025-09_ASTRA,35_26,C,2025-09-20T12:11:00,28.989799,43.130699,-1320,43,9.2682,18.8141,14.4431,9.1254,89.66,0.1938,0.121,2.992,43.349,21.3053,,,,,,,,,,,,
2025-09_ASTRA_35_26,2025-09_ASTRA,35_26,C,2025-09-20T12:11:00,28.989799,43.130699,-1320,44,9.3327,18.8414,14.4561,9.0585,89.15,0.1482,0.1153,2.8467,44.358,21.369,,,,,,,,,,,,
2025-09_ASTRA_35_26,2025-09_ASTRA,35_26,C,2025-09-20T12:11:00,28.989799,43.130699,-1320,45,9.2889,18.8585,14.4751,9.0341,88.831,0.1182,0.1138,2.7119,45.365,21.3632,,,,,,,,,,,,
2025-09_ASTRA_35_26,2025-09_ASTRA,35_26,C,2025-09-20T12:11:00,28.989799,43.130699,-1320,46,9.2459,18.8672,14.4873,9.0194,88.604,0.1025,0.1168,2.3028,46.374,21.3491,,,,,,,,,,,,
2025-09_ASTRA_35_26,2025-09_ASTRA,35_26,C,2025-09-20T12:11:00,28.989799,43.130699,-1320,47,9.1599,18.8661,14.4972,9.0052,88.29,0.1053,0.1181,1.8061,47.382,21.3014,,,,,,,,,,,,
2025-09_ASTRA_35_26,2025-09_ASTRA,35_26,C,2025-09-20T12:11:00,28.989799,43.130699,-1320,48,9.0923,18.8696,14.5084,8.9568,87.682,0.1042,0.1181,1.6206,48.39,21.2684,,,,,,,,,,,,
2025-09_ASTRA_35_26,2025-09_ASTRA,35_26,C,2025-09-20T12:11:00,28.989799,43.130699,-1320,49,9.0787,18.8845,14.5217,8.8581,86.698,0.0955,0.1182,1.4082,49.398,21.2766,,,,,,,,,,,,
2025-09_ASTRA_35_26,2025-09_ASTRA,35_26,C,2025-09-20T12:11:00,28.989799,43.130699,-1320,50,9.0652,18.9006,14.5359,8.81,86.208,0.0881,0.1191,1.2379,50.407,21.2862,,,,,,,,,,,,
2025-09_ASTRA_35_26,2025-09_ASTRA,35_26,C,2025-09-20T12:11:00,28.989799,43.130699,-1320,51,8.9768,18.9071,14.5518,8.8096,86.033,0.0858,0.1211,1.2413,51.415,21.2449,,,,,,,,,,,,
2025-09_ASTRA_35_26,2025-09_ASTRA,35_26,C,2025-09-20T12:11:00,28.989799,43.130699,-1320,52,8.8995,18.9164,14.5687,8.7489,85.294,0.0753,0.1195,1.3064,52.423,21.2127,,,,,,,,,,,,
2025-09_ASTRA_35_26,2025-09_ASTRA,35_26,C,2025-09-20T12:11:00,28.989799,43.130699,-1320,53,8.8599,18.9293,14.5835,8.6921,84.67,0.0682,0.119,1.3157,53.431,21.2046,,,,,,,,,,,,
2025-09_ASTRA_35_26,2025-09_ASTRA,35_26,C,2025-09-20T12:11:00,28.989799,43.130699,-1320,54,8.8311,18.9438,14.5983,8.6755,84.461,0.0612,0.122,1.2668,54.439,21.2041,,,,,,,,,,,,
2025-09_ASTRA_35_26,2025-09_ASTRA,35_26,C,2025-09-20T12:11:00,28.989799,43.130699,-1320,55,8.7941,18.9558,14.6121,8.649,84.137,0.0561,0.144,1.193,55.448,21.1964,,,,,,,,,,,,
2025-09_ASTRA_35_26,2025-09_ASTRA,35_26,C,2025-09-20T12:11:00,28.989799,43.130699,-1320,56,8.7662,18.9697,14.6264,8.6124,83.736,0.0512,0.1841,1.033,56.457,21.1957,,,,,,,,,,,,
2025-09_ASTRA_35_26,2025-09_ASTRA,35_26,C,2025-09-20T12:11:00,28.989799,43.130699,-1320,57,8.7318,18.9831,14.641,8.5689,83.253,0.053,0.1455,0.779,57.465,21.191,,,,,,,,,,,,
2025-09_ASTRA_35_26,2025-09_ASTRA,35_26,C,2025-09-20T12:11:00,28.989799,43.130699,-1320,58,8.6905,18.9981,14.6576,8.5009,82.522,0.0505,0.1262,0.7772,58.473,21.184,,,,,,,,,,,,
2025-09_ASTRA_35_26,2025-09_ASTRA,35_26,C,2025-09-20T12:11:00,28.989799,43.130699,-1320,59,8.6541,19.0143,14.6747,8.4203,81.68,0.0509,0.1221,0.7776,59.481,21.1809,,,,,,,,,,,,
2025-09_ASTRA_35_26,2025-09_ASTRA,35_26,C,2025-09-20T12:11:00,28.989799,43.130699,-1320,60,8.6214,19.0365,14.6959,8.3267,80.722,0.0423,0.1257,0.55,60.489,21.186,,,,,,,,,,,,
2025-09_ASTRA_35_26,2025-09_ASTRA,35_26,C,2025-09-20T12:11:00,28.989799,43.130699,-1320,61,8.6267,19.0706,14.7219,8.0478,78.044,0.0428,0.1213,0.633,61.498,21.224,,,,,,,,,,,,
2025-09_ASTRA_35_26,2025-09_ASTRA,35_26,C,2025-09-20T12:11:00,28.989799,43.130699,-1320,62,8.7007,19.1138,14.7467,7.6719,74.547,0.0435,0.1116,0.702,62.506,21.3088,,,,,,,,,,,,
2025-09_ASTRA_35_26,2025-09_ASTRA,35_26,C,2025-09-20T12:11:00,28.989799,43.130699,-1320,63,8.7097,19.1431,14.7684,7.3751,71.693,0.0391,0.1093,0.6376,63.515,21.3439,,,,,,,,,,,,
2025-09_ASTRA_35_26,2025-09_ASTRA,35_26,C,2025-09-20T12:11:00,28.989799,43.130699,-1320,64,8.7203,19.174,14.7913,7.1369,69.407,0.0412,0.1086,0.4747,64.523,21.3816,,,,,,,,,,,,
2025-09_ASTRA_35_26,2025-09_ASTRA,35_26,C,2025-09-20T12:11:00,28.989799,43.130699,-1320,65,8.737,19.2117,14.8187,6.8562,66.721,0.0457,0.1089,0.3455,65.531,21.4295,,,,,,,,,,,,
2025-09_ASTRA_35_26,2025-09_ASTRA,35_26,C,2025-09-20T12:11:00,28.989799,43.130699,-1320,66,8.759,19.2509,14.8466,6.5292,63.586,0.0447,0.1094,0.4021,66.539,21.482,,,,,,,,,,,,
2025-09_ASTRA_35_26,2025-09_ASTRA,35_26,C,2025-09-20T12:11:00,28.989799,43.130699,-1320,67,8.7737,19.2789,14.8667,6.2647,61.041,0.0428,0.1127,0.4669,67.548,21.519,,,,,,,,,,,,
2025-09_ASTRA_35_26,2025-09_ASTRA,35_26,C,2025-09-20T12:11:00,28.989799,43.130699,-1320,68,8.7921,19.3046,14.8844,6.0581,59.063,0.0529,0.1111,0.4449,68.556,21.5557,,,,,,,,,,,,
2025-09_ASTRA_35_26,2025-09_ASTRA,35_26,C,2025-09-20T12:11:00,28.989799,43.130699,-1320,69,8.8073,19.335,14.9063,5.8439,57.006,0.0466,0.1125,0.4066,69.564,21.5956,,,,,,,,,,,,
2025-09_ASTRA_35_26,2025-09_ASTRA,35_26,C,2025-09-20T12:11:00,28.989799,43.130699,-1320,70,8.8161,19.3628,14.9269,5.6377,55.016,0.038,0.1116,0.3669,70.573,21.6291,,,,,,,,,,,,
2025-09_ASTRA_35_26,2025-09_ASTRA,35_26,C,2025-09-20T12:11:00,28.989799,43.130699,-1320,71,8.8411,19.4027,14.9549,5.389,52.633,0.0415,0.1127,0.3184,71.581,21.6841,,,,,,,,,,,,
2025-09_ASTRA_35_26,2025-09_ASTRA,35_26,C,2025-09-20T12:11:00,28.989799,43.130699,-1320,72,8.8536,19.4468,14.9878,5.1317,50.148,0.0504,0.1149,0.2599,72.59,21.7364,,,,,,,,,,,,
2025-09_ASTRA_35_26,2025-09_ASTRA,35_26,C,2025-09-20T12:11:00,28.989799,43.130699,-1320,73,8.8809,19.4986,15.0249,4.8598,47.537,0.0505,0.1197,0.2199,73.598,21.805,,,,,,,,,,,,
2025-09_ASTRA_35_26,2025-09_ASTRA,35_26,C,2025-09-20T12:11:00,28.989799,43.130699,-1320,74,8.8966,19.5429,15.0575,4.5719,44.75,0.0419,0.149,0.2098,74.607,21.8594,,,,,,,,,,,,
2025-09_ASTRA_35_26,2025-09_ASTRA,35_26,C,2025-09-20T12:11:00,28.989799,43.130699,-1320,75,8.9185,19.5942,15.0947,4.2661,41.791,0.0447,0.1566,0.2023,75.615,21.9245,,,,,,,,,,,,
2025-09_ASTRA_35_26,2025-09_ASTRA,35_26,C,2025-09-20T12:11:00,28.989799,43.130699,-1320,76,8.9297,19.6351,15.1253,3.9823,39.031,0.0518,0.1312,0.1892,76.623,21.973,,,,,,,,,,,,
2025-09_ASTRA_35_26,2025-09_ASTRA,35_26,C,2025-09-20T12:11:00,28.989799,43.130699,-1320,77,8.9511,19.6903,15.1655,3.6775,36.074,0.0515,0.1278,0.172,77.632,22.0417,,,,,,,,,,,,
2025-09_ASTRA_35_26,2025-09_ASTRA,35_26,C,2025-09-20T12:11:00,28.989799,43.130699,-1320,78,8.9774,19.7472,15.2067,3.3519,32.913,0.0576,0.1266,0.1557,78.64,22.1153,,,,,,,,,,,,
2025-09_ASTRA_35_26,2025-09_ASTRA,35_26,C,2025-09-20T12:11:00,28.989799,43.130699,-1320,79,8.983,19.7853,15.2356,3.0651,30.107,0.0646,0.1283,0.1395,79.648,22.1577,,,,,,,,,,,,
2025-09_ASTRA_35_26,2025-09_ASTRA,35_26,C,2025-09-20T12:11:00,28.989799,43.130699,-1320,80,8.9882,19.8114,15.2554,2.8691,28.19,0.066,0.1284,0.1297,80.657,22.1877,,,,,,,,,,,,
2025-09_ASTRA_35_26,2025-09_ASTRA,35_26,C,2025-09-20T12:11:00,28.989799,43.130699,-1320,81,8.9919,19.8313,15.2704,2.7246,26.776,0.0432,0.1348,0.1165,81.665,22.2104,,,,,,,,,,,,
2025-09_ASTRA_35_26,2025-09_ASTRA,35_26,C,2025-09-20T12:11:00,28.989799,43.130699,-1320,82,8.997,19.8509,15.285,2.5916,25.475,0.0486,0.1366,0.1064,82.674,22.2337,,,,,,,,,,,,
2025-09_ASTRA_35_26,2025-09_ASTRA,35_26,C,2025-09-20T12:11:00,28.989799,43.130699,-1320,83,9.0009,19.87,15.2994,2.4596,24.183,0.0554,0.1405,0.1042,83.682,22.2558,,,,,,,,,,,,
2025-09_ASTRA_35_26,2025-09_ASTRA,35_26,C,2025-09-20T12:11:00,28.989799,43.130699,-1320,84,9.0048,19.8887,15.3135,2.3402,23.014,0.054,0.1437,0.104,84.69,22.2774,,,,,,,,,,,,
2025-09_ASTRA_35_26,2025-09_ASTRA,35_26,C,2025-09-20T12:11:00,28.989799,43.130699,-1320,85,9.0099,19.907,15.3271,2.2371,22.006,0.0492,0.1398,0.1048,85.699,22.2994,,,,,,,,,,,,
2025-09_ASTRA_35_26,2025-09_ASTRA,35_26,C,2025-09-20T12:11:00,28.989799,43.130699,-1320,86,9.0145,19.9301,15.3446,2.1273,20.931,0.0493,0.1325,0.1059,86.707,22.326,,,,,,,,,,,,
2025-09_ASTRA_35_26,2025-09_ASTRA,35_26,C,2025-09-20T12:11:00,28.989799,43.130699,-1320,87,9.0171,19.957,15.3652,2.0003,19.685,0.0551,0.1305,0.1063,87.716,22.3553,,,,,,,,,,,,
2025-09_ASTRA_35_26,2025-09_ASTRA,35_26,C,2025-09-20T12:11:00,28.989799,43.130699,-1320,88,9.0189,19.9844,15.3863,1.8452,18.164,0.0605,0.1379,0.1064,88.724,22.3847,,,,,,,,,,,,
2025-09_ASTRA_35_26,2025-09_ASTRA,35_26,C,2025-09-20T12:11:00,28.989799,43.130699,-1320,89,9.0216,20.0031,15.4006,1.7019,16.756,0.0654,0.1387,0.1065,89.733,22.4057,,,,,,,,,,,,
2025-09_ASTRA_35_26,2025-09_ASTRA,35_26,C,2025-09-20T12:11:00,28.989799,43.130699,-1320,90,9.0233,20.0222,15.4153,1.5921,15.677,0.0605,0.1412,0.1065,90.741,22.4265,,,,,,,,,,,,
2025-09_ASTRA_35_26,2025-09_ASTRA,35_26,C,2025-09-20T12:11:00,28.989799,43.130699,-1320,91,9.0244,20.036,15.4258,1.5131,14.9,0.0586,0.1421,0.1065,91.749,22.4415,,,,,,,,,,,,
2025-09_ASTRA_35_26,2025-09_ASTRA,35_26,C,2025-09-20T12:11:00,28.989799,43.130699,-1320,92,9.024,20.0516,15.438,1.4389,14.172,0.0601,0.1415,0.1065,92.758,22.4576,,,,,,,,,,,,
2025-09_ASTRA_35_26,2025-09_ASTRA,35_26,C,2025-09-20T12:11:00,28.989799,43.130699,-1320,93,9.0244,20.0669,15.45,1.3541,13.338,0.0637,0.1415,0.1065,93.766,22.4738,,,,,,,,,,,,
2025-09_ASTRA_35_26,2025-09_ASTRA,35_26,C,2025-09-20T12:11:00,28.989799,43.130699,-1320,94,9.0231,20.0866,15.4655,1.2899,12.707,0.06,0.1498,0.1065,94.775,22.4935,,,,,,,,,,,,
2025-09_ASTRA_35_26,2025-09_ASTRA,35_26,C,2025-09-20T12:11:00,28.989799,43.130699,-1320,95,9.0213,20.1058,15.4806,1.2099,11.92,0.0562,0.1607,0.1065,95.783,22.5123,,,,,,,,,,,,
2025-09_ASTRA_35_26,2025-09_ASTRA,35_26,C,2025-09-20T12:11:00,28.989799,43.130699,-1320,96,9.024,20.121,15.4921,1.1171,11.007,0.0512,0.1514,0.1065,96.792,22.5298,,,,,,,,,,,,
2025-09_ASTRA_35_26,2025-09_ASTRA,35_26,C,2025-09-20T12:11:00,28.989799,43.130699,-1320,97,9.0222,20.1369,15.5048,1.0549,10.395,0.0544,0.1502,0.1065,97.8,22.5454,,,,,,,,,,,,
2025-09_ASTRA_35_26,2025-09_ASTRA,35_26,C,2025-09-20T12:11:00,28.989799,43.130699,-1320,98,9.0235,20.1455,15.5114,0.9519,9.381,0.0581,0.1541,0.1065,98.808,22.5552,,,,,,,,,,,,
2025-09_ASTRA_35_26,2025-09_ASTRA,35_26,C,2025-09-20T12:11:00,28.989799,43.130699,-1320,99,9.0259,20.1628,15.5245,0.8341,8.221,0.0597,0.142,0.1065,99.817,22.5746,,,,,,,,,,,,
2025-09_ASTRA_35_26,2025-09_ASTRA,35_26,C,2025-09-20T12:11:00,28.989799,43.130699,-1320,100,9.0264,20.1813,15.5388,0.7435,7.329,0.0608,0.1362,0.1065,100.826,22.5941,,,,,,,,,,,,
2025-09_ASTRA_35_26,2025-09_ASTRA,35_26,C,2025-09-20T12:11:00,28.989799,43.130699,-1320,101,9.0339,20.1802,15.5371,0.7315,7.212,0.049,0.1299,0.1065,101.834,22.5977,,,,,,,,,,,,
